product_id,name,category,brand,price_last_day,price_change_pct_7d,prob_price_drop,predicted_drop
P00001,Gap T-Shirts Blue,Tops,Gap,129.7,-33.47353303241691,0.9999993089000891,1
P02118,North Face Blouses Blue,Tops,North Face,83.27,-30.6834262881878,0.9999993089000891,1
P02120,Levi's Evening White,Dresses,Levi's,130.37,-44.858943450492745,0.9999993089000891,1
P02121,Uniqlo Evening Brown,Dresses,Uniqlo,49.68,-28.19771643301055,0.9999993089000891,1
P02122,Converse Loafers Blue,Footwear,Converse,16.45,-47.56136436085433,0.9999993089000891,1
P02123,Gap Jeans Red,Bottoms,Gap,46.86,-25.35839439311883,0.9999993089000891,1
P02124,Levi's Vests Green,Outerwear,Levi's,39.7,-28.96761495795312,0.9999993089000891,1
P02125,Adidas Casual Black,Dresses,Adidas,43.29,-20.74331746612962,0.9999993089000891,1
P02126,Zara Sneakers Brown,Footwear,Zara,28.13,-23.890692640692645,0.9999993089000891,1
P02127,Gap Jackets Navy,Outerwear,Gap,143.73,-32.47991732043032,0.9999993089000891,1
P02128,Nike Coats Blue,Outerwear,Nike,138.92,-28.80278802788029,0.9999993089000891,1
P02129,Massimo Dutti Coats Navy,Outerwear,Massimo Dutti,117.84,-27.833915120338045,0.9999993089000891,1
P02130,Levi's Skirts Black,Bottoms,Levi's,195.31,-13.895869153110263,0.9999993089000891,1
P02131,Gap Evening Brown,Dresses,Gap,110.07,-34.94296353212365,0.9999993089000891,1
P02132,Levi's Pants Navy,Bottoms,Levi's,164.37,-7.72987537891545,0.9999993089000891,1
P02133,Zara Boots Blue,Footwear,Zara,160.87,-32.07077104974242,0.9999993089000891,1
P02134,Levi's Evening Gray,Dresses,Levi's,16.98,-34.9674454232095,0.9999993089000891,1
P02135,Zara Hoodies Red,Tops,Zara,31.72,-34.5979381443299,0.9999993089000891,1
P02136,Mango Pants Black,Bottoms,Mango,25.1,-45.83513163573586,0.9999993089000891,1
P02137,Steve Madden Boots Red,Footwear,Steve Madden,177.86,-21.02131438721136,0.9999993089000891,1
P02138,Steve Madden Blazers Blue,Outerwear,Steve Madden,140.84,-25.776021080368906,0.9999993089000891,1
P02139,Gap Pants Navy,Bottoms,Gap,11.91,-25.97886886264761,0.9999993089000891,1
P02140,Converse Sandals Navy,Footwear,Converse,96.94,-38.39994916438966,0.9999993089000891,1
P02119,H&M Jackets Black,Outerwear,H&M,91.96,-32.924872355944565,0.9999993089000891,1
P02117,Adidas Casual Blue,Dresses,Adidas,198.15,-17.3272696929239,0.9999993089000891,1
P02142,Adidas Shorts Black,Bottoms,Adidas,153.22,-25.37138960596172,0.9999993089000891,1
P02116,Uniqlo Evening Brown,Dresses,Uniqlo,42.09,-23.653183384727004,0.9999993089000891,1
P02094,Gap Blouses Green,Tops,Gap,103.55,-7.288029366997942,0.9999993089000891,1
P02095,Levi's Sweaters White,Tops,Levi's,29.88,-33.18425760286225,0.9999993089000891,1
P02096,Converse Hoodies Pink,Tops,Converse,111.13,-33.01386377335745,0.9999993089000891,1
P02097,Zara Jeans Blue,Bottoms,Zara,76.34,-12.494268684089858,0.9999993089000891,1
P02098,Levi's Jackets Green,Outerwear,Levi's,70.09,-35.655925823923624,0.9999993089000891,1
P02099,Mango Blouses Red,Tops,Mango,191.47,-22.087487283825023,0.9999993089000891,1
P02100,Uniqlo Hoodies Pink,Tops,Uniqlo,94.8,-13.629737609329453,0.9999993089000891,1
P02101,Converse Maxi Blue,Dresses,Converse,144.37,-43.14574882841728,0.9999993089000891,1
P02102,Gap Boots Gray,Footwear,Gap,142.16,-8.525834888359823,0.9999993089000891,1
P02104,Adidas Skirts Navy,Bottoms,Adidas,86.71,-40.92921861162205,0.9999993089000891,1
P02105,Adidas Jeans Red,Bottoms,Adidas,141.67,-2.49827942188577,0.9999993089000891,1
P02106,Gap Sneakers Green,Footwear,Gap,69.23,-30.443082487692152,0.9999993089000891,1
P02107,Converse Hoodies Gray,Tops,Converse,43.5,-28.45394736842105,0.9999993089000891,1
P02108,Levi's Midi Brown,Dresses,Levi's,56.06,-35.325334563913245,0.9999993089000891,1
P02109,H&M Sweaters White,Tops,H&M,84.02,-34.32859152727841,0.9999993089000891,1
P02110,Massimo Dutti Maxi Pink,Dresses,Massimo Dutti,70.67,-27.001342836483833,0.9999993089000891,1
P02111,Gap Sandals Brown,Footwear,Gap,78.66,-26.18243243243244,0.9999993089000891,1
P02112,Mango Midi Green,Dresses,Mango,105.44,-18.50363270984696,0.9999993089000891,1
P02113,Levi's Jeans Brown,Bottoms,Levi's,16.21,-12.378378378378374,0.9999993089000891,1
P02114,Steve Madden Sandals White,Footwear,Steve Madden,39.62,-33.11951384199865,0.9999993089000891,1
P02115,Mango Midi Blue,Dresses,Mango,47.34,-37.17319177173191,0.9999993089000891,1
P02141,Gap Pants Brown,Bottoms,Gap,114.45,-34.62988348183688,0.9999993089000891,1
P02143,Adidas Jeans White,Bottoms,Adidas,90.25,-29.304402318658934,0.9999993089000891,1
P01989,Uniqlo Boots White,Footwear,Uniqlo,70.83,-45.54470669639425,0.9999993089000891,1
P02169,Nike Boots Gray,Footwear,Nike,105.1,-30.677395950135228,0.9999993089000891,1
P02171,Nike Jeans Brown,Bottoms,Nike,105.53,-42.77114967462039,0.9999993089000891,1
P02172,H&M Sandals Gray,Footwear,H&M,129.4,-34.50422635015437,0.9999993089000891,1
P02173,H&M Sweaters Cream,Tops,H&M,152.19,-29.895435073011196,0.9999993089000891,1
P02175,Converse Blouses Green,Tops,Converse,39.37,-31.038710807496944,0.9999993089000891,1
P02176,Zara Sneakers Navy,Footwear,Zara,118.0,-40.13191273465246,0.9999993089000891,1
P02177,Mango Blazers Brown,Outerwear,Mango,142.46,-10.632959036446891,0.9999993089000891,1
P02178,Steve Madden Coats Pink,Outerwear,Steve Madden,51.24,-18.27751196172249,0.9999993089000891,1
P02179,Uniqlo Maxi Blue,Dresses,Uniqlo,19.23,-57.93963254593175,0.9999993089000891,1
P02180,Zara Sandals Gray,Footwear,Zara,40.2,-33.48775645268034,0.9999993089000891,1
P02181,Uniqlo Jeans Gray,Bottoms,Uniqlo,51.17,-16.1422484431334,0.9999993089000891,1
P02182,Adidas Evening Cream,Dresses,Adidas,106.1,-41.619896555518885,0.9999993089000891,1
P02183,Zara Sneakers Red,Footwear,Zara,188.96,-3.0825255167461614,0.9999993089000891,1
P02184,Mango Sandals Green,Footwear,Mango,34.08,-23.12203925107151,0.9999993089000891,1
P02185,Converse Vests White,Outerwear,Converse,42.53,-34.77994172672902,0.9999993089000891,1
P02186,Steve Madden Pants Brown,Bottoms,Steve Madden,96.85,-39.026693528078575,0.9999993089000891,1
P02187,Levi's Blazers Cream,Outerwear,Levi's,144.04,-25.0923084923813,0.9999993089000891,1
P02188,Nike Pants Gray,Bottoms,Nike,117.62,-19.964616222101252,0.9999993089000891,1
P02189,Uniqlo Jeans Black,Bottoms,Uniqlo,33.16,-16.59959758551308,0.9999993089000891,1
P02190,North Face Vests Black,Outerwear,North Face,150.3,-6.191486705779545,0.9999993089000891,1
P02191,Gap Evening Black,Dresses,Gap,32.8,-29.401635815755494,0.9999993089000891,1
P02192,Massimo Dutti Shorts Navy,Bottoms,Massimo Dutti,191.72,-18.786800525267928,0.9999993089000891,1
P02170,Mango Sandals Blue,Footwear,Mango,134.25,-24.506551200584834,0.9999993089000891,1
P02168,Converse Evening Blue,Dresses,Converse,30.12,-39.639278557114224,0.9999993089000891,1
P02144,Massimo Dutti Jeans Brown,Bottoms,Massimo Dutti,39.68,-20.496894409937884,0.9999993089000891,1
P02167,Adidas Midi Pink,Dresses,Adidas,177.95,-24.079525577029738,0.9999993089000891,1
P02145,Adidas Jeans White,Bottoms,Adidas,27.72,-29.213483146067414,0.9999993089000891,1
P02146,Nike Jackets Cream,Outerwear,Nike,55.98,-33.81414045873729,0.9999993089000891,1
P02147,Converse Maxi Green,Dresses,Converse,18.6,-32.461873638344215,0.9999993089000891,1
P02148,H&M Casual Green,Dresses,H&M,78.56,-7.8150668857075765,0.9999993089000891,1
P02149,Nike Hoodies Gray,Tops,Nike,122.98,-38.61435559548767,0.9999993089000891,1
P02150,Zara Sweaters Blue,Tops,Zara,28.16,-36.07264472190692,0.9999993089000891,1
P02152,Massimo Dutti Loafers Red,Footwear,Massimo Dutti,184.37,-24.404444626675957,0.9999993089000891,1
P02153,Mango Sweaters Cream,Tops,Mango,163.22,-33.433931484502445,0.9999993089000891,1
P02154,Adidas Vests Black,Outerwear,Adidas,88.68,-39.70628229534947,0.9999993089000891,1
P02155,North Face Loafers Gray,Footwear,North Face,155.98,-17.453429297205766,0.9999993089000891,1
P02156,H&M Evening Green,Dresses,H&M,43.08,-41.25988546495773,0.9999993089000891,1
P02157,Levi's Sandals Gray,Footwear,Levi's,31.24,-27.55102040816326,0.9999993089000891,1
P02158,Mango Midi Blue,Dresses,Mango,182.72,-22.638553706761506,0.9999993089000891,1
P02159,Levi's T-Shirts Pink,Tops,Levi's,102.9,-32.863574084948134,0.9999993089000891,1
P02160,Converse Vests Green,Outerwear,Converse,137.37,-42.65018995532919,0.9999993089000891,1
P02161,North Face Skirts Pink,Bottoms,North Face,21.18,-18.223938223938223,0.9999993089000891,1
P02162,Gap Maxi Gray,Dresses,Gap,186.18,-25.65884044082415,0.9999993089000891,1
P02163,Massimo Dutti Boots Cream,Footwear,Massimo Dutti,81.62,-22.664392647337504,0.9999993089000891,1
P02164,North Face Jackets Gray,Outerwear,North Face,13.2,-31.35725429017161,0.9999993089000891,1
P02165,Steve Madden Sweaters Navy,Tops,Steve Madden,36.02,-46.0293676955349,0.9999993089000891,1
P02166,Steve Madden Maxi Green,Dresses,Steve Madden,124.09,-22.795993280656994,0.9999993089000891,1
P02093,Levi's Jeans Red,Bottoms,Levi's,53.46,-27.275200652972387,0.9999993089000891,1
P02092,Gap Pants Cream,Bottoms,Gap,158.44,-28.206987176582537,0.9999993089000891,1
P02091,Levi's Jeans Black,Bottoms,Levi's,129.31,-28.506662243600378,0.9999993089000891,1
P02014,Gap Loafers Pink,Footwear,Gap,44.62,-28.229049380730263,0.9999993089000891,1
P02016,Massimo Dutti Sneakers Blue,Footwear,Massimo Dutti,118.89,-27.796671930037654,0.9999993089000891,1
P02017,Nike Midi Brown,Dresses,Nike,57.41,-20.396561286744326,0.9999993089000891,1
P02018,Mango Hoodies Navy,Tops,Mango,59.14,-42.16702522980638,0.9999993089000891,1
P02019,H&M Vests Brown,Outerwear,H&M,199.74,-20.703481678510453,0.9999993089000891,1
P02021,Converse Sweaters Black,Tops,Converse,142.26,-17.65931585344679,0.9999993089000891,1
P02022,Nike Sandals Cream,Footwear,Nike,118.19,-18.98690794434162,0.9999993089000891,1
P02023,Converse Jackets Red,Outerwear,Converse,126.56,-20.562390158172228,0.9999993089000891,1
P02024,Zara Loafers Red,Footwear,Zara,201.27,-13.350266919235402,0.9999993089000891,1
P02025,Nike Vests White,Outerwear,Nike,47.19,-23.280767354901645,0.9999993089000891,1
P02026,Mango Hoodies Black,Tops,Mango,29.58,-24.289736370616847,0.9999993089000891,1
P02027,Adidas Midi Red,Dresses,Adidas,20.04,-39.291123901847925,0.9999993089000891,1
P02028,Nike Sneakers Brown,Footwear,Nike,98.06,-6.689504234465697,0.9999993089000891,1
P02029,Massimo Dutti Hoodies Cream,Tops,Massimo Dutti,114.81,-13.318233295583228,0.9999993089000891,1
P02030,H&M Jeans Red,Bottoms,H&M,71.71,-18.557637705848954,0.9999993089000891,1
P02031,Levi's Loafers Pink,Footwear,Levi's,93.82,-29.171070511852644,0.9999993089000891,1
P02032,Zara Hoodies Blue,Tops,Zara,35.73,-21.98689956331878,0.9999993089000891,1
P02033,Massimo Dutti Maxi Black,Dresses,Massimo Dutti,144.63,-31.581437154075402,0.9999993089000891,1
P02034,Zara Midi Green,Dresses,Zara,86.5,-29.295406244891286,0.9999993089000891,1
P02035,Converse Midi Black,Dresses,Converse,156.64,-28.34072921908597,0.9999993089000891,1
P02036,Steve Madden Pants Green,Bottoms,Steve Madden,8.9,-31.38010794140324,0.9999993089000891,1
P02037,Levi's Boots Blue,Footwear,Levi's,91.04,-21.80037794193437,0.9999993089000891,1
P02015,Zara Blouses Gray,Tops,Zara,70.91,-17.737819025522047,0.9999993089000891,1
P02013,Gap T-Shirts Red,Tops,Gap,165.47,-29.29236817366038,0.9999993089000891,1
P02090,H&M Sneakers Pink,Footwear,H&M,112.24,-41.23560209424084,0.9999993089000891,1
P02012,Levi's Boots Navy,Footwear,Levi's,71.69,-12.391543443724796,0.9999993089000891,1
P01991,Gap Sweaters White,Tops,Gap,68.69,-13.006585612968587,0.9999993089000891,1
P01992,Uniqlo Blazers Pink,Outerwear,Uniqlo,155.73,-17.081092593578624,0.9999993089000891,1
P01993,Adidas Sandals Navy,Footwear,Adidas,68.39,-19.786535303776688,0.9999993089000891,1
P01994,Steve Madden Boots Brown,Footwear,Steve Madden,223.69,-4.487617421007682,0.9999993089000891,1
P01995,Converse Blazers Brown,Outerwear,Converse,176.36,-23.762590239052432,0.9999993089000891,1
P01996,Levi's T-Shirts Gray,Tops,Levi's,150.01,-26.172547861607363,0.9999993089000891,1
P01997,Massimo Dutti Coats Cream,Outerwear,Massimo Dutti,127.89,-28.57701329163409,0.9999993089000891,1
P01998,Levi's Skirts Black,Bottoms,Levi's,147.47,-21.303164523186933,0.9999993089000891,1
P01999,Gap Blazers Black,Outerwear,Gap,138.95,-13.329590818363277,0.9999993089000891,1
P02000,Converse Jeans Brown,Bottoms,Converse,210.28,-20.11852302081751,0.9999993089000891,1
P02001,Converse Evening Green,Dresses,Converse,68.33,-17.205864534108812,0.9999993089000891,1
P02002,Gap T-Shirts Pink,Tops,Gap,33.0,-3.621495327102809,0.9999993089000891,1
P02003,Converse Shorts Blue,Bottoms,Converse,91.93,-27.602772090092927,0.9999993089000891,1
P02004,Gap Shorts White,Bottoms,Gap,163.31,-16.869432425553573,0.9999993089000891,1
P02005,Adidas Evening Green,Dresses,Adidas,95.8,-29.319758005016965,0.9999993089000891,1
P02006,Nike Loafers Green,Footwear,Nike,169.14,-19.514632405424706,0.9999993089000891,1
P02007,Converse Sneakers Brown,Footwear,Converse,39.83,-22.494648764351044,0.9999993089000891,1
P02008,Mango Shorts Gray,Bottoms,Mango,137.15,-17.14993355080342,0.9999993089000891,1
P02009,Levi's Blazers Blue,Outerwear,Levi's,53.78,-25.502147111788332,0.9999993089000891,1
P02010,Uniqlo Boots Green,Footwear,Uniqlo,118.34,-31.524129151718544,0.9999993089000891,1
P02011,Levi's Hoodies Green,Tops,Levi's,199.75,-17.25694875937202,0.9999993089000891,1
P02038,Zara Sandals Cream,Footwear,Zara,116.11,-33.95711279221887,0.9999993089000891,1
P02039,H&M T-Shirts Green,Tops,H&M,80.32,-40.56533964777268,0.9999993089000891,1
P02040,Levi's Blouses Pink,Tops,Levi's,72.86,-8.67385309601404,0.9999993089000891,1
P02041,Nike Coats Navy,Outerwear,Nike,87.66,-25.31311237965409,0.9999993089000891,1
P02069,Adidas Pants Gray,Bottoms,Adidas,167.8,-31.187205249128557,0.9999993089000891,1
P02070,Zara Jeans Pink,Bottoms,Zara,39.44,-26.280373831775705,0.9999993089000891,1
P02071,Adidas Pants Brown,Bottoms,Adidas,70.4,-32.48945147679325,0.9999993089000891,1
P02072,Converse Jackets White,Outerwear,Converse,133.18,-22.002928257686673,0.9999993089000891,1
P02073,Uniqlo Boots Gray,Footwear,Uniqlo,124.63,-32.225787155364614,0.9999993089000891,1
P02074,Adidas Hoodies Black,Tops,Adidas,88.37,-43.13750723891641,0.9999993089000891,1
P02075,Uniqlo Sandals Black,Footwear,Uniqlo,68.51,-35.7678604912807,0.9999993089000891,1
P02076,Converse Jeans Brown,Bottoms,Converse,159.48,-23.01974224067191,0.9999993089000891,1
P02077,North Face Loafers Green,Footwear,North Face,91.77,-41.90669114388808,0.9999993089000891,1
P02078,Zara Skirts Gray,Bottoms,Zara,165.35,-29.122551330961464,0.9999993089000891,1
P02079,North Face Skirts Brown,Bottoms,North Face,101.74,-14.776344446305915,0.9999993089000891,1
P02080,Zara Boots Cream,Footwear,Zara,62.5,-19.943640322787235,0.9999993089000891,1
P02081,Uniqlo Sweaters Pink,Tops,Uniqlo,133.23,-19.77962427745666,0.9999993089000891,1
P02082,Steve Madden Blouses White,Tops,Steve Madden,127.85,-29.987404851870114,0.9999993089000891,1
P02083,H&M Coats Red,Outerwear,H&M,116.32,-24.46753246753247,0.9999993089000891,1
P02084,Gap Midi Cream,Dresses,Gap,110.62,-24.03516000549375,0.9999993089000891,1
P02085,Massimo Dutti Evening Red,Dresses,Massimo Dutti,35.39,-21.99691426052457,0.9999993089000891,1
P02086,Steve Madden Boots Green,Footwear,Steve Madden,68.18,-35.4294914291126,0.9999993089000891,1
P02087,Steve Madden T-Shirts Navy,Tops,Steve Madden,23.3,-30.881044200533964,0.9999993089000891,1
P02088,Steve Madden Sandals Navy,Footwear,Steve Madden,136.21,-19.302091356122986,0.9999993089000891,1
P02089,Converse Casual Blue,Dresses,Converse,39.02,-30.23422134811371,0.9999993089000891,1
P02068,Converse Vests Black,Outerwear,Converse,122.35,-13.600734411411636,0.9999993089000891,1
P02067,Nike Hoodies Pink,Tops,Nike,24.63,-29.728958630527814,0.9999993089000891,1
P02066,Mango Blouses White,Tops,Mango,164.28,-28.97228587487569,0.9999993089000891,1
P02053,Nike Jeans Black,Bottoms,Nike,38.33,-14.916759156492784,0.9999993089000891,1
P02042,Massimo Dutti T-Shirts Blue,Tops,Massimo Dutti,178.93,-21.397821121068347,0.9999993089000891,1
P02043,Gap Maxi Blue,Dresses,Gap,108.6,-22.92952948690654,0.9999993089000891,1
P02044,Mango Boots Brown,Footwear,Mango,129.18,-34.84970748436554,0.9999993089000891,1
P02046,Converse T-Shirts Brown,Tops,Converse,114.85,-27.29632208647212,0.9999993089000891,1
P02047,Massimo Dutti Jeans Blue,Bottoms,Massimo Dutti,63.52,-36.295256243104994,0.9999993089000891,1
P02049,Uniqlo Vests Green,Outerwear,Uniqlo,172.51,-27.51680672268908,0.9999993089000891,1
P02050,Steve Madden Boots Blue,Footwear,Steve Madden,162.22,-33.08307895388169,0.9999993089000891,1
P02051,Levi's Midi Red,Dresses,Levi's,79.1,-34.055856606919555,0.9999993089000891,1
P02052,North Face Hoodies Cream,Tops,North Face,71.45,-33.49157590989481,0.9999993089000891,1
P02054,Adidas Casual Green,Dresses,Adidas,215.45,-15.009861932938861,0.9999993089000891,1
P02065,Steve Madden Evening Brown,Dresses,Steve Madden,129.34,-27.349323147784084,0.9999993089000891,1
P02055,H&M Loafers Green,Footwear,H&M,58.56,-40.34229828850855,0.9999993089000891,1
P02056,Adidas Coats Navy,Outerwear,Adidas,82.61,-18.890525282277856,0.9999993089000891,1
P02057,Adidas Casual Navy,Dresses,Adidas,66.82,-5.688073394495415,0.9999993089000891,1
P02058,Zara Sandals Black,Footwear,Zara,134.82,-40.748879317922125,0.9999993089000891,1
P02059,Uniqlo Blouses Navy,Tops,Uniqlo,129.08,-29.48759969408936,0.9999993089000891,1
P02061,Nike Skirts Red,Bottoms,Nike,116.05,-35.98654090131833,0.9999993089000891,1
P02062,Zara Jeans Black,Bottoms,Zara,58.65,-12.33183856502243,0.9999993089000891,1
P02063,Gap Sweaters Green,Tops,Gap,15.73,-27.444649446494463,0.9999993089000891,1
P02064,H&M Blouses White,Tops,H&M,212.36,-16.50218220422286,0.9999993089000891,1
P02193,Massimo Dutti Shorts White,Bottoms,Massimo Dutti,165.72,-23.163946587537097,0.9999993089000891,1
P02194,Massimo Dutti T-Shirts Navy,Tops,Massimo Dutti,24.94,-16.055200269269605,0.9999993089000891,1
P02195,Converse Vests Red,Outerwear,Converse,171.93,-27.887761093867958,0.9999993089000891,1
P02320,Levi's Coats Red,Outerwear,Levi's,39.26,-21.480000000000004,0.9999993089000891,1
P02322,Levi's Vests Black,Outerwear,Levi's,133.63,-28.19451907576572,0.9999993089000891,1
P02323,H&M Sandals Green,Footwear,H&M,56.46,-27.110766847405106,0.9999993089000891,1
P02324,Nike T-Shirts Cream,Tops,Nike,182.21,-20.754142565128518,0.9999993089000891,1
P02325,Zara Midi Green,Dresses,Zara,77.2,-27.65439040389841,0.9999993089000891,1
P02326,Uniqlo Loafers Navy,Footwear,Uniqlo,50.52,-39.16184971098266,0.9999993089000891,1
P02327,Converse Casual Gray,Dresses,Converse,82.72,-47.261715014344915,0.9999993089000891,1
P02328,Steve Madden Midi Pink,Dresses,Steve Madden,18.31,-22.872788542544228,0.9999993089000891,1
P02329,Zara Jackets Navy,Outerwear,Zara,174.88,-14.291315428347382,0.9999993089000891,1
P02330,H&M Jackets Green,Outerwear,H&M,11.77,-51.18208212360017,0.9999993089000891,1
P02331,Zara Blazers Black,Outerwear,Zara,141.12,-34.91675506156897,0.9999993089000891,1
P02332,Uniqlo Hoodies Green,Tops,Uniqlo,118.04,-29.406135996650917,0.9999993089000891,1
P02333,Uniqlo T-Shirts Red,Tops,Uniqlo,87.74,-28.422254853972916,0.9999993089000891,1
P02334,Levi's Vests Navy,Outerwear,Levi's,195.21,-14.636172817911492,0.9999993089000891,1
P02335,H&M Midi Cream,Dresses,H&M,235.28,-4.404355598894849,0.9999993089000891,1
P02336,Converse Hoodies Blue,Tops,Converse,185.81,-15.186233339419394,0.9999993089000891,1
P02337,Levi's Evening Brown,Dresses,Levi's,60.14,-36.521004855393706,0.9999993089000891,1
P02338,H&M Sandals Navy,Footwear,H&M,18.66,-3.9629439011837344,0.9999993089000891,1
P02339,Levi's Vests Pink,Outerwear,Levi's,146.99,-12.417327057141156,0.9999993089000891,1
P02340,Levi's Sweaters Cream,Tops,Levi's,65.97,-28.035344169302938,0.9999993089000891,1
P02341,North Face Shorts Brown,Bottoms,North Face,39.55,-8.044640781213673,0.9999993089000891,1
P02342,Steve Madden Blouses Green,Tops,Steve Madden,108.44,-25.270484460064786,0.9999993089000891,1
P02321,Adidas Casual Navy,Dresses,Adidas,20.17,-35.43533930857873,0.9999993089000891,1
P02319,Nike Jeans Black,Bottoms,Nike,56.5,-21.385835536385144,0.9999993089000891,1
P02295,Massimo Dutti Hoodies Green,Tops,Massimo Dutti,68.07,-42.503589830222154,0.9999993089000891,1
P02318,Gap Evening Gray,Dresses,Gap,12.23,-33.132859486057946,0.9999993089000891,1
P02297,Adidas Coats Brown,Outerwear,Adidas,119.73,-36.09969578908043,0.9999993089000891,1
P02298,Zara Jeans Gray,Bottoms,Zara,184.49,-25.479662317728312,0.9999993089000891,1
P02299,H&M Maxi Gray,Dresses,H&M,120.18,-20.589401347958237,0.9999993089000891,1
P02300,Zara T-Shirts Blue,Tops,Zara,106.05,-41.753171856978085,0.9999993089000891,1
P02301,Gap Blouses Red,Tops,Gap,174.37,-23.052822029036673,0.9999993089000891,1
P02302,Nike Midi Gray,Dresses,Nike,108.51,-42.29726136665781,0.9999993089000891,1
P02303,Mango Sandals White,Footwear,Mango,60.21,-25.574783683559954,0.9999993089000891,1
P02304,Uniqlo Vests Green,Outerwear,Uniqlo,175.17,-19.709400925883486,0.9999993089000891,1
P02305,Mango Evening Green,Dresses,Mango,75.35,-1.011560693641632,0.9999993089000891,1
P02306,Levi's Coats Red,Outerwear,Levi's,98.66,-12.829121752959896,0.9999993089000891,1
P02307,Levi's Shorts Red,Bottoms,Levi's,190.73,-11.5557616508231,0.9999993089000891,1
P02308,H&M T-Shirts Green,Tops,H&M,143.06,-12.356797157385278,0.9999993089000891,1
P02309,Mango Sandals Blue,Footwear,Mango,48.53,-26.021341463414625,0.9999993089000891,1
P02310,Massimo Dutti Sweaters Gray,Tops,Massimo Dutti,87.57,-31.527093596059117,0.9999993089000891,1
P02311,Converse Sneakers Blue,Footwear,Converse,103.34,-34.55765942625546,0.9999993089000891,1
P02312,Nike Jeans Pink,Bottoms,Nike,60.41,-29.959420289855075,0.9999993089000891,1
P02313,Nike Sneakers Navy,Footwear,Nike,168.9,-29.838408175133964,0.9999993089000891,1
P02314,North Face Maxi White,Dresses,North Face,78.57,-23.12885236278251,0.9999993089000891,1
P02315,Massimo Dutti Jackets White,Outerwear,Massimo Dutti,165.36,-34.78466635115948,0.9999993089000891,1
P02316,H&M Sneakers Pink,Footwear,H&M,104.22,-45.32864711745266,0.9999993089000891,1
P02317,Nike Evening Red,Dresses,Nike,55.28,-18.345642540620386,0.9999993089000891,1
P02343,Converse Midi Cream,Dresses,Converse,88.6,-36.32312778496478,0.9999993089000891,1
P02344,Mango Skirts Black,Bottoms,Mango,79.23,-32.673351461590755,0.9999993089000891,1
P02345,Adidas Skirts Red,Bottoms,Adidas,20.35,-13.3304940374787,0.9999993089000891,1
P02346,H&M Boots Pink,Footwear,H&M,158.69,-17.0118188474009,0.9999993089000891,1
P02372,Mango Shorts Black,Bottoms,Mango,84.76,-23.21072658090233,0.9999993089000891,1
P02373,Massimo Dutti Shorts Navy,Bottoms,Massimo Dutti,42.64,-13.875984649565739,0.9999993089000891,1
P02374,Levi's Boots Brown,Footwear,Levi's,109.22,-20.20748100526008,0.9999993089000891,1
P02375,Zara Vests Red,Outerwear,Zara,159.03,-35.96537145158043,0.9999993089000891,1
P02376,Levi's Jackets Blue,Outerwear,Levi's,88.98,-33.502727748299826,0.9999993089000891,1
P02377,Steve Madden Loafers Blue,Footwear,Steve Madden,20.86,-35.03581438804111,0.9999993089000891,1
P02378,North Face Sweaters Black,Tops,North Face,100.66,-28.05889079473985,0.9999993089000891,1
P02379,Levi's Blazers Navy,Outerwear,Levi's,82.36,-6.86418636209432,0.9999993089000891,1
P02380,Steve Madden Vests Navy,Outerwear,Steve Madden,116.85,-33.837268557839316,0.9999993089000891,1
P02381,Levi's Sandals Brown,Footwear,Levi's,72.53,-38.39816544929505,0.9999993089000891,1
P02382,H&M Casual White,Dresses,H&M,97.77,-30.204169046259288,0.9999993089000891,1
P02383,Uniqlo Skirts Black,Bottoms,Uniqlo,82.0,-18.827954860423677,0.9999993089000891,1
P02384,Gap Evening White,Dresses,Gap,88.27,-43.4239200102551,0.9999993089000891,1
P02385,Zara Blazers Brown,Outerwear,Zara,37.94,-32.16520650813518,0.9999993089000891,1
P02386,Uniqlo Maxi Blue,Dresses,Uniqlo,24.03,-22.60869565217391,0.9999993089000891,1
P02387,Nike Blouses Red,Tops,Nike,37.83,-34.44810258187489,0.9999993089000891,1
P02388,Zara Loafers Black,Footwear,Zara,33.54,-23.10866574965612,0.9999993089000891,1
P02389,H&M Sneakers White,Footwear,H&M,69.56,-29.538087520259314,0.9999993089000891,1
P02390,H&M Sweaters Cream,Tops,H&M,160.03,-6.726117619630467,0.9999993089000891,1
P02391,Levi's Hoodies Brown,Tops,Levi's,22.9,-28.682653379009658,0.9999993089000891,1
P02392,Adidas Blouses Cream,Tops,Adidas,8.93,-38.91928864569083,0.9999993089000891,1
P02371,Mango Maxi Black,Dresses,Mango,30.83,-41.51014987668374,0.9999993089000891,1
P02370,Zara Maxi Cream,Dresses,Zara,240.51,-3.807543094828625,0.9999993089000891,1
P02369,Levi's Pants Green,Bottoms,Levi's,55.78,-41.25329120589784,0.9999993089000891,1
P02356,Adidas Sandals Gray,Footwear,Adidas,192.86,-14.394780061254375,0.9999993089000891,1
P02347,Nike Skirts Navy,Bottoms,Nike,56.25,-30.426716141001855,0.9999993089000891,1
P02348,Massimo Dutti Blazers Black,Outerwear,Massimo Dutti,97.36,-30.655270655270662,0.9999993089000891,1
P02349,Levi's Jackets Black,Outerwear,Levi's,128.67,-33.85936054281896,0.9999993089000891,1
P02350,North Face Jeans Brown,Bottoms,North Face,17.58,-28.797083839611187,0.9999993089000891,1
P02351,Uniqlo Loafers Blue,Footwear,Uniqlo,107.8,-33.36218087408049,0.9999993089000891,1
P02352,H&M T-Shirts Blue,Tops,H&M,218.62,-13.045899292021312,0.9999993089000891,1
P02353,Uniqlo Jackets Navy,Outerwear,Uniqlo,183.84,-16.02028230779772,0.9999993089000891,1
P02354,Gap Loafers Green,Footwear,Gap,68.29,-31.7236552689462,0.9999993089000891,1
P02355,Massimo Dutti Hoodies Blue,Tops,Massimo Dutti,104.63,-37.36605806644718,0.9999993089000891,1
P02357,Steve Madden T-Shirts White,Tops,Steve Madden,86.63,-15.06030002941465,0.9999993089000891,1
P02368,Zara Vests Black,Outerwear,Zara,68.27,-42.28590751542819,0.9999993089000891,1
P02358,Nike Boots Blue,Footwear,Nike,165.46,-22.118145445987285,0.9999993089000891,1
P02359,Uniqlo Blouses Brown,Tops,Uniqlo,85.22,-30.387191635353698,0.9999993089000891,1
P02360,Converse Sandals Green,Footwear,Converse,101.1,-21.07728337236534,0.9999993089000891,1
P02361,Steve Madden T-Shirts Navy,Tops,Steve Madden,46.6,-19.834852915878205,0.9999993089000891,1
P02362,Levi's Sweaters Gray,Tops,Levi's,132.49,-44.91060291060291,0.9999993089000891,1
P02364,North Face Jackets Gray,Outerwear,North Face,73.54,-26.482055383384978,0.9999993089000891,1
P02365,H&M Blouses Navy,Tops,H&M,44.19,-22.200704225352112,0.9999993089000891,1
P02366,Adidas T-Shirts Pink,Tops,Adidas,164.59,-33.07717329429942,0.9999993089000891,1
P02367,Adidas Blouses Pink,Tops,Adidas,34.16,-33.97758020873599,0.9999993089000891,1
P02296,North Face Pants White,Bottoms,North Face,91.59,-33.12157721796275,0.9999993089000891,1
P02294,Zara Casual Green,Dresses,Zara,119.73,-25.88213445586232,0.9999993089000891,1
P02196,Converse Blazers Pink,Outerwear,Converse,204.69,-11.447112264763144,0.9999993089000891,1
P02221,Zara Jeans Pink,Bottoms,Zara,110.07,-21.243560389238695,0.9999993089000891,1
P02223,Gap Blazers White,Outerwear,Gap,109.27,-34.561025272487726,0.9999993089000891,1
P02224,Levi's Skirts Navy,Bottoms,Levi's,22.05,-28.222656249999993,0.9999993089000891,1
P02225,Steve Madden Sandals Gray,Footwear,Steve Madden,192.2,-22.715026740118223,0.9999993089000891,1
P02226,H&M Sneakers Cream,Footwear,H&M,84.23,-28.41237463878973,0.9999993089000891,1
P02227,Nike Sandals Red,Footwear,Nike,25.88,-44.99468650371944,0.9999993089000891,1
P02228,Mango Sweaters Pink,Tops,Mango,111.43,-37.11980136561142,0.9999993089000891,1
P02229,Gap Evening Navy,Dresses,Gap,168.71,-21.610445125917664,0.9999993089000891,1
P02230,Levi's Blouses Blue,Tops,Levi's,126.43,-35.33323103677561,0.9999993089000891,1
P02231,Mango Boots Green,Footwear,Mango,23.36,-30.682492581602382,0.9999993089000891,1
P02232,Levi's Loafers Cream,Footwear,Levi's,47.93,-23.654029945842627,0.9999993089000891,1
P02233,Adidas Skirts Gray,Bottoms,Adidas,23.74,-34.60055096418733,0.9999993089000891,1
P02234,Levi's Hoodies Pink,Tops,Levi's,201.19,-15.813038748012383,0.9999993089000891,1
P02235,Levi's Sweaters Red,Tops,Levi's,121.81,-21.433178534571717,0.9999993089000891,1
P02236,North Face Boots Navy,Footwear,North Face,122.13,-13.179782469609721,0.9999993089000891,1
P02237,Massimo Dutti Hoodies Cream,Tops,Massimo Dutti,90.42,-45.28290468986384,0.9999993089000891,1
P02238,Zara Boots Red,Footwear,Zara,49.8,-28.47910383455407,0.9999993089000891,1
P02239,Nike Skirts Cream,Bottoms,Nike,137.09,-23.974046140195206,0.9999993089000891,1
P02240,Nike Loafers Red,Footwear,Nike,155.08,-8.149727552712621,0.9999993089000891,1
P02241,Gap Sweaters Pink,Tops,Gap,117.59,-21.986333178531144,0.9999993089000891,1
P02242,Nike Sandals White,Footwear,Nike,92.63,-34.075866486371076,0.9999993089000891,1
P02243,North Face Shorts Gray,Bottoms,North Face,15.95,-24.083769633507863,0.9999993089000891,1
P02222,North Face Jackets Red,Outerwear,North Face,85.23,-30.887122932208882,0.9999993089000891,1
P02220,Nike T-Shirts White,Tops,Nike,93.25,-23.124484748557293,0.9999993089000891,1
P02293,H&M Coats Green,Outerwear,H&M,121.29,-14.650622757019214,0.9999993089000891,1
P02219,Steve Madden Blouses Navy,Tops,Steve Madden,199.55,-19.843342036553516,0.9999993089000891,1
P02197,North Face Hoodies Red,Tops,North Face,188.7,-7.820819696155547,0.9999993089000891,1
P02199,Mango Midi Red,Dresses,Mango,160.74,-20.712277413308332,0.9999993089000891,1
P02200,Adidas Jackets Gray,Outerwear,Adidas,49.36,-12.451223838240516,0.9999993089000891,1
P02201,H&M T-Shirts Red,Tops,H&M,80.36,-23.633944692578165,0.9999993089000891,1
P02202,Adidas Coats White,Outerwear,Adidas,60.15,-24.043439828261143,0.9999993089000891,1
P02203,North Face Pants White,Bottoms,North Face,68.41,-35.082558360220155,0.9999993089000891,1
P02204,H&M Hoodies Navy,Tops,H&M,128.07,-32.90549036043588,0.9999993089000891,1
P02205,Levi's Loafers Navy,Footwear,Levi's,21.63,-46.01946593461443,0.9999993089000891,1
P02206,Nike Maxi Pink,Dresses,Nike,132.78,-32.527059301793784,0.9999993089000891,1
P02207,Converse Pants Blue,Bottoms,Converse,62.86,-36.13086770981508,0.9999993089000891,1
P02208,Zara Blazers Blue,Outerwear,Zara,75.7,-32.168458781362006,0.9999993089000891,1
P02209,H&M Sandals Green,Footwear,H&M,75.72,-37.146177471569686,0.9999993089000891,1
P02210,Mango Skirts Gray,Bottoms,Mango,86.78,-22.985445509407175,0.9999993089000891,1
P02211,Massimo Dutti Vests Brown,Outerwear,Massimo Dutti,34.98,-35.78116394345512,0.9999993089000891,1
P02212,Steve Madden Blazers White,Outerwear,Steve Madden,88.84,-20.100728482777225,0.9999993089000891,1
P02213,Nike Pants Blue,Bottoms,Nike,174.7,-26.134201513678068,0.9999993089000891,1
P02214,Nike Sweaters Brown,Tops,Nike,45.1,-35.154565061107114,0.9999993089000891,1
P02215,Levi's Skirts Green,Bottoms,Levi's,23.95,-13.161711385061636,0.9999993089000891,1
P02216,Nike Maxi Red,Dresses,Nike,54.38,-22.524576150448773,0.9999993089000891,1
P02217,Zara Jeans Blue,Bottoms,Zara,138.43,-34.80738438353584,0.9999993089000891,1
P02218,Levi's Sweaters White,Tops,Levi's,110.06,-43.92989963829028,0.9999993089000891,1
P02244,Nike Evening Green,Dresses,Nike,144.23,-27.149206990605112,0.9999993089000891,1
P02245,H&M Sandals Cream,Footwear,H&M,19.92,-24.943481537302176,0.9999993089000891,1
P02246,Adidas Blazers Cream,Outerwear,Adidas,110.92,-27.16527677457482,0.9999993089000891,1
P02247,Nike Sweaters Red,Tops,Nike,74.96,-13.918236104731289,0.9999993089000891,1
P02272,Nike Maxi White,Dresses,Nike,53.83,-24.66060181945417,0.9999993089000891,1
P02273,Levi's Shorts Blue,Bottoms,Levi's,120.25,-34.76019965277777,0.9999993089000891,1
P02274,North Face Coats Green,Outerwear,North Face,46.71,-25.454835620810716,0.9999993089000891,1
P02275,Zara Boots Brown,Footwear,Zara,45.77,-31.152226233453668,0.9999993089000891,1
P02276,H&M Coats Gray,Outerwear,H&M,210.48,-15.44950590503736,0.9999993089000891,1
P02277,Steve Madden Hoodies Red,Tops,Steve Madden,65.5,-32.018681888946546,0.9999993089000891,1
P02278,Uniqlo Loafers Black,Footwear,Uniqlo,113.51,-35.89540859547071,0.9999993089000891,1
P02279,Gap Hoodies Blue,Tops,Gap,70.86,-22.540445999125495,0.9999993089000891,1
P02280,H&M Sneakers Red,Footwear,H&M,59.62,-53.51991892102597,0.9999993089000891,1
P02281,H&M Vests Cream,Outerwear,H&M,151.72,-28.403567552262754,0.9999993089000891,1
P02282,Uniqlo Blouses Gray,Tops,Uniqlo,45.72,-41.31690412013862,0.9999993089000891,1
P02283,North Face Blazers Black,Outerwear,North Face,119.42,-31.474149308544213,0.9999993089000891,1
P02284,Massimo Dutti Sandals Gray,Footwear,Massimo Dutti,206.36,-15.074694431869624,0.9999993089000891,1
P02285,Gap Jeans White,Bottoms,Gap,193.97,-14.168768529580959,0.9999993089000891,1
P02286,Converse Midi Red,Dresses,Converse,171.38,-27.10956107519565,0.9999993089000891,1
P02287,Massimo Dutti Blazers Navy,Outerwear,Massimo Dutti,145.17,-35.67440623892237,0.9999993089000891,1
P02288,Steve Madden Sandals Navy,Footwear,Steve Madden,15.59,-37.464901724829524,0.9999993089000891,1
P02289,Gap Vests Red,Outerwear,Gap,154.11,-31.037723184320036,0.9999993089000891,1
P02290,Adidas Evening Green,Dresses,Adidas,14.48,-27.382146439317957,0.9999993089000891,1
P02291,Converse Sandals Brown,Footwear,Converse,57.27,-16.222937390286713,0.9999993089000891,1
P02292,Steve Madden Skirts White,Bottoms,Steve Madden,43.61,-37.152327424700964,0.9999993089000891,1
P02271,Nike Blazers White,Outerwear,Nike,129.9,-11.674712721833133,0.9999993089000891,1
P02270,Adidas Evening Brown,Dresses,Adidas,30.31,-35.82468769849672,0.9999993089000891,1
P02269,Nike Boots Brown,Footwear,Nike,69.12,-23.1402201712443,0.9999993089000891,1
P02257,Massimo Dutti Boots Red,Footwear,Massimo Dutti,85.06,-26.9933911252253,0.9999993089000891,1
P02248,Mango Evening Green,Dresses,Mango,68.13,-24.743179056666303,0.9999993089000891,1
P02249,Converse Blouses Brown,Tops,Converse,86.71,-37.55581160881464,0.9999993089000891,1
P02250,Levi's Blouses White,Tops,Levi's,42.76,-17.721762555320378,0.9999993089000891,1
P02251,Converse Vests Red,Outerwear,Converse,57.07,-9.109730848861282,0.9999993089000891,1
P02252,Steve Madden Maxi White,Dresses,Steve Madden,97.07,-34.62859451814938,0.9999993089000891,1
P02253,Massimo Dutti Blouses Blue,Tops,Massimo Dutti,96.65,-39.32831136220967,0.9999993089000891,1
P02254,Mango Blouses Gray,Tops,Mango,67.78,-30.367783028559693,0.9999993089000891,1
P02255,Zara Sweaters Brown,Tops,Zara,151.25,-9.186430501350952,0.9999993089000891,1
P02256,Adidas Sandals Gray,Footwear,Adidas,52.06,-42.12983548243663,0.9999993089000891,1
P02258,Adidas Coats White,Outerwear,Adidas,143.03,-28.29857629837577,0.9999993089000891,1
P02268,Adidas Jackets Navy,Outerwear,Adidas,151.47,-25.103837025316462,0.9999993089000891,1
P02259,North Face Skirts White,Bottoms,North Face,197.68,-17.017882629502136,0.9999993089000891,1
P02260,Mango Sneakers Cream,Footwear,Mango,143.58,-37.59561891515994,0.9999993089000891,1
P02261,Converse Evening Black,Dresses,Converse,50.64,-45.50737113956742,0.9999993089000891,1
P02262,Massimo Dutti Loafers Navy,Footwear,Massimo Dutti,140.73,-39.9282878729671,0.9999993089000891,1
P02263,North Face Sneakers Gray,Footwear,North Face,85.36,-25.050487312318904,0.9999993089000891,1
P02264,Massimo Dutti Blazers Pink,Outerwear,Massimo Dutti,78.98,-22.538250294233023,0.9999993089000891,1
P02265,Levi's Blazers White,Outerwear,Levi's,78.02,-16.314491043655483,0.9999993089000891,1
P02266,Converse Sweaters Brown,Tops,Converse,162.35,-27.12541520782835,0.9999993089000891,1
P02267,Gap T-Shirts Gray,Tops,Gap,143.6,-37.57335999652219,0.9999993089000891,1
P01990,Massimo Dutti Blouses Navy,Tops,Massimo Dutti,41.14,-36.5221416448079,0.9999993089000891,1
P01988,Zara Coats Red,Outerwear,Zara,99.14,-15.48167092924126,0.9999993089000891,1
P02394,Steve Madden Loafers Black,Footwear,Steve Madden,21.86,-21.225225225225227,0.9999993089000891,1
P01714,North Face Casual Pink,Dresses,North Face,146.24,-27.01866453737897,0.9999993089000891,1
P01716,Mango Vests Brown,Outerwear,Mango,78.9,-32.280490944983256,0.9999993089000891,1
P01717,Adidas Casual Brown,Dresses,Adidas,197.06,-22.748833744952762,0.9999993089000891,1
P01718,H&M Sweaters Green,Tops,H&M,89.05,-32.7061135041185,0.9999993089000891,1
P01719,H&M Sandals Green,Footwear,H&M,70.61,-10.119653767820777,0.9999993089000891,1
P01720,Zara Blazers White,Outerwear,Zara,34.86,-26.36248415716097,0.9999993089000891,1
P01721,Converse Jackets Brown,Outerwear,Converse,94.92,-9.994310639104867,0.9999993089000891,1
P01722,Zara Midi Black,Dresses,Zara,179.19,-23.08121565934066,0.9999993089000891,1
P01723,North Face Sneakers White,Footwear,North Face,153.86,-30.827676122825153,0.9999993089000891,1
P01724,Uniqlo Jeans Black,Bottoms,Uniqlo,125.29,-18.848371008484992,0.9999993089000891,1
P01725,Steve Madden Sandals Blue,Footwear,Steve Madden,72.82,-27.793753098661384,0.9999993089000891,1
P01726,Converse Blouses Black,Tops,Converse,23.44,-18.526242613833848,0.9999993089000891,1
P01727,North Face Hoodies Pink,Tops,North Face,97.19,-38.39376267748478,0.9999993089000891,1
P01728,Levi's Blouses Navy,Tops,Levi's,132.37,-16.527935426913864,0.9999993089000891,1
P01729,Levi's Pants Red,Bottoms,Levi's,136.47,-39.92869090588961,0.9999993089000891,1
P01731,Mango Evening Green,Dresses,Mango,121.36,-29.703429101019456,0.9999993089000891,1
P01732,Adidas Blazers Green,Outerwear,Adidas,44.74,-25.408469489829937,0.9999993089000891,1
P01733,Adidas Pants Green,Bottoms,Adidas,33.96,-13.828977416899255,0.9999993089000891,1
P01734,Adidas T-Shirts Pink,Tops,Adidas,111.25,-29.61533594837404,0.9999993089000891,1
P01735,Mango T-Shirts White,Tops,Mango,127.77,-22.441422848124322,0.9999993089000891,1
P01736,Mango Maxi Pink,Dresses,Mango,48.03,-31.45426002568859,0.9999993089000891,1
P01737,North Face Skirts Gray,Bottoms,North Face,126.2,-12.42800638401222,0.9999993089000891,1
P01715,Nike Pants Cream,Bottoms,Nike,170.16,-31.359419120613154,0.9999993089000891,1
P01713,H&M T-Shirts Navy,Tops,H&M,121.9,-16.075731497418243,0.9999993089000891,1
P01739,Uniqlo Sandals Pink,Footwear,Uniqlo,39.76,-40.6478578892372,0.9999993089000891,1
P01712,H&M Blazers Brown,Outerwear,H&M,49.78,-32.161351866993726,0.9999993089000891,1
P01691,Uniqlo Maxi Gray,Dresses,Uniqlo,31.6,-23.505204550956186,0.9999993089000891,1
P01692,Massimo Dutti Jeans Navy,Bottoms,Massimo Dutti,132.47,-27.691048034934497,0.9999993089000891,1
P01693,Mango Vests White,Outerwear,Mango,124.32,-33.681852128454075,0.9999993089000891,1
P01694,Adidas Skirts Black,Bottoms,Adidas,33.42,-12.787056367432145,0.9999993089000891,1
P01695,Levi's Midi Cream,Dresses,Levi's,128.81,-41.89896256202075,0.9999993089000891,1
P01696,Adidas Midi Brown,Dresses,Adidas,56.13,-20.507010338478963,0.9999993089000891,1
P01697,Mango Shorts White,Bottoms,Mango,137.96,-38.02057594680803,0.9999993089000891,1
P01698,Converse Loafers Gray,Footwear,Converse,121.52,-29.61075069508804,0.9999993089000891,1
P01699,North Face Sandals Black,Footwear,North Face,32.83,-45.609675281643476,0.9999993089000891,1
P01700,Steve Madden Sandals Pink,Footwear,Steve Madden,117.18,-27.92028049455618,0.9999993089000891,1
P01701,Gap Hoodies Green,Tops,Gap,20.3,-25.1198819623755,0.9999993089000891,1
P01702,Massimo Dutti Coats Pink,Outerwear,Massimo Dutti,43.73,-38.04193822612638,0.9999993089000891,1
P01703,Massimo Dutti Boots Blue,Footwear,Massimo Dutti,65.88,-19.668333130106095,0.9999993089000891,1
P01704,Converse Midi Black,Dresses,Converse,83.82,-32.135049793539,0.9999993089000891,1
P01705,H&M Coats Blue,Outerwear,H&M,23.55,-24.543415571932073,0.9999993089000891,1
P01706,Massimo Dutti Casual Green,Dresses,Massimo Dutti,34.87,-16.83758645361317,0.9999993089000891,1
P01707,Levi's Blazers Red,Outerwear,Levi's,60.52,-34.33872192687425,0.9999993089000891,1
P01708,H&M Coats Navy,Outerwear,H&M,63.02,-24.833015267175572,0.9999993089000891,1
P01709,Uniqlo Skirts Navy,Bottoms,Uniqlo,189.35,-26.702280029419732,0.9999993089000891,1
P01710,Levi's T-Shirts White,Tops,Levi's,148.11,-29.08986450902475,0.9999993089000891,1
P01711,H&M Evening Cream,Dresses,H&M,98.76,-32.28195282501371,0.9999993089000891,1
P01738,Converse Coats Black,Outerwear,Converse,197.66,-10.512495472654836,0.9999993089000891,1
P01740,Nike Coats Cream,Outerwear,Nike,145.5,-17.93107338259349,0.9999993089000891,1
P01987,H&M Casual Brown,Dresses,H&M,63.4,-25.38543015181829,0.9999993089000891,1
P01765,Gap Sweaters Red,Tops,Gap,143.54,-38.99961752581701,0.9999993089000891,1
P01767,Uniqlo Sneakers Red,Footwear,Uniqlo,59.15,-23.834663919649753,0.9999993089000891,1
P01768,Zara Pants Pink,Bottoms,Zara,143.66,-31.469732385631826,0.9999993089000891,1
P01769,Nike Sweaters Cream,Tops,Nike,123.98,-34.68205047152416,0.9999993089000891,1
P01770,North Face Shorts Black,Bottoms,North Face,101.19,-39.30906255622863,0.9999993089000891,1
P01771,North Face T-Shirts Navy,Tops,North Face,26.33,-20.76436954559133,0.9999993089000891,1
P01772,Steve Madden Hoodies Brown,Tops,Steve Madden,14.56,-23.64971158888306,0.9999993089000891,1
P01773,Mango Maxi White,Dresses,Mango,58.48,-28.543499511241453,0.9999993089000891,1
P01774,Nike Boots Green,Footwear,Nike,135.75,-29.841335469533313,0.9999993089000891,1
P01775,North Face Casual Pink,Dresses,North Face,15.38,-27.962529274004684,0.9999993089000891,1
P01776,Mango Evening Brown,Dresses,Mango,61.75,-20.466254507985575,0.9999993089000891,1
P01777,Uniqlo Coats Pink,Outerwear,Uniqlo,69.86,-29.298653982390448,0.9999993089000891,1
P01778,Levi's Maxi Green,Dresses,Levi's,136.48,-13.5874382676966,0.9999993089000891,1
P01779,Mango Pants Green,Bottoms,Mango,134.73,-30.967874160987858,0.9999993089000891,1
P01780,Levi's Boots White,Footwear,Levi's,138.91,-36.39360776592335,0.9999993089000891,1
P01781,Steve Madden Sneakers Red,Footwear,Steve Madden,144.12,-42.11583259699574,0.9999993089000891,1
P01782,Massimo Dutti Loafers Gray,Footwear,Massimo Dutti,108.15,-20.14914353219137,0.9999993089000891,1
P01783,Levi's Evening White,Dresses,Levi's,140.83,-26.2824539363484,0.9999993089000891,1
P01784,Converse Midi Navy,Dresses,Converse,35.67,-35.274904735982574,0.9999993089000891,1
P01785,Uniqlo Loafers White,Footwear,Uniqlo,163.37,-29.49072075960293,0.9999993089000891,1
P01786,Levi's Midi Brown,Dresses,Levi's,196.56,-10.246575342465752,0.9999993089000891,1
P01787,North Face Shorts Red,Bottoms,North Face,173.57,-22.73759180948142,0.9999993089000891,1
P01766,Steve Madden Jeans Navy,Bottoms,Steve Madden,177.0,-24.21323057161208,0.9999993089000891,1
P01764,Mango Blazers Red,Outerwear,Mango,137.74,-31.040352458195652,0.9999993089000891,1
P01741,Converse Vests Navy,Outerwear,Converse,181.34,-12.158496415423365,0.9999993089000891,1
P01763,Converse Skirts Brown,Bottoms,Converse,132.06,-31.13984774220461,0.9999993089000891,1
P01742,Steve Madden Jackets Red,Outerwear,Steve Madden,53.24,-47.926447574334894,0.9999993089000891,1
P01743,Adidas Blouses Red,Tops,Adidas,118.17,-26.593365635482662,0.9999993089000891,1
P01744,Converse Shorts Gray,Bottoms,Converse,106.79,-37.24510783334312,0.9999993089000891,1
P01745,Adidas Boots Cream,Footwear,Adidas,63.45,-37.00982825374764,0.9999993089000891,1
P01746,Nike Loafers Brown,Footwear,Nike,72.41,-25.55772591754909,0.9999993089000891,1
P01747,Nike Maxi Gray,Dresses,Nike,111.07,-25.933582288610303,0.9999993089000891,1
P01748,Nike Vests Gray,Outerwear,Nike,75.14,-31.095827602017422,0.9999993089000891,1
P01749,Massimo Dutti Sandals Gray,Footwear,Massimo Dutti,40.14,-23.059229442208167,0.9999993089000891,1
P01750,Zara Skirts Gray,Bottoms,Zara,37.22,-30.959005750324614,0.9999993089000891,1
P01751,Gap Loafers Navy,Footwear,Gap,14.31,-24.044585987261144,0.9999993089000891,1
P01752,H&M Loafers Blue,Footwear,H&M,35.85,-28.92545598731165,0.9999993089000891,1
P01753,H&M Sneakers Blue,Footwear,H&M,135.97,-28.32366895097522,0.9999993089000891,1
P01754,Adidas Evening Black,Dresses,Adidas,184.42,-14.119400204898957,0.9999993089000891,1
P01755,Steve Madden T-Shirts Green,Tops,Steve Madden,133.53,-30.576063221378806,0.9999993089000891,1
P01756,Zara Jackets White,Outerwear,Zara,53.7,-25.094155391267954,0.9999993089000891,1
P01757,Gap Jeans Navy,Bottoms,Gap,78.76,-40.12012468638333,0.9999993089000891,1
P01758,Zara Pants White,Bottoms,Zara,118.37,-41.695399468032704,0.9999993089000891,1
P01759,Gap Jackets White,Outerwear,Gap,34.52,-32.287171439780295,0.9999993089000891,1
P01760,H&M Skirts White,Bottoms,H&M,27.94,-30.27202395807337,0.9999993089000891,1
P01761,Gap Shorts Red,Bottoms,Gap,173.31,-25.793192035966605,0.9999993089000891,1
P01762,Massimo Dutti Sandals Navy,Footwear,Massimo Dutti,38.13,-45.24698449167145,0.9999993089000891,1
P01690,North Face Vests Red,Outerwear,North Face,88.46,-30.253094693684464,0.9999993089000891,1
P01689,Massimo Dutti Sneakers Green,Footwear,Massimo Dutti,75.35,-18.838862559241715,0.9999993089000891,1
P01687,Uniqlo Sneakers Navy,Footwear,Uniqlo,45.15,-42.59376986649714,0.9999993089000891,1
P01614,H&M Coats Navy,Outerwear,H&M,110.36,-26.918747102840868,0.9999993089000891,1
P01616,H&M Vests White,Outerwear,H&M,111.28,-15.492102065613611,0.9999993089000891,1
P01617,H&M Pants Black,Bottoms,H&M,97.99,-27.2855446720095,0.9999993089000891,1
P01618,Massimo Dutti Maxi White,Dresses,Massimo Dutti,21.24,-44.13466596528144,0.9999993089000891,1
P01619,Converse Pants Navy,Bottoms,Converse,76.76,-41.017365913631465,0.9999993089000891,1
P01620,Nike Sandals Red,Footwear,Nike,170.12,-30.158469496674606,0.9999993089000891,1
P01621,Adidas Pants Cream,Bottoms,Adidas,96.31,-36.845901639344255,0.9999993089000891,1
P01622,Adidas Sweaters Navy,Tops,Adidas,119.23,-16.064765927490324,0.9999993089000891,1
P01623,Uniqlo Sweaters Pink,Tops,Uniqlo,45.07,-38.150130369150546,0.9999993089000891,1
P01624,North Face Coats Pink,Outerwear,North Face,74.48,-34.64373464373464,0.9999993089000891,1
P01625,Massimo Dutti Pants Green,Bottoms,Massimo Dutti,149.83,-34.169595782073806,0.9999993089000891,1
P01626,Massimo Dutti Shorts White,Bottoms,Massimo Dutti,35.79,-25.078501151350224,0.9999993089000891,1
P01627,North Face Jeans Blue,Bottoms,North Face,151.16,-34.72947882032903,0.9999993089000891,1
P01628,Converse Sandals Cream,Footwear,Converse,154.12,-17.00145403629705,0.9999993089000891,1
P01629,Massimo Dutti Boots Brown,Footwear,Massimo Dutti,90.59,-37.142658895364974,0.9999993089000891,1
P01630,Converse Maxi Blue,Dresses,Converse,69.44,-23.6671430141805,0.9999993089000891,1
P01631,Converse Shorts Gray,Bottoms,Converse,51.3,-36.27329192546584,0.9999993089000891,1
P01632,Gap Pants Blue,Bottoms,Gap,84.84,-41.09151506735176,0.9999993089000891,1
P01633,H&M Jackets Blue,Outerwear,H&M,138.02,-33.89846743295019,0.9999993089000891,1
P01634,Uniqlo Blazers Pink,Outerwear,Uniqlo,98.67,-29.12656227553512,0.9999993089000891,1
P01635,Converse Sneakers White,Footwear,Converse,9.01,-38.075601374570454,0.9999993089000891,1
P01636,Massimo Dutti Midi Red,Dresses,Massimo Dutti,36.5,-36.88397025765174,0.9999993089000891,1
P01615,Zara Midi Red,Dresses,Zara,85.5,-21.595598349381014,0.9999993089000891,1
P01613,Mango Jackets Black,Outerwear,Mango,134.64,-14.247500159225531,0.9999993089000891,1
P01686,Zara Casual Navy,Dresses,Zara,100.44,-39.762504498020874,0.9999993089000891,1
P01612,Mango Maxi White,Dresses,Mango,122.36,-4.622340010912771,0.9999993089000891,1
P01591,Gap Pants Cream,Bottoms,Gap,133.91,-16.038623111166853,0.9999993089000891,1
P01592,Uniqlo Loafers Black,Footwear,Uniqlo,137.41,-35.71762724550898,0.9999993089000891,1
P01593,Gap Maxi Red,Dresses,Gap,84.26,-28.136460554370995,0.9999993089000891,1
P01594,North Face Midi Blue,Dresses,North Face,124.07,-29.884148064424977,0.9999993089000891,1
P01595,Nike Coats Blue,Outerwear,Nike,72.58,-46.1212976022567,0.9999993089000891,1
P01596,North Face Jeans Red,Bottoms,North Face,76.94,-25.257431513503015,0.9999993089000891,1
P01597,Uniqlo Pants Pink,Bottoms,Uniqlo,109.98,-14.518886988963153,0.9999993089000891,1
P01598,Converse T-Shirts Red,Tops,Converse,82.09,-55.2618671317238,0.9999993089000891,1
P01599,Gap Blouses Brown,Tops,Gap,79.4,-30.25911286780851,0.9999993089000891,1
P01600,Uniqlo Coats Cream,Outerwear,Uniqlo,136.22,-30.56022837334964,0.9999993089000891,1
P00002,Zara Loafers Black,Footwear,Zara,94.74,-39.350873823698876,0.9999993089000891,1
P01602,Uniqlo Jeans Black,Bottoms,Uniqlo,128.79,-40.95181330521297,0.9999993089000891,1
P01603,Massimo Dutti Blouses White,Tops,Massimo Dutti,106.49,-40.83560197788766,0.9999993089000891,1
P01604,Uniqlo Blazers Blue,Outerwear,Uniqlo,123.48,-20.49961370074684,0.9999993089000891,1
P01605,Massimo Dutti Coats Brown,Outerwear,Massimo Dutti,149.15,-29.828275699835334,0.9999993089000891,1
P01606,Gap Hoodies Green,Tops,Gap,86.42,-31.287270414248226,0.9999993089000891,1
P01607,H&M Hoodies Cream,Tops,H&M,175.27,-19.534478009365525,0.9999993089000891,1
P01608,Mango Hoodies Brown,Tops,Mango,68.84,-30.005083884087437,0.9999993089000891,1
P01609,Nike Jackets Pink,Outerwear,Nike,149.44,-11.704579025110784,0.9999993089000891,1
P01610,H&M Loafers Red,Footwear,H&M,163.72,-21.672567218448,0.9999993089000891,1
P01611,Nike Blouses White,Tops,Nike,67.37,-18.041362530413625,0.9999993089000891,1
P01637,Nike Vests White,Outerwear,Nike,41.76,-30.155544405418972,0.9999993089000891,1
P01638,H&M T-Shirts Blue,Tops,H&M,46.06,-2.8064992614475592,0.9999993089000891,1
P01639,Zara Jackets Green,Outerwear,Zara,131.95,-28.590756575386955,0.9999993089000891,1
P01640,Uniqlo Pants Green,Bottoms,Uniqlo,82.38,-15.775483079439736,0.9999993089000891,1
P01665,Massimo Dutti Evening Navy,Dresses,Massimo Dutti,149.33,-37.586725737691204,0.9999993089000891,1
P01666,Zara Maxi Brown,Dresses,Zara,98.9,-20.119538001776913,0.9999993089000891,1
P01667,Zara Midi Cream,Dresses,Zara,108.32,-16.225831399845333,0.9999993089000891,1
P01668,Gap Sweaters Red,Tops,Gap,119.45,-10.147434933052502,0.9999993089000891,1
P01669,Nike Blazers Cream,Outerwear,Nike,137.0,-34.76190476190476,0.9999993089000891,1
P01670,Mango Vests Red,Outerwear,Mango,100.41,-30.483245638327332,0.9999993089000891,1
P01671,North Face Skirts Cream,Bottoms,North Face,144.3,-25.240907677960834,0.9999993089000891,1
P01672,Converse Loafers Pink,Footwear,Converse,41.36,-16.62971175166297,0.9999993089000891,1
P01673,Levi's Skirts Pink,Bottoms,Levi's,8.4,-26.701570680628272,0.9999993089000891,1
P01674,Gap Blouses Cream,Tops,Gap,38.78,-37.82267115600448,0.9999993089000891,1
P01675,Adidas T-Shirts Cream,Tops,Adidas,92.41,-13.498081063371714,0.9999993089000891,1
P01676,Adidas Maxi Brown,Dresses,Adidas,110.59,-31.83975346687211,0.9999993089000891,1
P01677,Uniqlo Boots Black,Footwear,Uniqlo,56.13,-43.92047157558198,0.9999993089000891,1
P01678,Nike Coats Blue,Outerwear,Nike,94.36,-40.020340706839555,0.9999993089000891,1
P01679,Massimo Dutti Pants Navy,Bottoms,Massimo Dutti,91.89,-20.07480212229277,0.9999993089000891,1
P01680,Converse Sandals White,Footwear,Converse,145.64,-19.66019417475729,0.9999993089000891,1
P01681,Mango Hoodies Pink,Tops,Mango,187.46,-19.4413407821229,0.9999993089000891,1
P01682,Massimo Dutti Skirts Pink,Bottoms,Massimo Dutti,59.27,-33.79872668379314,0.9999993089000891,1
P01683,Levi's Shorts Green,Bottoms,Levi's,34.34,-24.06015037593984,0.9999993089000891,1
P01684,Steve Madden Sweaters Pink,Tops,Steve Madden,126.22,-40.70280935826365,0.9999993089000891,1
P01685,Massimo Dutti T-Shirts Navy,Tops,Massimo Dutti,128.08,-31.8251982754032,0.9999993089000891,1
P01664,Levi's Jackets Black,Outerwear,Levi's,80.34,-31.961382113821134,0.9999993089000891,1
P01663,Mango Sweaters Navy,Tops,Mango,46.2,-21.34831460674157,0.9999993089000891,1
P01662,H&M Maxi Green,Dresses,H&M,19.9,-21.52996845425868,0.9999993089000891,1
P01650,North Face Blazers Gray,Outerwear,North Face,31.27,-39.32867675591773,0.9999993089000891,1
P01641,Uniqlo Blouses Navy,Tops,Uniqlo,121.23,-30.295538178472853,0.9999993089000891,1
P01642,Massimo Dutti Blouses White,Tops,Massimo Dutti,68.26,-43.726298433635606,0.9999993089000891,1
P01643,Converse Pants White,Bottoms,Converse,207.64,-9.446140427387713,0.9999993089000891,1
P01644,Uniqlo Jackets White,Outerwear,Uniqlo,52.8,-16.32329635499208,0.9999993089000891,1
P01645,Zara Loafers Red,Footwear,Zara,88.58,-31.92437749769444,0.9999993089000891,1
P01646,Zara Maxi Cream,Dresses,Zara,46.52,-23.962079110820525,0.9999993089000891,1
P01647,Levi's Hoodies Pink,Tops,Levi's,58.94,-20.64090480678605,0.9999993089000891,1
P01648,Nike Skirts Cream,Bottoms,Nike,144.98,-11.044299914099891,0.9999993089000891,1
P01649,Nike Hoodies Brown,Tops,Nike,85.58,-30.49622350361407,0.9999993089000891,1
P01651,Zara Boots Pink,Footwear,Zara,203.58,-10.344827586206888,0.9999993089000891,1
P01661,Steve Madden Blazers Pink,Outerwear,Steve Madden,12.05,-39.840239640539195,0.9999993089000891,1
P01652,Converse Sneakers White,Footwear,Converse,39.33,-24.36538461538462,0.9999993089000891,1
P01653,Mango Pants Blue,Bottoms,Mango,121.93,-27.14942940789867,0.9999993089000891,1
P01654,Steve Madden Shorts Cream,Bottoms,Steve Madden,188.32,-7.559395248380133,0.9999993089000891,1
P01655,H&M T-Shirts Blue,Tops,H&M,78.39,-41.460682547979985,0.9999993089000891,1
P01656,Steve Madden Pants Navy,Bottoms,Steve Madden,151.79,-24.241365542024365,0.9999993089000891,1
P01657,Mango T-Shirts Navy,Tops,Mango,61.91,-21.662659749462236,0.9999993089000891,1
P01658,Massimo Dutti Maxi Gray,Dresses,Massimo Dutti,44.55,-26.00896860986548,0.9999993089000891,1
P01659,Mango T-Shirts Navy,Tops,Mango,139.5,-21.239837398373986,0.9999993089000891,1
P01660,Steve Madden Loafers Cream,Footwear,Steve Madden,90.84,-45.49381975279011,0.9999993089000891,1
P01788,Mango Hoodies Blue,Tops,Mango,104.16,-35.54056562906121,0.9999993089000891,1
P01789,Uniqlo Sneakers White,Footwear,Uniqlo,47.74,-33.30539256775636,0.9999993089000891,1
P01790,Massimo Dutti Evening Green,Dresses,Massimo Dutti,22.11,-32.0945945945946,0.9999993089000891,1
P01915,Levi's Sneakers Blue,Footwear,Levi's,116.02,-22.19688841201717,0.9999993089000891,1
P01917,Gap Sweaters Brown,Tops,Gap,153.42,-27.662784666886708,0.9999993089000891,1
P01918,Gap Sweaters Green,Tops,Gap,87.45,-31.15799417460442,0.9999993089000891,1
P01919,Massimo Dutti Sweaters White,Tops,Massimo Dutti,126.91,-15.376408615056347,0.9999993089000891,1
P01920,Levi's Blazers Gray,Outerwear,Levi's,147.46,-21.41753264055422,0.9999993089000891,1
P01921,Zara Skirts Pink,Bottoms,Zara,99.99,-31.784690953745404,0.9999993089000891,1
P01922,Massimo Dutti Jeans White,Bottoms,Massimo Dutti,39.96,-39.60096735187424,0.9999993089000891,1
P01923,North Face Casual Brown,Dresses,North Face,133.89,-27.110893352931576,0.9999993089000891,1
P01924,Zara Shorts Gray,Bottoms,Zara,201.74,-16.577761237232767,0.9999993089000891,1
P01925,North Face Loafers Pink,Footwear,North Face,86.93,-31.873040752351088,0.9999993089000891,1
P01926,Converse Maxi Pink,Dresses,Converse,138.08,-34.40691653603153,0.9999993089000891,1
P01927,Mango Midi Black,Dresses,Mango,101.6,-51.069158158350994,0.9999993089000891,1
P01928,Zara Sweaters Pink,Tops,Zara,123.77,-35.270121855551494,0.9999993089000891,1
P01929,Steve Madden Skirts Black,Bottoms,Steve Madden,142.52,-19.22924341173136,0.9999993089000891,1
P01930,Gap Jeans White,Bottoms,Gap,44.53,-21.588307800669128,0.9999993089000891,1
P01931,Uniqlo Coats Black,Outerwear,Uniqlo,26.63,-31.08178053830228,0.9999993089000891,1
P01932,Massimo Dutti Maxi Blue,Dresses,Massimo Dutti,33.31,-41.0859568447117,0.9999993089000891,1
P01933,North Face Jackets Red,Outerwear,North Face,119.93,-35.94167289819463,0.9999993089000891,1
P01934,Uniqlo Coats White,Outerwear,Uniqlo,194.47,-9.295708955223883,0.9999993089000891,1
P01935,Levi's Loafers Cream,Footwear,Levi's,115.22,-0.3545792614373403,0.9999993089000891,1
P01936,Steve Madden Casual Gray,Dresses,Steve Madden,34.1,-8.185245018847601,0.9999993089000891,1
P01937,Mango Vests White,Outerwear,Mango,162.62,-20.029505778214897,0.9999993089000891,1
P01916,North Face Boots Black,Footwear,North Face,150.51,-4.529019980970514,0.9999993089000891,1
P01914,Uniqlo Blazers Red,Outerwear,Uniqlo,111.81,-35.122432401067655,0.9999993089000891,1
P01890,North Face Pants Cream,Bottoms,North Face,104.42,-29.153945315150274,0.9999993089000891,1
P01913,Uniqlo Loafers Gray,Footwear,Uniqlo,60.18,-27.362703681351835,0.9999993089000891,1
P01892,Adidas Vests Red,Outerwear,Adidas,139.19,-39.10932236755764,0.9999993089000891,1
P01893,Levi's Hoodies White,Tops,Levi's,155.88,-14.768440045929243,0.9999993089000891,1
P01894,Zara Boots Brown,Footwear,Zara,140.65,-38.32492874369656,0.9999993089000891,1
P01895,H&M Jackets Pink,Outerwear,H&M,123.1,-25.488771866109804,0.9999993089000891,1
P01896,Uniqlo Boots Navy,Footwear,Uniqlo,127.92,-39.833497954000286,0.9999993089000891,1
P01897,North Face Boots Red,Footwear,North Face,168.72,-11.00796455509257,0.9999993089000891,1
P01898,Levi's Jackets Pink,Outerwear,Levi's,70.39,-7.890604553781734,0.9999993089000891,1
P01899,Levi's Coats Cream,Outerwear,Levi's,12.34,-44.03628117913833,0.9999993089000891,1
P01900,Levi's Coats Black,Outerwear,Levi's,174.79,-15.458282950423222,0.9999993089000891,1
P01901,Massimo Dutti Sweaters Brown,Tops,Massimo Dutti,101.56,-24.52998439473879,0.9999993089000891,1
P01902,Levi's T-Shirts Brown,Tops,Levi's,95.23,-33.04977502812149,0.9999993089000891,1
P01903,Steve Madden Blouses Cream,Tops,Steve Madden,94.42,-33.50235932107895,0.9999993089000891,1
P01904,North Face Loafers Gray,Footwear,North Face,113.32,-34.86233258607807,0.9999993089000891,1
P01905,Zara Skirts Black,Bottoms,Zara,144.91,-39.54778690918193,0.9999993089000891,1
P01906,H&M Sandals Cream,Footwear,H&M,49.66,-32.81926406926408,0.9999993089000891,1
P01907,Levi's T-Shirts Green,Tops,Levi's,165.05,-17.210072231139648,0.9999993089000891,1
P01908,Uniqlo Blouses Cream,Tops,Uniqlo,28.54,-28.273435536566975,0.9999993089000891,1
P01909,Massimo Dutti Hoodies White,Tops,Massimo Dutti,186.81,-22.243496357960456,0.9999993089000891,1
P01910,Gap Sweaters Navy,Tops,Gap,172.61,-29.93017780303645,0.9999993089000891,1
P01911,Adidas Vests Navy,Outerwear,Adidas,26.02,-21.67369054786273,0.9999993089000891,1
P01912,Levi's Coats Navy,Outerwear,Levi's,34.15,-30.049160180254,0.9999993089000891,1
P01938,Nike Hoodies Cream,Tops,Nike,20.64,-25.54112554112554,0.9999993089000891,1
P01939,Steve Madden Boots Red,Footwear,Steve Madden,127.78,-43.013869687374566,0.9999993089000891,1
P01940,North Face Casual Gray,Dresses,North Face,33.83,-39.11087113030958,0.9999993089000891,1
P01941,Nike Sneakers Blue,Footwear,Nike,203.46,-15.267366316841576,0.9999993089000891,1
P01966,Massimo Dutti Pants Pink,Bottoms,Massimo Dutti,16.49,-35.02758077226163,0.9999993089000891,1
P01967,Mango Sneakers Brown,Footwear,Mango,92.94,-18.330404217926187,0.9999993089000891,1
P01968,Levi's Midi Blue,Dresses,Levi's,17.28,-18.796992481203006,0.9999993089000891,1
P01969,Zara Maxi Green,Dresses,Zara,95.51,-52.6967460749839,0.9999993089000891,1
P01970,Gap Sweaters Blue,Tops,Gap,20.93,-31.712887438825447,0.9999993089000891,1
P01971,Massimo Dutti Hoodies Red,Tops,Massimo Dutti,97.0,-21.88758254147206,0.9999993089000891,1
P01972,North Face Sweaters Green,Tops,North Face,58.38,-27.675916749256686,0.9999993089000891,1
P01973,Gap Boots Green,Footwear,Gap,197.88,-16.241269841269844,0.9999993089000891,1
P01974,North Face Casual Brown,Dresses,North Face,16.16,-32.86248442044038,0.9999993089000891,1
P01975,Zara Pants Cream,Bottoms,Zara,141.67,-35.55767831149928,0.9999993089000891,1
P01976,Massimo Dutti T-Shirts White,Tops,Massimo Dutti,119.2,-27.810077519379846,0.9999993089000891,1
P01977,Uniqlo Loafers Pink,Footwear,Uniqlo,43.7,-12.337011033099294,0.9999993089000891,1
P01978,North Face Maxi Green,Dresses,North Face,112.5,-30.8288243974422,0.9999993089000891,1
P01979,Converse Evening Red,Dresses,Converse,176.7,-28.255308782329774,0.9999993089000891,1
P01980,Mango Midi Cream,Dresses,Mango,44.45,-31.01039888250815,0.9999993089000891,1
P01981,Mango Maxi Brown,Dresses,Mango,22.81,-11.828372632392743,0.9999993089000891,1
P01982,Uniqlo Maxi Gray,Dresses,Uniqlo,54.35,-6.115045776472619,0.9999993089000891,1
P01983,Mango Maxi Pink,Dresses,Mango,96.03,-21.55052691773548,0.9999993089000891,1
P01984,Mango T-Shirts Brown,Tops,Mango,25.47,-17.278337122442352,0.9999993089000891,1
P01985,Levi's Jackets White,Outerwear,Levi's,149.74,-27.360046570292024,0.9999993089000891,1
P01986,Converse Vests Pink,Outerwear,Converse,13.77,-23.922651933701665,0.9999993089000891,1
P01965,North Face Sweaters Green,Tops,North Face,44.32,-33.07157958320749,0.9999993089000891,1
P01964,Nike Skirts Green,Bottoms,Nike,21.79,-32.80912735121801,0.9999993089000891,1
P01963,Steve Madden Midi Red,Dresses,Steve Madden,196.96,-21.02012992220707,0.9999993089000891,1
P01951,Steve Madden Maxi Navy,Dresses,Steve Madden,213.19,-6.516114887086171,0.9999993089000891,1
P01942,Adidas Loafers Gray,Footwear,Adidas,114.54,-38.8402392140111,0.9999993089000891,1
P01943,H&M Blazers Pink,Outerwear,H&M,129.86,-9.201510278282754,0.9999993089000891,1
P01944,Nike Vests Blue,Outerwear,Nike,65.64,-43.844640260073575,0.9999993089000891,1
P01945,Nike Sandals Green,Footwear,Nike,20.02,-27.64727141308277,0.9999993089000891,1
P01946,Mango Evening Navy,Dresses,Mango,174.0,-18.48971752471073,0.9999993089000891,1
P01947,H&M Jeans Pink,Bottoms,H&M,20.62,-36.57336204244847,0.9999993089000891,1
P01948,Steve Madden Casual White,Dresses,Steve Madden,108.71,-30.4166933367471,0.9999993089000891,1
P01949,Levi's Loafers White,Footwear,Levi's,169.32,-21.828254847645432,0.9999993089000891,1
P01950,Adidas Sandals Red,Footwear,Adidas,85.92,-41.32750614586179,0.9999993089000891,1
P01952,Steve Madden Skirts Brown,Bottoms,Steve Madden,159.51,-22.56044276143315,0.9999993089000891,1
P01962,Converse Skirts Red,Bottoms,Converse,172.27,-31.423908283905895,0.9999993089000891,1
P01953,Massimo Dutti Hoodies Brown,Tops,Massimo Dutti,159.25,-26.102088167053367,0.9999993089000891,1
P01954,Nike Blouses Pink,Tops,Nike,37.69,-41.93498690494531,0.9999993089000891,1
P01955,Levi's Sandals Green,Footwear,Levi's,108.67,-18.860598820279254,0.9999993089000891,1
P01956,Adidas Loafers Black,Footwear,Adidas,43.84,-21.433691756272392,0.9999993089000891,1
P01957,H&M Hoodies Brown,Tops,H&M,52.48,-32.769664360748145,0.9999993089000891,1
P01958,North Face Boots Pink,Footwear,North Face,162.73,-23.811976216114992,0.9999993089000891,1
P01959,Converse Jackets Black,Outerwear,Converse,65.08,-26.6373576823357,0.9999993089000891,1
P01960,Gap Jackets Blue,Outerwear,Gap,88.43,-33.650960384153656,0.9999993089000891,1
P01961,Levi's Coats Red,Outerwear,Levi's,193.24,-19.800788545341348,0.9999993089000891,1
P01891,Levi's Skirts Green,Bottoms,Levi's,97.93,-32.73114438796539,0.9999993089000891,1
P01889,North Face Skirts Black,Bottoms,North Face,121.26,-35.92602377807133,0.9999993089000891,1
P01792,Gap Maxi White,Dresses,Gap,32.91,-8.328690807799449,0.9999993089000891,1
P01816,North Face Pants Green,Bottoms,North Face,82.84,-12.91916325028907,0.9999993089000891,1
P01818,Nike Vests Red,Outerwear,Nike,15.85,-40.301318267419965,0.9999993089000891,1
P01819,Adidas Skirts White,Bottoms,Adidas,124.77,-24.07351061887666,0.9999993089000891,1
P01820,Steve Madden Shorts Gray,Bottoms,Steve Madden,101.95,-35.79974811083124,0.9999993089000891,1
P01821,Adidas Pants Red,Bottoms,Adidas,138.12,-37.93196422954208,0.9999993089000891,1
P01822,Levi's Coats Green,Outerwear,Levi's,151.26,-28.802071075547186,0.9999993089000891,1
P01823,Steve Madden Sandals Navy,Footwear,Steve Madden,94.93,-11.643708116157846,0.9999993089000891,1
P01824,Uniqlo Coats Black,Outerwear,Uniqlo,198.47,-10.936097648537068,0.9999993089000891,1
P01825,Nike Shorts Brown,Bottoms,Nike,56.73,-6.184885066975363,0.9999993089000891,1
P01826,Uniqlo Boots Green,Footwear,Uniqlo,122.83,-22.22503640853543,0.9999993089000891,1
P01827,Massimo Dutti Sweaters Gray,Tops,Massimo Dutti,135.8,-19.758922240605056,0.9999993089000891,1
P01828,Zara Coats White,Outerwear,Zara,22.26,-45.70731707317073,0.9999993089000891,1
P01829,Zara Sandals Black,Footwear,Zara,105.99,-35.35224153705398,0.9999993089000891,1
P01830,Gap Sneakers Brown,Footwear,Gap,133.99,-17.218583961448168,0.9999993089000891,1
P01831,Adidas Loafers Pink,Footwear,Adidas,124.93,-24.385667594722186,0.9999993089000891,1
P01832,Massimo Dutti Vests Green,Outerwear,Massimo Dutti,108.64,-8.18120351588911,0.9999993089000891,1
P01833,Adidas Vests Navy,Outerwear,Adidas,33.71,-31.33020981870035,0.9999993089000891,1
P01834,Zara Vests Navy,Outerwear,Zara,144.99,-24.961184142428312,0.9999993089000891,1
P01835,H&M Sandals Gray,Footwear,H&M,45.81,-23.394648829431432,0.9999993089000891,1
P01836,Uniqlo Evening Brown,Dresses,Uniqlo,151.42,-36.15550027406502,0.9999993089000891,1
P01837,Adidas Pants White,Bottoms,Adidas,48.38,-30.757120366394737,0.9999993089000891,1
P01838,Levi's Sandals Cream,Footwear,Levi's,30.18,-29.58469435370975,0.9999993089000891,1
P01817,Uniqlo Pants White,Bottoms,Uniqlo,52.58,-35.893684467203116,0.9999993089000891,1
P01815,H&M Midi Red,Dresses,H&M,87.5,-26.655490360435873,0.9999993089000891,1
P01888,Zara Sneakers Pink,Footwear,Zara,86.86,-26.01362862010222,0.9999993089000891,1
P01814,Nike Skirts Green,Bottoms,Nike,109.44,-28.052067582670443,0.9999993089000891,1
P01793,Steve Madden Loafers Cream,Footwear,Steve Madden,96.55,-38.30276694996486,0.9999993089000891,1
P01794,Adidas Sneakers Gray,Footwear,Adidas,225.17,-8.337064929778148,0.9999993089000891,1
P01795,Gap Coats White,Outerwear,Gap,90.11,-37.34529272701989,0.9999993089000891,1
P01796,H&M Midi Cream,Dresses,H&M,110.15,-41.952993254637434,0.9999993089000891,1
P01797,Levi's T-Shirts Gray,Tops,Levi's,30.64,-39.51835767864192,0.9999993089000891,1
P01798,Nike Sweaters Red,Tops,Nike,133.06,-1.4662322274881443,0.9999993089000891,1
P01799,Nike Maxi White,Dresses,Nike,217.28,-5.914956265696716,0.9999993089000891,1
P01800,Nike Blazers Brown,Outerwear,Nike,19.54,-32.92138688637144,0.9999993089000891,1
P01801,H&M Sandals Red,Footwear,H&M,65.53,-28.083845478489906,0.9999993089000891,1
P01802,Uniqlo Skirts Navy,Bottoms,Uniqlo,100.48,-34.93070845745369,0.9999993089000891,1
P01803,Converse Skirts Brown,Bottoms,Converse,27.7,-17.28874290833085,0.9999993089000891,1
P01804,Steve Madden Evening Red,Dresses,Steve Madden,163.6,-5.825466267556991,0.9999993089000891,1
P01805,Massimo Dutti Evening Pink,Dresses,Massimo Dutti,94.71,-29.299790982382813,0.9999993089000891,1
P01806,Zara Skirts Black,Bottoms,Zara,143.13,-36.44033926906168,0.9999993089000891,1
P01807,Zara Coats Pink,Outerwear,Zara,119.31,-36.23536956870291,0.9999993089000891,1
P01808,Converse Pants Brown,Bottoms,Converse,43.76,-32.19708707778123,0.9999993089000891,1
P01809,Mango Vests Red,Outerwear,Mango,112.13,-19.057243918284854,0.9999993089000891,1
P01810,Uniqlo T-Shirts Blue,Tops,Uniqlo,84.95,-28.631437452743004,0.9999993089000891,1
P01811,Massimo Dutti Evening Red,Dresses,Massimo Dutti,49.82,-31.481226791362943,0.9999993089000891,1
P01812,Zara Sneakers White,Footwear,Zara,88.79,-42.077108748124466,0.9999993089000891,1
P01813,Converse Casual Blue,Dresses,Converse,80.04,-34.17221811004194,0.9999993089000891,1
P01839,Converse Blouses Blue,Tops,Converse,105.82,-28.003810042182607,0.9999993089000891,1
P01840,Steve Madden Blazers Black,Outerwear,Steve Madden,196.38,-20.986561519272552,0.9999993089000891,1
P01841,H&M Shorts Pink,Bottoms,H&M,101.14,-24.89789856686715,0.9999993089000891,1
P01842,Levi's Boots White,Footwear,Levi's,114.42,-19.38279433523568,0.9999993089000891,1
P01867,North Face Loafers Brown,Footwear,North Face,180.0,-29.052855622561196,0.9999993089000891,1
P01868,Zara Sandals Green,Footwear,Zara,163.03,-21.744347909566557,0.9999993089000891,1
P01869,Adidas Shorts Green,Bottoms,Adidas,129.31,-21.205289135336063,0.9999993089000891,1
P01870,Nike Hoodies Cream,Tops,Nike,69.11,-25.783934707903782,0.9999993089000891,1
P01871,North Face T-Shirts Gray,Tops,North Face,39.34,-24.083365495947504,0.9999993089000891,1
P01872,Uniqlo Jeans Navy,Bottoms,Uniqlo,99.42,-28.34078131757244,0.9999993089000891,1
P01873,Uniqlo Sneakers Pink,Footwear,Uniqlo,138.6,-20.77283640105179,0.9999993089000891,1
P01874,Converse Jeans White,Bottoms,Converse,150.76,-13.18168730204435,0.9999993089000891,1
P01875,Steve Madden Hoodies Black,Tops,Steve Madden,14.07,-25.159574468085104,0.9999993089000891,1
P01876,Mango Shorts Navy,Bottoms,Mango,192.27,-19.904186627785876,0.9999993089000891,1
P01877,North Face Coats Green,Outerwear,North Face,96.97,-19.117524397364253,0.9999993089000891,1
P01878,Massimo Dutti Pants Brown,Bottoms,Massimo Dutti,69.82,-20.973401245048105,0.9999993089000891,1
P01879,North Face Loafers Brown,Footwear,North Face,104.19,-22.286865070485565,0.9999993089000891,1
P01880,H&M Sneakers Pink,Footwear,H&M,8.02,-34.58401305057097,0.9999993089000891,1
P01881,North Face Shorts Gray,Bottoms,North Face,68.4,-12.766228797347265,0.9999993089000891,1
P01882,North Face Blouses White,Tops,North Face,107.21,-26.20964966618487,0.9999993089000891,1
P01883,Adidas Jackets White,Outerwear,Adidas,112.2,-31.034482758620683,0.9999993089000891,1
P01884,Levi's Loafers Cream,Footwear,Levi's,102.34,-19.67032967032967,0.9999993089000891,1
P01885,Adidas Blazers Pink,Outerwear,Adidas,89.71,-38.50003427709605,0.9999993089000891,1
P01886,Converse Shorts Gray,Bottoms,Converse,151.44,-29.674003900808028,0.9999993089000891,1
P01887,Uniqlo Sweaters White,Tops,Uniqlo,112.47,-35.41774332472007,0.9999993089000891,1
P01866,Steve Madden Shorts Green,Bottoms,Steve Madden,177.22,-29.974711553658928,0.9999993089000891,1
P01865,North Face Jackets Pink,Outerwear,North Face,132.55,-20.05910379349858,0.9999993089000891,1
P01864,Levi's Midi Blue,Dresses,Levi's,86.64,-38.994507815800596,0.9999993089000891,1
P01852,Zara Blouses Green,Tops,Zara,94.45,-25.14068320519933,0.9999993089000891,1
P01843,H&M Boots Gray,Footwear,H&M,110.59,-26.92612660235232,0.9999993089000891,1
P01844,Uniqlo Vests Pink,Outerwear,Uniqlo,48.75,-29.765163521106462,0.9999993089000891,1
P01845,Steve Madden Boots Brown,Footwear,Steve Madden,91.82,-29.607482367371972,0.9999993089000891,1
P01846,Mango Vests White,Outerwear,Mango,152.07,-35.34163867511374,0.9999993089000891,1
P01847,Zara Jackets Brown,Outerwear,Zara,105.64,-37.216213003684764,0.9999993089000891,1
P01848,North Face Shorts Navy,Bottoms,North Face,64.36,-42.31424217979743,0.9999993089000891,1
P01849,H&M Loafers Blue,Footwear,H&M,139.47,-23.28382838283829,0.9999993089000891,1
P01850,North Face Sweaters Green,Tops,North Face,24.88,-19.948519948519948,0.9999993089000891,1
P01851,Mango Evening Green,Dresses,Mango,13.41,-20.97819681791396,0.9999993089000891,1
P01853,Adidas Maxi Navy,Dresses,Adidas,147.82,-10.063275736188865,0.9999993089000891,1
P01863,Mango Sandals Gray,Footwear,Mango,170.26,-30.726666124176095,0.9999993089000891,1
P01854,Converse T-Shirts Brown,Tops,Converse,135.56,-38.00704257557049,0.9999993089000891,1
P01855,North Face Coats Navy,Outerwear,North Face,99.07,-25.522477822883786,0.9999993089000891,1
P01856,Nike Jeans Cream,Bottoms,Nike,33.62,-10.274886575927413,0.9999993089000891,1
P01857,Nike Vests Red,Outerwear,Nike,89.08,-42.06555671175858,0.9999993089000891,1
P01858,Levi's Jackets Brown,Outerwear,Levi's,20.32,-36.18090452261307,0.9999993089000891,1
P01859,Mango Casual Navy,Dresses,Mango,133.48,-30.15175300889587,0.9999993089000891,1
P01860,Mango Midi Green,Dresses,Mango,115.44,-32.695895522388064,0.9999993089000891,1
P01861,Gap Boots Brown,Footwear,Gap,102.01,-28.293265851258255,0.9999993089000891,1
P01862,Levi's Jackets Brown,Outerwear,Levi's,68.72,-21.002414070582823,0.9999993089000891,1
P02393,North Face Skirts Gray,Bottoms,North Face,85.01,-31.652998874417104,0.9999993089000891,1
P02395,H&M Hoodies Pink,Tops,H&M,120.63,-30.74405787116776,0.9999993089000891,1
P01589,Massimo Dutti T-Shirts Pink,Tops,Massimo Dutti,107.69,-26.45130446660292,0.9999993089000891,1
P02926,Mango Evening Blue,Dresses,Mango,42.8,-34.895041070885306,0.9999993089000891,1
P02928,Gap T-Shirts Brown,Tops,Gap,77.82,-12.275955360162328,0.9999993089000891,1
P02929,Adidas Boots Blue,Footwear,Adidas,142.51,-37.164902998236336,0.9999993089000891,1
P02930,Adidas Sweaters Green,Tops,Adidas,72.0,-23.011120615911032,0.9999993089000891,1
P02931,Adidas Sneakers Cream,Footwear,Adidas,82.74,-9.196663740122926,0.9999993089000891,1
P02932,Levi's Jackets Red,Outerwear,Levi's,20.93,-31.757417671992176,0.9999993089000891,1
P02933,Uniqlo Loafers Green,Footwear,Uniqlo,78.91,-34.95177644052428,0.9999993089000891,1
P02934,Uniqlo Midi Cream,Dresses,Uniqlo,95.83,-9.303426083664583,0.9999993089000891,1
P02935,Zara Vests Cream,Outerwear,Zara,119.51,-29.69586446261545,0.9999993089000891,1
P02936,Zara Evening Blue,Dresses,Zara,31.41,-42.207911683532664,0.9999993089000891,1
P02937,Steve Madden Jackets Cream,Outerwear,Steve Madden,170.17,-30.16947761500267,0.9999993089000891,1
P02938,Nike Sweaters Brown,Tops,Nike,52.46,-35.592387968078576,0.9999993089000891,1
P02939,Nike Casual Gray,Dresses,Nike,86.8,-16.770543676287282,0.9999993089000891,1
P02940,Uniqlo Boots Pink,Footwear,Uniqlo,64.54,-17.499680429502746,0.9999993089000891,1
P02941,Levi's Skirts White,Bottoms,Levi's,60.22,-19.685249399839964,0.9999993089000891,1
P02942,Levi's Blouses Navy,Tops,Levi's,41.64,-36.572734196496576,0.9999993089000891,1
P02943,Steve Madden Jeans Gray,Bottoms,Steve Madden,93.95,-9.06011034749782,0.9999993089000891,1
P02944,Mango Jackets Black,Outerwear,Mango,48.4,-1.1639779456810297,0.9999993089000891,1
P02945,Gap Jackets Pink,Outerwear,Gap,160.98,-14.811874900777905,0.9999993089000891,1
P02946,Levi's Vests Black,Outerwear,Levi's,147.81,-16.112372304199766,0.9999993089000891,1
P02947,Zara Hoodies Cream,Tops,Zara,197.48,-8.285342745680849,0.9999993089000891,1
P02948,H&M Sandals Navy,Footwear,H&M,141.91,-31.563464506172846,0.9999993089000891,1
P02927,Converse Sweaters Navy,Tops,Converse,95.67,-27.396220687561662,0.9999993089000891,1
P02925,Converse Jeans Red,Bottoms,Converse,94.13,-42.582652189825545,0.9999993089000891,1
P02950,North Face Skirts Brown,Bottoms,North Face,75.6,-32.55419751985013,0.9999993089000891,1
P02924,Massimo Dutti Skirts Gray,Bottoms,Massimo Dutti,164.88,-15.163365063030614,0.9999993089000891,1
P02903,Steve Madden Blazers Brown,Outerwear,Steve Madden,98.26,-21.74882535637492,0.9999993089000891,1
P02904,Steve Madden Coats Green,Outerwear,Steve Madden,106.24,-12.975098296199217,0.9999993089000891,1
P02905,Adidas Boots Blue,Footwear,Adidas,214.49,-16.883670464233123,0.9999993089000891,1
P02906,North Face Sneakers Black,Footwear,North Face,26.25,-40.19138755980861,0.9999993089000891,1
P02907,Steve Madden Sweaters Blue,Tops,Steve Madden,21.73,-16.294298921417568,0.9999993089000891,1
P02908,Nike Pants Black,Bottoms,Nike,99.82,-22.009531994687087,0.9999993089000891,1
P02909,Converse Sandals Brown,Footwear,Converse,120.0,-15.907498248072875,0.9999993089000891,1
P02910,North Face Jackets Red,Outerwear,North Face,38.66,-29.86211901306241,0.9999993089000891,1
P02911,North Face Blouses Black,Tops,North Face,53.23,-16.593544343466004,0.9999993089000891,1
P02912,Massimo Dutti Sweaters Green,Tops,Massimo Dutti,58.37,-15.552662037037045,0.9999993089000891,1
P02913,Uniqlo Blazers White,Outerwear,Uniqlo,46.43,-17.910183875530414,0.9999993089000891,1
P02914,Converse Sneakers Navy,Footwear,Converse,55.05,-33.762483455661176,0.9999993089000891,1
P02915,Adidas Jackets Brown,Outerwear,Adidas,48.09,-27.53164556962025,0.9999993089000891,1
P02916,Converse Maxi Brown,Dresses,Converse,197.28,-22.789714688270514,0.9999993089000891,1
P02917,North Face Sweaters White,Tops,North Face,62.37,-36.3506480253087,0.9999993089000891,1
P02918,Gap Skirts Black,Bottoms,Gap,132.8,-5.108967488388695,0.9999993089000891,1
P02919,Uniqlo Jackets Cream,Outerwear,Uniqlo,160.98,-27.528924503669028,0.9999993089000891,1
P02920,Mango Blazers Navy,Outerwear,Mango,131.44,-29.9322991630684,0.9999993089000891,1
P02921,Steve Madden Casual Cream,Dresses,Steve Madden,29.28,-17.124257005377856,0.9999993089000891,1
P02922,Uniqlo Hoodies Black,Tops,Uniqlo,54.27,-39.99336576735957,0.9999993089000891,1
P02923,Converse Coats Brown,Outerwear,Converse,132.37,-12.655889145496541,0.9999993089000891,1
P02949,Nike Sneakers Blue,Footwear,Nike,77.15,-28.23255813953488,0.9999993089000891,1
P02951,Gap Vests White,Outerwear,Gap,133.82,-34.14370078740158,0.9999993089000891,1
P02799,Uniqlo Boots Black,Footwear,Uniqlo,200.93,-17.118343439343313,0.9999993089000891,1
P02977,H&M Maxi Cream,Dresses,H&M,181.28,-4.739884393063589,0.9999993089000891,1
P02979,Zara Skirts White,Bottoms,Zara,57.48,-24.892199137593106,0.9999993089000891,1
P02980,North Face Shorts Gray,Bottoms,North Face,107.92,-28.953258722843977,0.9999993089000891,1
P02981,Steve Madden Vests Brown,Outerwear,Steve Madden,102.86,-17.021619877379795,0.9999993089000891,1
P02982,Levi's Midi Blue,Dresses,Levi's,140.02,-18.107380980231593,0.9999993089000891,1
P02983,Massimo Dutti Hoodies Gray,Tops,Massimo Dutti,83.61,-29.454944313196087,0.9999993089000891,1
P02984,Uniqlo Sweaters Green,Tops,Uniqlo,87.55,-30.015987210231813,0.9999993089000891,1
P02985,Gap Jackets Blue,Outerwear,Gap,43.05,-3.453689167974896,0.9999993089000891,1
P02986,H&M Shorts Green,Bottoms,H&M,120.71,-40.168525402726154,0.9999993089000891,1
P02987,Gap Pants Gray,Bottoms,Gap,124.43,-43.82646381653198,0.9999993089000891,1
P02988,Converse Maxi Navy,Dresses,Converse,68.96,-20.744741983680047,0.9999993089000891,1
P02989,Gap Sweaters Blue,Tops,Gap,113.55,-36.95519404808174,0.9999993089000891,1
P02990,Gap Blazers White,Outerwear,Gap,21.92,-31.564158601311266,0.9999993089000891,1
P02991,Nike Casual Green,Dresses,Nike,116.48,-30.806700724723772,0.9999993089000891,1
P02992,Massimo Dutti Sweaters Black,Tops,Massimo Dutti,185.84,-18.099687100612574,0.9999993089000891,1
P02993,Steve Madden Sneakers Navy,Footwear,Steve Madden,166.94,-13.86853781859457,0.9999993089000891,1
P02994,Mango Shorts Brown,Bottoms,Mango,231.26,-4.975962526194689,0.9999993089000891,1
P02995,Massimo Dutti Pants Pink,Bottoms,Massimo Dutti,148.8,-42.04704782676429,0.9999993089000891,1
P02996,Uniqlo Shorts Gray,Bottoms,Uniqlo,140.28,-35.84853889422417,0.9999993089000891,1
P02997,Nike Boots Black,Footwear,Nike,61.2,-29.985127559775766,0.9999993089000891,1
P02998,Zara Shorts Pink,Bottoms,Zara,44.76,-42.10322079937912,0.9999993089000891,1
P02999,Uniqlo Evening Blue,Dresses,Uniqlo,147.63,-22.69061583577713,0.9999993089000891,1
P02978,Massimo Dutti Blouses Pink,Tops,Massimo Dutti,136.34,-23.78982671883734,0.9999993089000891,1
P02976,Levi's Sneakers Cream,Footwear,Levi's,85.14,-47.26867335562988,0.9999993089000891,1
P02952,Mango Shorts White,Bottoms,Mango,180.97,-23.27553313265782,0.9999993089000891,1
P02975,Steve Madden Maxi Brown,Dresses,Steve Madden,191.28,-24.917569477154967,0.9999993089000891,1
P02953,North Face Jeans Brown,Bottoms,North Face,170.66,-22.18675907349991,0.9999993089000891,1
P02954,Levi's Casual Navy,Dresses,Levi's,183.26,-26.060117006253787,0.9999993089000891,1
P02955,Converse Blouses Pink,Tops,Converse,118.76,-34.379489446347655,0.9999993089000891,1
P02956,Massimo Dutti T-Shirts Pink,Tops,Massimo Dutti,108.52,-38.045215802694685,0.9999993089000891,1
P02957,H&M Evening Green,Dresses,H&M,119.0,-47.53086419753087,0.9999993089000891,1
P02958,Converse Coats Pink,Outerwear,Converse,102.51,-38.77806975633062,0.9999993089000891,1
P02959,Mango Sweaters Red,Tops,Mango,70.88,-11.17794486215539,0.9999993089000891,1
P02960,Mango Boots Gray,Footwear,Mango,189.76,-25.347181242377754,0.9999993089000891,1
P02961,Adidas Jeans Navy,Bottoms,Adidas,37.89,-40.52738973473552,0.9999993089000891,1
P02962,Mango Casual Navy,Dresses,Mango,32.79,-24.23752310536045,0.9999993089000891,1
P02963,Steve Madden Coats Gray,Outerwear,Steve Madden,137.39,-17.66644693473963,0.9999993089000891,1
P02965,Converse Midi Green,Dresses,Converse,36.81,-43.58620689655172,0.9999993089000891,1
P02966,H&M Hoodies White,Tops,H&M,194.94,-21.792505817218967,0.9999993089000891,1
P02967,Zara T-Shirts Pink,Tops,Zara,143.43,-37.10038152874621,0.9999993089000891,1
P02968,Uniqlo Midi White,Dresses,Uniqlo,146.09,-13.948282971078521,0.9999993089000891,1
P02969,Massimo Dutti Maxi Navy,Dresses,Massimo Dutti,104.33,-35.75738916256158,0.9999993089000891,1
P02970,Steve Madden Skirts Red,Bottoms,Steve Madden,122.01,-17.169042769857437,0.9999993089000891,1
P02971,Mango Sneakers Red,Footwear,Mango,153.9,-23.928624388314958,0.9999993089000891,1
P02972,H&M Hoodies Pink,Tops,H&M,111.84,-36.37139443591057,0.9999993089000891,1
P02973,Mango Pants White,Bottoms,Mango,173.21,-20.879773433217604,0.9999993089000891,1
P02974,Zara Sneakers Blue,Footwear,Zara,129.06,-28.33185250999556,0.9999993089000891,1
P02902,Adidas Shorts Red,Bottoms,Adidas,163.72,-21.98980321151189,0.9999993089000891,1
P02901,North Face Loafers Red,Footwear,North Face,53.03,-15.192707500399807,0.9999993089000891,1
P02900,North Face Maxi Gray,Dresses,North Face,116.48,-35.97537514428627,0.9999993089000891,1
P02824,Uniqlo Pants Cream,Bottoms,Uniqlo,164.92,-31.763829699201462,0.9999993089000891,1
P02826,Steve Madden Pants Pink,Bottoms,Steve Madden,153.99,-34.2147983595352,0.9999993089000891,1
P02827,Gap T-Shirts Red,Tops,Gap,146.04,-32.84899760897554,0.9999993089000891,1
P02828,Uniqlo Boots Gray,Footwear,Uniqlo,20.57,-34.049374799615265,0.9999993089000891,1
P02829,Massimo Dutti Skirts White,Bottoms,Massimo Dutti,141.65,-14.405704272161463,0.9999993089000891,1
P02830,Nike Midi Navy,Dresses,Nike,41.88,-53.51315351315351,0.9999993089000891,1
P02831,Uniqlo T-Shirts Navy,Tops,Uniqlo,167.05,-30.973926697243908,0.9999993089000891,1
P02832,Adidas Casual Black,Dresses,Adidas,28.12,-34.11433926897844,0.9999993089000891,1
P02833,Steve Madden Sneakers Black,Footwear,Steve Madden,159.55,-8.677236563447996,0.9999993089000891,1
P02834,Converse Blouses White,Tops,Converse,69.05,-30.6796506374862,0.9999993089000891,1
P02835,H&M Sandals Gray,Footwear,H&M,38.69,-13.0757133228488,0.9999993089000891,1
P02836,Converse Skirts Cream,Bottoms,Converse,110.53,-29.594241671444045,0.9999993089000891,1
P02837,Mango Blazers Blue,Outerwear,Mango,96.85,-30.682794159748074,0.9999993089000891,1
P02838,Levi's Sneakers Cream,Footwear,Levi's,120.71,-27.440490502524657,0.9999993089000891,1
P02839,Gap Skirts White,Bottoms,Gap,104.41,-13.781998348472335,0.9999993089000891,1
P02840,H&M Loafers White,Footwear,H&M,108.25,-13.149871630295252,0.9999993089000891,1
P02841,Adidas Boots Gray,Footwear,Adidas,181.46,-7.588103483397843,0.9999993089000891,1
P02842,North Face Evening Gray,Dresses,North Face,63.94,-34.934364505952985,0.9999993089000891,1
P02843,Uniqlo Shorts Brown,Bottoms,Uniqlo,116.47,-29.257774538386776,0.9999993089000891,1
P02844,Levi's Shorts Pink,Bottoms,Levi's,152.38,-24.631516470471862,0.9999993089000891,1
P02845,H&M Sneakers Brown,Footwear,H&M,102.29,-32.20889389621577,0.9999993089000891,1
P02846,Uniqlo Jeans Black,Bottoms,Uniqlo,201.56,-12.72947696570835,0.9999993089000891,1
P02825,H&M Maxi Pink,Dresses,H&M,89.32,-19.57500450207096,0.9999993089000891,1
P02823,Massimo Dutti Casual Black,Dresses,Massimo Dutti,25.03,-39.02557856272838,0.9999993089000891,1
P02899,Adidas Midi Cream,Dresses,Adidas,82.04,-36.89716175678793,0.9999993089000891,1
P02822,North Face Blouses Cream,Tops,North Face,63.51,-44.807508473103326,0.9999993089000891,1
P02801,Uniqlo Blazers Cream,Outerwear,Uniqlo,158.48,-33.72642495713629,0.9999993089000891,1
P02802,H&M Sneakers Cream,Footwear,H&M,85.3,-23.668903803131993,0.9999993089000891,1
P02803,Adidas Skirts Pink,Bottoms,Adidas,110.1,-29.675523760858464,0.9999993089000891,1
P02804,Steve Madden Midi Black,Dresses,Steve Madden,19.35,-27.555222763010107,0.9999993089000891,1
P02805,Mango T-Shirts Cream,Tops,Mango,101.73,-13.288441868394127,0.9999993089000891,1
P02806,North Face Jackets Gray,Outerwear,North Face,115.68,-22.059021695189315,0.9999993089000891,1
P02807,Mango Sweaters Red,Tops,Mango,51.33,-28.529657477025893,0.9999993089000891,1
P02808,Levi's Blouses Green,Tops,Levi's,107.21,-44.87634325672272,0.9999993089000891,1
P02809,Nike Evening Red,Dresses,Nike,119.66,-32.27303599728323,0.9999993089000891,1
P02810,Mango Shorts Brown,Bottoms,Mango,79.31,-23.349763216391224,0.9999993089000891,1
P02811,H&M Blazers Cream,Outerwear,H&M,84.21,-28.876689189189197,0.9999993089000891,1
P02812,Steve Madden Evening Navy,Dresses,Steve Madden,174.78,-24.31472740657342,0.9999993089000891,1
P02813,Gap Evening Pink,Dresses,Gap,187.46,-6.62947651541565,0.9999993089000891,1
P02814,Levi's Casual Cream,Dresses,Levi's,59.13,-24.192307692307686,0.9999993089000891,1
P02815,North Face Skirts Pink,Bottoms,North Face,144.45,-41.01674152715395,0.9999993089000891,1
P02816,Nike Blazers Pink,Outerwear,Nike,58.73,-30.930259908267676,0.9999993089000891,1
P02817,Converse T-Shirts Pink,Tops,Converse,136.82,-17.26931914379006,0.9999993089000891,1
P02818,Mango Blazers Red,Outerwear,Mango,129.03,-30.363214420637913,0.9999993089000891,1
P02819,Mango Skirts Cream,Bottoms,Mango,140.98,-24.72234087996583,0.9999993089000891,1
P02820,Converse Boots Blue,Footwear,Converse,90.93,-7.356087620988282,0.9999993089000891,1
P02821,Levi's Casual Navy,Dresses,Levi's,135.6,-13.310318373609508,0.9999993089000891,1
P02847,Mango Vests Green,Outerwear,Mango,21.75,-35.612788632326826,0.9999993089000891,1
P02848,North Face Sweaters Navy,Tops,North Face,25.67,-35.50251256281406,0.9999993089000891,1
P02849,Uniqlo Loafers Black,Footwear,Uniqlo,150.09,-36.14821747638901,0.9999993089000891,1
P02850,Steve Madden Jackets Navy,Outerwear,Steve Madden,142.77,-41.76693722723008,0.9999993089000891,1
P02876,Levi's Sweaters Pink,Tops,Levi's,120.12,-38.36839404822986,0.9999993089000891,1
P02877,Massimo Dutti Blazers Black,Outerwear,Massimo Dutti,202.39,-22.378614711973622,0.9999993089000891,1
P02878,North Face T-Shirts Red,Tops,North Face,14.49,-40.17341040462427,0.9999993089000891,1
P02879,Nike Jackets Cream,Outerwear,Nike,101.86,-36.6581680243766,0.9999993089000891,1
P02880,Adidas Evening Pink,Dresses,Adidas,185.32,-17.956437046219236,0.9999993089000891,1
P02881,Massimo Dutti Hoodies Pink,Tops,Massimo Dutti,66.5,-52.46264922439059,0.9999993089000891,1
P02882,Mango Pants Gray,Bottoms,Mango,82.77,-13.583211526414708,0.9999993089000891,1
P02883,Massimo Dutti Jackets Pink,Outerwear,Massimo Dutti,94.95,-22.502448579823696,0.9999993089000891,1
P02884,Nike Sneakers Gray,Footwear,Nike,204.01,-18.078143195598926,0.9999993089000891,1
P02885,Massimo Dutti Jeans Blue,Bottoms,Massimo Dutti,84.87,-38.739714161974874,0.9999993089000891,1
P02886,Massimo Dutti Midi Cream,Dresses,Massimo Dutti,85.46,-35.49701864291646,0.9999993089000891,1
P02888,Massimo Dutti Casual White,Dresses,Massimo Dutti,104.47,-27.127511160714295,0.9999993089000891,1
P02889,Nike Sweaters Brown,Tops,Nike,92.42,-32.45633267558284,0.9999993089000891,1
P02890,Steve Madden Blouses Pink,Tops,Steve Madden,27.06,-21.81450447847443,0.9999993089000891,1
P02891,Converse Shorts Green,Bottoms,Converse,96.86,-39.333583865714644,0.9999993089000891,1
P02892,Zara Midi Gray,Dresses,Zara,9.0,-44.683466502765825,0.9999993089000891,1
P02893,Adidas Shorts Black,Bottoms,Adidas,14.39,-40.041666666666664,0.9999993089000891,1
P02894,Mango Sneakers Green,Footwear,Mango,169.23,-22.421380764646557,0.9999993089000891,1
P02896,Levi's Jeans Blue,Bottoms,Levi's,83.19,-27.477987969662625,0.9999993089000891,1
P02897,North Face Loafers Gray,Footwear,North Face,174.17,-32.37954730752806,0.9999993089000891,1
P02898,Gap Midi White,Dresses,Gap,206.5,-17.90570088256341,0.9999993089000891,1
P02875,H&M Vests Gray,Outerwear,H&M,80.98,-52.71793075261283,0.9999993089000891,1
P02874,Nike Boots Black,Footwear,Nike,136.65,-27.560432569974548,0.9999993089000891,1
P02873,Levi's Sneakers Red,Footwear,Levi's,142.74,-39.25181938119759,0.9999993089000891,1
P02861,Gap Hoodies Navy,Tops,Gap,64.45,-44.20879501385041,0.9999993089000891,1
P02851,Steve Madden T-Shirts Blue,Tops,Steve Madden,134.23,-26.14986795774648,0.9999993089000891,1
P02852,Nike Jeans Black,Bottoms,Nike,16.05,-33.45771144278607,0.9999993089000891,1
P02853,Uniqlo Evening Blue,Dresses,Uniqlo,168.98,-30.62933617964613,0.9999993089000891,1
P02854,Massimo Dutti Vests White,Outerwear,Massimo Dutti,167.58,-30.456073370129054,0.9999993089000891,1
P02855,H&M Loafers Pink,Footwear,H&M,80.23,-32.63643996641477,0.9999993089000891,1
P02857,Zara Casual Green,Dresses,Zara,195.27,-13.67755625303921,0.9999993089000891,1
P02858,Uniqlo Blazers Cream,Outerwear,Uniqlo,140.35,-35.757769945530285,0.9999993089000891,1
P02859,Nike Evening Black,Dresses,Nike,149.85,-14.998014634976458,0.9999993089000891,1
P02860,Massimo Dutti Blouses Green,Tops,Massimo Dutti,113.69,-39.219460037423154,0.9999993089000891,1
P02862,Massimo Dutti Shorts Brown,Bottoms,Massimo Dutti,46.71,-27.186282151208115,0.9999993089000891,1
P02872,H&M Boots Red,Footwear,H&M,171.88,-30.718690797694386,0.9999993089000891,1
P02863,North Face Boots Cream,Footwear,North Face,123.34,-19.648208469055373,0.9999993089000891,1
P02864,Mango Blouses Gray,Tops,Mango,228.87,-8.161791260382811,0.9999993089000891,1
P02865,Levi's Evening Black,Dresses,Levi's,81.44,-36.902456031610754,0.9999993089000891,1
P02866,North Face Vests Navy,Outerwear,North Face,77.26,-26.726100151745065,0.9999993089000891,1
P02867,Gap Boots Cream,Footwear,Gap,21.89,-38.666293079293915,0.9999993089000891,1
P02868,Steve Madden Jeans Pink,Bottoms,Steve Madden,73.73,-25.480088942793603,0.9999993089000891,1
P02869,Steve Madden T-Shirts Brown,Tops,Steve Madden,50.4,-10.000000000000002,0.9999993089000891,1
P02870,Adidas Jeans Gray,Bottoms,Adidas,100.83,-40.11403456672804,0.9999993089000891,1
P02871,Zara Boots White,Footwear,Zara,26.35,-31.964885101988116,0.9999993089000891,1
P03000,Gap Sandals Black,Footwear,Gap,72.25,-13.327735124760077,0.9999993089000891,1
P03001,Mango Boots Green,Footwear,Mango,104.8,-12.506261479378864,0.9999993089000891,1
P03002,Levi's Blouses Red,Tops,Levi's,190.73,-25.06286342920007,0.9999993089000891,1
P03127,Adidas Maxi White,Dresses,Adidas,183.64,-12.188590828671165,0.9999993089000891,1
P03129,Gap Maxi Red,Dresses,Gap,37.12,-26.90035447026389,0.9999993089000891,1
P03130,H&M Shorts Gray,Bottoms,H&M,30.45,-45.33213644524237,0.9999993089000891,1
P03131,Zara Evening Green,Dresses,Zara,165.02,-7.7069351230425065,0.9999993089000891,1
P03132,Mango Skirts Gray,Bottoms,Mango,71.96,-41.338550582864606,0.9999993089000891,1
P03133,Steve Madden Blouses Black,Tops,Steve Madden,133.88,-25.68827708703375,0.9999993089000891,1
P03134,North Face Jackets Pink,Outerwear,North Face,136.71,-36.116822429906534,0.9999993089000891,1
P03135,Adidas Evening Pink,Dresses,Adidas,225.61,-8.459790635397223,0.9999993089000891,1
P03136,Steve Madden Sweaters Red,Tops,Steve Madden,160.02,-25.171849427168567,0.9999993089000891,1
P03137,H&M Pants Blue,Bottoms,H&M,144.55,-28.030868807567828,0.9999993089000891,1
P03138,Adidas Hoodies Red,Tops,Adidas,174.67,-19.75098777910503,0.9999993089000891,1
P03139,Massimo Dutti Blazers Blue,Outerwear,Massimo Dutti,132.3,-25.728400606298763,0.9999993089000891,1
P03140,Converse Maxi White,Dresses,Converse,140.28,-7.771203155818536,0.9999993089000891,1
P03141,Uniqlo Casual Pink,Dresses,Uniqlo,162.63,-6.732809542925968,0.9999993089000891,1
P03142,Gap Jeans Green,Bottoms,Gap,120.84,-17.32348111658456,0.9999993089000891,1
P03143,Massimo Dutti Sandals White,Footwear,Massimo Dutti,165.27,-30.430207105573327,0.9999993089000891,1
P03144,Uniqlo Boots Gray,Footwear,Uniqlo,43.08,-4.287936014219062,0.9999993089000891,1
P03145,Mango Boots Black,Footwear,Mango,72.94,-32.84846252992083,0.9999993089000891,1
P03146,Gap Coats Green,Outerwear,Gap,115.89,-12.051301510207185,0.9999993089000891,1
P03147,Mango Skirts Navy,Bottoms,Mango,149.42,-15.829202343397938,0.9999993089000891,1
P03148,Levi's Hoodies White,Tops,Levi's,144.37,-33.347183748845794,0.9999993089000891,1
P03149,H&M Blouses Red,Tops,H&M,152.75,-34.06000431685733,0.9999993089000891,1
P03128,Massimo Dutti Skirts Pink,Bottoms,Massimo Dutti,79.98,-38.797061524334254,0.9999993089000891,1
P03126,Nike Vests Blue,Outerwear,Nike,98.9,-41.57263543451291,0.9999993089000891,1
P03102,H&M Casual Green,Dresses,H&M,86.31,-14.468338123079969,0.9999993089000891,1
P03125,North Face Hoodies Green,Tops,North Face,31.96,-35.61643835616438,0.9999993089000891,1
P03104,Zara Pants Cream,Bottoms,Zara,19.25,-43.664032777290025,0.9999993089000891,1
P03105,Converse Skirts Gray,Bottoms,Converse,106.03,-22.08832390329929,0.9999993089000891,1
P03106,Massimo Dutti Coats Red,Outerwear,Massimo Dutti,135.65,-34.38301165771779,0.9999993089000891,1
P03107,Nike Sneakers Red,Footwear,Nike,56.91,-4.433249370277079,0.9999993089000891,1
P03108,H&M Maxi Blue,Dresses,H&M,32.28,-37.839399191218945,0.9999993089000891,1
P03109,Steve Madden Boots Gray,Footwear,Steve Madden,85.12,-34.838857842761996,0.9999993089000891,1
P03110,Mango Blazers Brown,Outerwear,Mango,72.28,-28.541769649036087,0.9999993089000891,1
P03111,Adidas Evening Blue,Dresses,Adidas,109.41,-34.284341401886,0.9999993089000891,1
P03112,Levi's Jackets Black,Outerwear,Levi's,171.85,-25.4996315082152,0.9999993089000891,1
P03113,H&M Shorts Brown,Bottoms,H&M,157.26,-38.78551965745426,0.9999993089000891,1
P03114,North Face T-Shirts Blue,Tops,North Face,120.76,-24.37374749498998,0.9999993089000891,1
P03115,Gap Blouses Red,Tops,Gap,109.14,-16.084883899738582,0.9999993089000891,1
P03116,H&M Blazers Gray,Outerwear,H&M,107.5,-15.046625572941366,0.9999993089000891,1
P03117,Adidas Sandals Brown,Footwear,Adidas,51.47,-25.156318161989237,0.9999993089000891,1
P03118,North Face Maxi Red,Dresses,North Face,133.71,-36.74724442972704,0.9999993089000891,1
P03119,Massimo Dutti Blazers Brown,Outerwear,Massimo Dutti,26.15,-27.682522123893804,0.9999993089000891,1
P03120,Adidas Sandals White,Footwear,Adidas,121.61,-38.39100258371751,0.9999993089000891,1
P03121,Zara Midi Blue,Dresses,Zara,92.54,-45.193959135327205,0.9999993089000891,1
P03122,Gap Blouses Cream,Tops,Gap,151.78,-26.934000866509404,0.9999993089000891,1
P03123,Steve Madden Casual Brown,Dresses,Steve Madden,93.01,-31.66556461685402,0.9999993089000891,1
P03124,Gap Maxi Pink,Dresses,Gap,159.76,-22.375006073563,0.9999993089000891,1
P03150,Adidas Blazers Brown,Outerwear,Adidas,78.92,-14.152072228869796,0.9999993089000891,1
P03151,Zara Hoodies Brown,Tops,Zara,161.26,-9.373946274024956,0.9999993089000891,1
P03152,Nike Casual Cream,Dresses,Nike,185.33,-16.265305200379522,0.9999993089000891,1
P03153,Adidas Loafers Black,Footwear,Adidas,116.21,-18.893076493579013,0.9999993089000891,1
P03178,Mango Jackets Gray,Outerwear,Mango,152.68,-30.062754798222706,0.9999993089000891,1
P03179,Zara T-Shirts Cream,Tops,Zara,112.43,-24.320140010770057,0.9999993089000891,1
P03180,Mango Jeans Red,Bottoms,Mango,47.97,-22.678916827852998,0.9999993089000891,1
P03183,Massimo Dutti Shorts Red,Bottoms,Massimo Dutti,46.08,-45.48680941677512,0.9999993089000891,1
P03184,Massimo Dutti Evening Black,Dresses,Massimo Dutti,69.57,-20.364010989010996,0.9999993089000891,1
P03185,Converse Sandals Red,Footwear,Converse,33.97,-30.588475684511646,0.9999993089000891,1
P03186,Converse Sneakers Navy,Footwear,Converse,102.03,-24.16381745205886,0.9999993089000891,1
P03187,Mango Skirts Blue,Bottoms,Mango,103.45,-26.064894225271573,0.9999993089000891,1
P03188,Steve Madden Vests Pink,Outerwear,Steve Madden,81.02,-46.44014014675746,0.9999993089000891,1
P03189,H&M Sweaters Cream,Tops,H&M,163.69,-11.533264875966061,0.9999993089000891,1
P03190,Uniqlo Vests Green,Outerwear,Uniqlo,81.32,-38.112633181126334,0.9999993089000891,1
P03191,Steve Madden Jackets Cream,Outerwear,Steve Madden,155.9,-27.302401492189315,0.9999993089000891,1
P03192,Mango Sandals Navy,Footwear,Mango,104.5,-31.20021067878069,0.9999993089000891,1
P03193,Zara Hoodies Gray,Tops,Zara,8.75,-24.892703862660948,0.9999993089000891,1
P03194,Gap Casual Black,Dresses,Gap,46.1,-2.7631301413203864,0.9999993089000891,1
P03195,Gap Pants Black,Bottoms,Gap,52.64,-48.178775349478244,0.9999993089000891,1
P03196,Steve Madden Blazers Cream,Outerwear,Steve Madden,28.09,-31.185693287604117,0.9999993089000891,1
P03197,Levi's Vests Cream,Outerwear,Levi's,59.67,-41.30434782608695,0.9999993089000891,1
P03198,Converse Loafers Blue,Footwear,Converse,76.33,-32.57662750640403,0.9999993089000891,1
P03199,Gap Maxi Red,Dresses,Gap,102.48,-32.609982245018735,0.9999993089000891,1
P03200,Uniqlo Jackets Red,Outerwear,Uniqlo,81.65,-35.23953045685278,0.9999993089000891,1
P03177,Massimo Dutti Loafers Cream,Footwear,Massimo Dutti,151.91,-13.263674774466136,0.9999993089000891,1
P03176,Adidas Boots Pink,Footwear,Adidas,144.11,-29.097170971709712,0.9999993089000891,1
P03175,Adidas Sandals Pink,Footwear,Adidas,180.25,-16.41548805935544,0.9999993089000891,1
P03163,Uniqlo Coats Black,Outerwear,Uniqlo,191.46,-15.27568811399238,0.9999993089000891,1
P03154,Nike Jackets Pink,Outerwear,Nike,33.96,-23.410013531799734,0.9999993089000891,1
P03155,Nike Jeans Gray,Bottoms,Nike,191.18,-18.50462509058357,0.9999993089000891,1
P03156,Levi's Coats Navy,Outerwear,Levi's,16.58,-44.8252911813644,0.9999993089000891,1
P03157,Converse Blazers Red,Outerwear,Converse,75.97,-4.978111319574739,0.9999993089000891,1
P03158,Steve Madden Evening Blue,Dresses,Steve Madden,10.24,-43.85964912280701,0.9999993089000891,1
P03159,H&M Shorts Cream,Bottoms,H&M,61.26,-18.276414087513338,0.9999993089000891,1
P03160,Zara Casual Navy,Dresses,Zara,126.42,-34.436261798568616,0.9999993089000891,1
P03161,Uniqlo Boots White,Footwear,Uniqlo,131.87,-15.807955053310344,0.9999993089000891,1
P03162,Uniqlo Sneakers Brown,Footwear,Uniqlo,92.09,-32.11705734925549,0.9999993089000891,1
P03164,Gap Shorts Pink,Bottoms,Gap,127.61,-9.968957245661075,0.9999993089000891,1
P03174,Converse Jackets Red,Outerwear,Converse,146.28,-26.779457403143457,0.9999993089000891,1
P03165,Uniqlo Sandals Gray,Footwear,Uniqlo,121.45,-22.27697427364648,0.9999993089000891,1
P03166,Massimo Dutti Vests Pink,Outerwear,Massimo Dutti,62.42,-38.635469917420366,0.9999993089000891,1
P03167,Adidas Loafers Gray,Footwear,Adidas,42.09,-39.948637466114995,0.9999993089000891,1
P03168,Nike Shorts Pink,Bottoms,Nike,195.2,-20.029497316563567,0.9999993089000891,1
P03169,H&M Maxi Black,Dresses,H&M,16.66,-36.460717009916095,0.9999993089000891,1
P03170,H&M Jackets Red,Outerwear,H&M,59.98,-37.455683003128264,0.9999993089000891,1
P03171,Massimo Dutti Coats Green,Outerwear,Massimo Dutti,179.13,-17.264791464597476,0.9999993089000891,1
P03172,Mango Midi White,Dresses,Mango,124.59,-18.690856881811648,0.9999993089000891,1
P03173,Converse Blazers Brown,Outerwear,Converse,128.77,-35.20680285800543,0.9999993089000891,1
P03103,Gap Shorts Black,Bottoms,Gap,69.19,-31.09252066527238,0.9999993089000891,1
P03101,Massimo Dutti Jackets Navy,Outerwear,Massimo Dutti,171.63,-29.795066879371703,0.9999993089000891,1
P03003,Uniqlo Coats Green,Outerwear,Uniqlo,90.06,-22.15403232777249,0.9999993089000891,1
P03027,Steve Madden Shorts Brown,Bottoms,Steve Madden,196.2,-2.8568599296925337,0.9999993089000891,1
P03029,Massimo Dutti Vests Brown,Outerwear,Massimo Dutti,57.98,-28.91123099558608,0.9999993089000891,1
P03030,Adidas Jackets Gray,Outerwear,Adidas,110.34,-31.939304219096964,0.9999993089000891,1
P03031,Mango Casual Brown,Dresses,Mango,134.77,-32.44272895884505,0.9999993089000891,1
P03032,Steve Madden Evening Brown,Dresses,Steve Madden,232.15,-8.033910390999486,0.9999993089000891,1
P03033,Mango Skirts Black,Bottoms,Mango,20.87,-35.446953294154035,0.9999993089000891,1
P03034,Zara Midi Green,Dresses,Zara,156.38,-26.654472116692467,0.9999993089000891,1
P03035,H&M Midi White,Dresses,H&M,97.54,-37.872611464968145,0.9999993089000891,1
P03036,H&M Casual Red,Dresses,H&M,139.75,-28.31127526418385,0.9999993089000891,1
P03037,Mango Midi White,Dresses,Mango,202.65,-14.56216535267085,0.9999993089000891,1
P03038,Adidas Vests Black,Outerwear,Adidas,76.38,-34.71236857851098,0.9999993089000891,1
P03039,Gap Jackets Green,Outerwear,Gap,87.91,-29.406568698305634,0.9999993089000891,1
P03040,Zara Sandals Red,Footwear,Zara,127.99,-32.15838015477579,0.9999993089000891,1
P03041,Nike Sweaters Navy,Tops,Nike,68.22,-32.40190249702735,0.9999993089000891,1
P03042,Levi's Skirts Navy,Bottoms,Levi's,175.96,-22.28601713629537,0.9999993089000891,1
P03043,Converse Coats Cream,Outerwear,Converse,122.07,-18.965746149761017,0.9999993089000891,1
P03044,Levi's Blazers Blue,Outerwear,Levi's,14.56,-15.200931857891678,0.9999993089000891,1
P03045,H&M Maxi Black,Dresses,H&M,140.93,-38.686099630193596,0.9999993089000891,1
P03046,Adidas Loafers Gray,Footwear,Adidas,127.24,-36.28761704471484,0.9999993089000891,1
P03047,Converse Vests Cream,Outerwear,Converse,43.12,-33.82443216697361,0.9999993089000891,1
P03048,Zara Boots Navy,Footwear,Zara,191.38,-20.381079169613518,0.9999993089000891,1
P03049,North Face Casual Gray,Dresses,North Face,79.81,-19.432667070462344,0.9999993089000891,1
P03028,Massimo Dutti Sweaters Pink,Tops,Massimo Dutti,52.52,-30.26158544681981,0.9999993089000891,1
P03026,Massimo Dutti Loafers Blue,Footwear,Massimo Dutti,137.41,-18.1108462455304,0.9999993089000891,1
P03100,Mango Pants Black,Bottoms,Mango,218.59,-10.91412968170518,0.9999993089000891,1
P03025,Levi's Skirts Pink,Bottoms,Levi's,165.66,-9.913535265647937,0.9999993089000891,1
P03004,Massimo Dutti Casual Pink,Dresses,Massimo Dutti,103.99,-27.355920363255333,0.9999993089000891,1
P03005,Converse Blouses Navy,Tops,Converse,58.93,-26.5852746978946,0.9999993089000891,1
P03006,Adidas Loafers Pink,Footwear,Adidas,121.08,-18.316130337988255,0.9999993089000891,1
P03007,Mango Coats White,Outerwear,Mango,152.32,-34.426794093589905,0.9999993089000891,1
P03008,H&M Coats Blue,Outerwear,H&M,150.07,-37.65008932651959,0.9999993089000891,1
P03009,Gap Sandals Cream,Footwear,Gap,94.29,-23.328996584810536,0.9999993089000891,1
P03010,H&M Blouses Red,Tops,H&M,29.78,-29.714420580599477,0.9999993089000891,1
P03011,Nike Maxi Navy,Dresses,Nike,66.67,-41.63018735773069,0.9999993089000891,1
P03012,Zara Blazers Blue,Outerwear,Zara,163.3,-19.090323539612545,0.9999993089000891,1
P03013,Massimo Dutti Boots Brown,Footwear,Massimo Dutti,146.95,-38.72232183812186,0.9999993089000891,1
P03014,H&M Loafers Cream,Footwear,H&M,93.56,-3.277163237878633,0.9999993089000891,1
P03015,Levi's Casual Brown,Dresses,Levi's,100.52,-34.75692866878691,0.9999993089000891,1
P03016,Gap Vests Navy,Outerwear,Gap,204.62,-16.386073880353056,0.9999993089000891,1
P03017,Steve Madden Jackets Blue,Outerwear,Steve Madden,112.4,-21.106197796027228,0.9999993089000891,1
P03018,North Face Jackets Red,Outerwear,North Face,11.69,-30.0,0.9999993089000891,1
P03019,Steve Madden Skirts Green,Bottoms,Steve Madden,122.96,-21.98464564431192,0.9999993089000891,1
P03020,Levi's Maxi Cream,Dresses,Levi's,19.84,-23.070957735556416,0.9999993089000891,1
P03021,Levi's Midi Black,Dresses,Levi's,64.27,-26.194304088194762,0.9999993089000891,1
P03022,Mango Sandals Red,Footwear,Mango,49.58,-28.74389192296637,0.9999993089000891,1
P03023,Uniqlo Sweaters Gray,Tops,Uniqlo,174.26,-9.550503477628986,0.9999993089000891,1
P03024,Uniqlo Hoodies White,Tops,Uniqlo,65.21,-52.069092245497984,0.9999993089000891,1
P03050,Steve Madden Hoodies Green,Tops,Steve Madden,26.81,-23.726884779516357,0.9999993089000891,1
P03051,Levi's Casual Red,Dresses,Levi's,137.06,-39.551909676281205,0.9999993089000891,1
P03052,Massimo Dutti Hoodies Brown,Tops,Massimo Dutti,144.08,-38.274355239482475,0.9999993089000891,1
P03053,Steve Madden Shorts Green,Bottoms,Steve Madden,192.89,-4.486258974993812,0.9999993089000891,1
P03079,Steve Madden Sweaters Black,Tops,Steve Madden,72.77,-19.270024406478818,0.9999993089000891,1
P03080,Gap Sandals Gray,Footwear,Gap,73.73,-21.705426356589143,0.9999993089000891,1
P03081,Massimo Dutti Blouses Green,Tops,Massimo Dutti,92.38,-25.936021807103348,0.9999993089000891,1
P03082,H&M Sandals Pink,Footwear,H&M,59.4,-35.644637053087756,0.9999993089000891,1
P03083,Zara Vests Red,Outerwear,Zara,147.89,-30.25043625901996,0.9999993089000891,1
P03084,Mango Blazers Navy,Outerwear,Mango,163.66,-32.20942755364096,0.9999993089000891,1
P03085,Steve Madden Pants Navy,Bottoms,Steve Madden,26.52,-34.35643564356435,0.9999993089000891,1
P03086,Uniqlo Shorts Black,Bottoms,Uniqlo,105.72,-25.407464898045575,0.9999993089000891,1
P03087,Mango Vests Cream,Outerwear,Mango,74.08,-23.754631535611363,0.9999993089000891,1
P03088,Gap Blazers Blue,Outerwear,Gap,30.75,-37.32164696290257,0.9999993089000891,1
P03089,Massimo Dutti Jeans Brown,Bottoms,Massimo Dutti,125.53,-18.539909149902655,0.9999993089000891,1
P03090,Converse Loafers Red,Footwear,Converse,135.8,-26.709482432942945,0.9999993089000891,1
P03091,Adidas Midi Navy,Dresses,Adidas,133.44,-29.089169943670957,0.9999993089000891,1
P03092,Mango Loafers Blue,Footwear,Mango,162.01,-17.51438317804593,0.9999993089000891,1
P03093,Converse Midi White,Dresses,Converse,53.64,-33.18385650224215,0.9999993089000891,1
P03094,North Face Sweaters Red,Tops,North Face,142.84,-32.31935560293769,0.9999993089000891,1
P03095,Nike Blouses Cream,Tops,Nike,33.85,-37.84428938670584,0.9999993089000891,1
P03096,Converse Boots Green,Footwear,Converse,107.89,-29.855015928743256,0.9999993089000891,1
P03097,Adidas Midi Black,Dresses,Adidas,191.74,-21.301920866852726,0.9999993089000891,1
P03098,Converse Pants Red,Bottoms,Converse,50.56,-33.873921004446764,0.9999993089000891,1
P03099,Mango Midi Cream,Dresses,Mango,88.82,-17.964348388288542,0.9999993089000891,1
P03078,Massimo Dutti Blouses Green,Tops,Massimo Dutti,30.63,-23.919523099850966,0.9999993089000891,1
P03077,Nike Pants Black,Bottoms,Nike,145.69,-35.28627903877759,0.9999993089000891,1
P03076,Mango Blazers Green,Outerwear,Mango,122.76,-26.00807666807305,0.9999993089000891,1
P03063,Zara Coats Black,Outerwear,Zara,162.6,-15.973334711384425,0.9999993089000891,1
P03054,Converse Sneakers Pink,Footwear,Converse,188.68,-9.332051898125895,0.9999993089000891,1
P03055,Gap Jeans Green,Bottoms,Gap,53.84,-34.477303152001944,0.9999993089000891,1
P03056,Levi's T-Shirts White,Tops,Levi's,60.45,-39.04406574568922,0.9999993089000891,1
P03057,H&M Midi Gray,Dresses,H&M,65.91,-41.23049487293803,0.9999993089000891,1
P03058,Uniqlo Blouses Black,Tops,Uniqlo,114.56,-9.331222793826665,0.9999993089000891,1
P03059,Nike T-Shirts Pink,Tops,Nike,82.02,-11.473286562331364,0.9999993089000891,1
P03060,Gap Jackets Blue,Outerwear,Gap,118.26,-26.404878959487206,0.9999993089000891,1
P03061,Levi's Sneakers Pink,Footwear,Levi's,58.91,-35.46938328403988,0.9999993089000891,1
P03062,Nike Casual White,Dresses,Nike,103.58,-49.588747749063124,0.9999993089000891,1
P03064,Levi's Shorts White,Bottoms,Levi's,133.36,-42.12559128585687,0.9999993089000891,1
P03075,Levi's Midi Gray,Dresses,Levi's,125.48,-13.174647107666763,0.9999993089000891,1
P03065,North Face Hoodies Pink,Tops,North Face,110.42,-26.980558127231845,0.9999993089000891,1
P03066,Steve Madden Jeans Gray,Bottoms,Steve Madden,140.16,-26.767333716495113,0.9999993089000891,1
P03067,Nike Blouses Gray,Tops,Nike,234.09,-3.611133986658985,0.9999993089000891,1
P03068,Levi's Jackets Red,Outerwear,Levi's,39.65,-12.259349413587076,0.9999993089000891,1
P03069,Steve Madden Blazers Brown,Outerwear,Steve Madden,54.54,-15.086408220457736,0.9999993089000891,1
P03071,Gap Sneakers Navy,Footwear,Gap,150.92,-24.649258575066156,0.9999993089000891,1
P03072,Levi's Sneakers Navy,Footwear,Levi's,64.29,-28.67761260261814,0.9999993089000891,1
P03073,Gap Vests Green,Outerwear,Gap,51.94,-27.961165048543684,0.9999993089000891,1
P03074,Mango Sandals Pink,Footwear,Mango,150.86,-33.897116817106294,0.9999993089000891,1
P02800,Mango Jeans Cream,Bottoms,Mango,53.08,-37.168560606060616,0.9999993089000891,1
P02798,H&M Midi Red,Dresses,H&M,15.79,-19.315278487480843,0.9999993089000891,1
P02396,Uniqlo Pants Green,Bottoms,Uniqlo,57.13,-27.564346392798278,0.9999993089000891,1
P02522,Nike Sandals Navy,Footwear,Nike,25.95,-32.562370062370064,0.9999993089000891,1
P02524,Steve Madden Jeans Black,Bottoms,Steve Madden,31.52,-19.89834815756036,0.9999993089000891,1
P02525,Uniqlo Skirts Blue,Bottoms,Uniqlo,72.45,-35.69716872281885,0.9999993089000891,1
P02526,Steve Madden Maxi Cream,Dresses,Steve Madden,165.36,-17.980258915728385,0.9999993089000891,1
P02527,Levi's Shorts Brown,Bottoms,Levi's,185.99,-20.428681440917256,0.9999993089000891,1
P02528,North Face Skirts Gray,Bottoms,North Face,85.41,-35.55421414019468,0.9999993089000891,1
P02529,Nike Sweaters Pink,Tops,Nike,131.93,-31.318652714873235,0.9999993089000891,1
P02530,Gap Evening Blue,Dresses,Gap,86.53,-27.819486152819483,0.9999993089000891,1
P02531,North Face Hoodies Blue,Tops,North Face,209.03,-0.36701620591039574,0.9999993089000891,1
P02532,H&M Boots Brown,Footwear,H&M,66.61,-12.181938035596566,0.9999993089000891,1
P02533,Levi's Vests Gray,Outerwear,Levi's,78.93,-30.78137332280978,0.9999993089000891,1
P02534,Converse Loafers Green,Footwear,Converse,174.1,-21.31429087950827,0.9999993089000891,1
P02535,Gap Pants Black,Bottoms,Gap,70.74,-2.548560407769677,0.9999993089000891,1
P02536,Zara Boots Pink,Footwear,Zara,147.16,-38.82352941176471,0.9999993089000891,1
P02537,North Face Pants Pink,Bottoms,North Face,135.26,-19.30075771135375,0.9999993089000891,1
P02538,Uniqlo Boots Brown,Footwear,Uniqlo,106.26,-6.993435448577675,0.9999993089000891,1
P02539,Nike Vests Navy,Outerwear,Nike,30.01,-31.217052486820997,0.9999993089000891,1
P02540,Steve Madden Jeans Blue,Bottoms,Steve Madden,42.03,-37.81624500665779,0.9999993089000891,1
P02541,Levi's Jeans Navy,Bottoms,Levi's,55.26,-30.09487666034156,0.9999993089000891,1
P02542,Levi's Vests Green,Outerwear,Levi's,76.37,-19.36437546193643,0.9999993089000891,1
P02543,Converse Jeans Green,Bottoms,Converse,95.87,-32.9111266620014,0.9999993089000891,1
P02544,Adidas Evening Red,Dresses,Adidas,83.98,-29.262129380053903,0.9999993089000891,1
P02523,Gap Coats Green,Outerwear,Gap,164.45,-20.20089285714287,0.9999993089000891,1
P02521,Steve Madden Maxi Brown,Dresses,Steve Madden,98.22,-23.18761241886291,0.9999993089000891,1
P02546,Uniqlo Boots Brown,Footwear,Uniqlo,149.35,-40.731775070439305,0.9999993089000891,1
P02519,Adidas Skirts Blue,Bottoms,Adidas,105.8,-25.17151142230709,0.9999993089000891,1
P02498,Zara Vests Blue,Outerwear,Zara,99.77,-15.031510815874643,0.9999993089000891,1
P02499,Gap Sweaters Gray,Tops,Gap,40.56,-40.58883843562325,0.9999993089000891,1
P02500,Adidas Vests Gray,Outerwear,Adidas,154.43,-30.125333695307898,0.9999993089000891,1
P02501,Gap Pants Navy,Bottoms,Gap,118.96,-21.04075401566441,0.9999993089000891,1
P02502,Steve Madden T-Shirts Cream,Tops,Steve Madden,126.29,-6.208689194207203,0.9999993089000891,1
P02503,Mango Sneakers Cream,Footwear,Mango,98.92,-42.86044362292052,0.9999993089000891,1
P02504,Mango Loafers Black,Footwear,Mango,70.6,-18.154416879202422,0.9999993089000891,1
P02505,Levi's Evening White,Dresses,Levi's,125.91,-19.873997709049252,0.9999993089000891,1
P02506,Adidas Hoodies Cream,Tops,Adidas,18.26,-29.142413659293748,0.9999993089000891,1
P02507,Massimo Dutti Jeans Gray,Bottoms,Massimo Dutti,177.72,-20.47610524431716,0.9999993089000891,1
P02508,Massimo Dutti Sweaters White,Tops,Massimo Dutti,200.1,-9.751037344398341,0.9999993089000891,1
P02509,H&M Skirts Cream,Bottoms,H&M,148.36,-29.153335561816522,0.9999993089000891,1
P02510,Mango Evening Green,Dresses,Mango,161.14,-0.9649068895581228,0.9999993089000891,1
P02511,Adidas Jeans Gray,Bottoms,Adidas,103.58,-31.73850006590221,0.9999993089000891,1
P02512,Nike Maxi Green,Dresses,Nike,129.35,-14.895716823475238,0.9999993089000891,1
P02513,Uniqlo Midi Black,Dresses,Uniqlo,165.17,-31.379310344827587,0.9999993089000891,1
P02514,Adidas Sandals Gray,Footwear,Adidas,113.78,-39.948276772048345,0.9999993089000891,1
P02515,Gap Hoodies Red,Tops,Gap,14.34,-40.225093789078784,0.9999993089000891,1
P02516,Adidas Evening White,Dresses,Adidas,132.61,-35.51038272625589,0.9999993089000891,1
P02517,Mango T-Shirts Blue,Tops,Mango,37.01,-38.674399337199674,0.9999993089000891,1
P02518,North Face Sneakers Black,Footwear,North Face,85.72,-39.02838039689879,0.9999993089000891,1
P02545,Levi's Blazers Navy,Outerwear,Levi's,109.78,-38.922888616891065,0.9999993089000891,1
P02547,Steve Madden Blouses Green,Tops,Steve Madden,239.54,-6.0922063666300845,0.9999993089000891,1
P02797,Gap Sweaters Green,Tops,Gap,44.0,-26.78868552412646,0.9999993089000891,1
P02572,Zara Hoodies Blue,Tops,Zara,28.01,-41.2911339341857,0.9999993089000891,1
P02574,Adidas Sweaters Gray,Tops,Adidas,173.42,-14.037870526420154,0.9999993089000891,1
P02575,Gap Sandals Gray,Footwear,Gap,172.12,-21.359711244117513,0.9999993089000891,1
P02576,Levi's Skirts Gray,Bottoms,Levi's,11.6,-24.13342053629823,0.9999993089000891,1
P02577,Gap Sweaters Pink,Tops,Gap,84.74,-25.757841247590683,0.9999993089000891,1
P02578,Uniqlo Coats Pink,Outerwear,Uniqlo,16.36,-39.204756596060946,0.9999993089000891,1
P02579,Uniqlo Vests Pink,Outerwear,Uniqlo,104.32,-29.31291502913675,0.9999993089000891,1
P02580,Zara Blazers Green,Outerwear,Zara,105.96,-33.65474923298479,0.9999993089000891,1
P02581,Gap Jeans Gray,Bottoms,Gap,124.23,-22.225004695423518,0.9999993089000891,1
P02582,North Face Skirts Green,Bottoms,North Face,31.6,-35.94161767687005,0.9999993089000891,1
P02583,Zara Skirts Black,Bottoms,Zara,195.77,-11.847082132564841,0.9999993089000891,1
P02584,Adidas Blazers Brown,Outerwear,Adidas,167.1,-28.75719462801109,0.9999993089000891,1
P02585,Gap Maxi Blue,Dresses,Gap,126.0,-17.974090228500756,0.9999993089000891,1
P02586,North Face Hoodies Brown,Tops,North Face,62.53,-24.762363133196967,0.9999993089000891,1
P02587,Levi's Jackets Green,Outerwear,Levi's,131.56,-15.628807798371067,0.9999993089000891,1
P02588,Zara Vests Gray,Outerwear,Zara,151.39,-29.151067016098846,0.9999993089000891,1
P02589,Massimo Dutti Coats Black,Outerwear,Massimo Dutti,70.45,-44.749431417143754,0.9999993089000891,1
P02590,Uniqlo Sweaters Brown,Tops,Uniqlo,19.92,-16.54796816087138,0.9999993089000891,1
P02591,H&M Jeans Cream,Bottoms,H&M,101.68,-19.057474924375096,0.9999993089000891,1
P02592,Zara Midi Brown,Dresses,Zara,40.67,-30.08423586040914,0.9999993089000891,1
P02593,Nike Pants Brown,Bottoms,Nike,66.15,-36.086956521739125,0.9999993089000891,1
P02594,H&M Evening Brown,Dresses,H&M,32.19,-13.560687432867894,0.9999993089000891,1
P02573,Adidas Skirts Black,Bottoms,Adidas,53.72,-36.84458029626146,0.9999993089000891,1
P02571,Steve Madden Maxi Brown,Dresses,Steve Madden,56.15,-29.627772903872675,0.9999993089000891,1
P02548,Mango Blouses Red,Tops,Mango,76.95,-28.894843836629086,0.9999993089000891,1
P02570,H&M Evening White,Dresses,H&M,74.1,-28.481806775407787,0.9999993089000891,1
P02549,Nike Hoodies Pink,Tops,Nike,72.89,-25.554080277806147,0.9999993089000891,1
P02550,Converse Casual Gray,Dresses,Converse,154.3,-15.8669574700109,0.9999993089000891,1
P02551,Massimo Dutti Sweaters Green,Tops,Massimo Dutti,95.91,-29.746557280984483,0.9999993089000891,1
P02552,Massimo Dutti Jeans Brown,Bottoms,Massimo Dutti,149.34,-22.465084886558333,0.9999993089000891,1
P02553,Gap Sweaters Brown,Tops,Gap,141.68,-26.031116215934002,0.9999993089000891,1
P02554,Uniqlo Loafers Gray,Footwear,Uniqlo,160.43,-26.228905136340643,0.9999993089000891,1
P02555,Massimo Dutti Maxi Blue,Dresses,Massimo Dutti,103.17,-14.1823323906172,0.9999993089000891,1
P02556,Levi's Loafers Gray,Footwear,Levi's,21.81,-21.96779964221825,0.9999993089000891,1
P02557,H&M Blazers Green,Outerwear,H&M,223.94,-5.5464169724577195,0.9999993089000891,1
P02558,Massimo Dutti Casual Gray,Dresses,Massimo Dutti,65.23,-32.704013205405964,0.9999993089000891,1
P02559,Converse Jackets Black,Outerwear,Converse,101.3,-25.771231772550745,0.9999993089000891,1
P02560,Gap Sneakers White,Footwear,Gap,126.23,-33.97667242010565,0.9999993089000891,1
P02561,Nike Evening White,Dresses,Nike,97.03,-20.545365214543075,0.9999993089000891,1
P02562,Zara Sweaters Blue,Tops,Zara,242.96,-7.0187523918867205,0.9999993089000891,1
P02563,Levi's Pants White,Bottoms,Levi's,82.68,-28.285193858964348,0.9999993089000891,1
P02564,Steve Madden Sweaters Brown,Tops,Steve Madden,205.89,-16.12416995966921,0.9999993089000891,1
P02565,Steve Madden Hoodies Red,Tops,Steve Madden,145.38,-17.303754266211612,0.9999993089000891,1
P02566,Gap Blazers Pink,Outerwear,Gap,62.05,-22.48594628357277,0.9999993089000891,1
P02567,Zara Pants Gray,Bottoms,Zara,22.91,-30.596788851863067,0.9999993089000891,1
P02568,Massimo Dutti Hoodies Black,Tops,Massimo Dutti,189.05,-22.54271315606178,0.9999993089000891,1
P02569,Adidas Jeans White,Bottoms,Adidas,142.56,-26.413049088938205,0.9999993089000891,1
P02497,Massimo Dutti Skirts Navy,Bottoms,Massimo Dutti,81.61,-1.9346310982936785,0.9999993089000891,1
P02496,Gap Maxi White,Dresses,Gap,143.15,-12.183301637936314,0.9999993089000891,1
P02495,Levi's Vests Pink,Outerwear,Levi's,168.11,-29.204918723153373,0.9999993089000891,1
P02420,Steve Madden Jackets Red,Outerwear,Steve Madden,85.46,-24.671661524900845,0.9999993089000891,1
P02422,Massimo Dutti Skirts Pink,Bottoms,Massimo Dutti,169.95,-25.626887225941974,0.9999993089000891,1
P02423,Nike Loafers Black,Footwear,Nike,63.55,-29.568879530089774,0.9999993089000891,1
P02424,Nike Loafers Gray,Footwear,Nike,170.85,-13.66415685481833,0.9999993089000891,1
P02425,Adidas Casual Red,Dresses,Adidas,39.33,-39.83478659935751,0.9999993089000891,1
P02426,Nike Blouses Cream,Tops,Nike,58.21,-14.660606949127686,0.9999993089000891,1
P02427,Massimo Dutti Midi Black,Dresses,Massimo Dutti,106.56,-20.619785458879623,0.9999993089000891,1
P02428,Mango Evening White,Dresses,Mango,124.6,-37.32079078424468,0.9999993089000891,1
P02429,Uniqlo Skirts Pink,Bottoms,Uniqlo,42.05,-36.747894103489784,0.9999993089000891,1
P02430,Massimo Dutti Pants White,Bottoms,Massimo Dutti,83.4,-27.427775844065433,0.9999993089000891,1
P02431,Massimo Dutti Coats White,Outerwear,Massimo Dutti,93.89,-43.37494722875581,0.9999993089000891,1
P02432,Converse Blouses Red,Tops,Converse,40.96,-23.2527637249391,0.9999993089000891,1
P02433,Uniqlo Coats Green,Outerwear,Uniqlo,32.16,-46.93944893581918,0.9999993089000891,1
P02434,H&M Sneakers Blue,Footwear,H&M,25.27,-31.031659388646286,0.9999993089000891,1
P02435,Massimo Dutti T-Shirts Cream,Tops,Massimo Dutti,163.4,-18.734768985925292,0.9999993089000891,1
P02436,Zara Skirts Brown,Bottoms,Zara,54.73,-9.222093216122081,0.9999993089000891,1
P02437,Converse Jackets Blue,Outerwear,Converse,135.98,-33.06753297893286,0.9999993089000891,1
P02438,Mango Midi Gray,Dresses,Mango,113.18,-27.95212935260042,0.9999993089000891,1
P02439,Zara Maxi Navy,Dresses,Zara,155.97,-37.20003221130617,0.9999993089000891,1
P02440,Gap Boots Green,Footwear,Gap,98.13,-48.82665832290363,0.9999993089000891,1
P02441,Nike Sweaters White,Tops,Nike,60.96,-36.22763887435924,0.9999993089000891,1
P02442,Levi's Coats Pink,Outerwear,Levi's,121.82,-42.734922201852115,0.9999993089000891,1
P02421,Adidas Vests Gray,Outerwear,Adidas,192.4,-1.2675116744496324,0.9999993089000891,1
P02419,Nike Sweaters Navy,Tops,Nike,85.53,-44.359875097580016,0.9999993089000891,1
P02494,H&M Vests Red,Outerwear,H&M,84.17,-16.572504708097927,0.9999993089000891,1
P02418,Converse Skirts White,Bottoms,Converse,75.46,-37.887892007572646,0.9999993089000891,1
P02397,Massimo Dutti Sweaters Brown,Tops,Massimo Dutti,92.46,-35.63074352548037,0.9999993089000891,1
P02398,Converse Sweaters Red,Tops,Converse,137.58,-32.43959929286976,0.9999993089000891,1
P02399,Zara Sneakers Navy,Footwear,Zara,198.16,-1.0782747603833849,0.9999993089000891,1
P02400,Levi's Jackets White,Outerwear,Levi's,142.8,-14.414144441114765,0.9999993089000891,1
P02401,Massimo Dutti Sandals Blue,Footwear,Massimo Dutti,76.89,-39.76026324036353,0.9999993089000891,1
P02402,Nike Hoodies White,Tops,Nike,86.86,-21.514412216499505,0.9999993089000891,1
P02403,North Face Jeans Black,Bottoms,North Face,173.55,-17.857819007951527,0.9999993089000891,1
P02404,Zara Hoodies Gray,Tops,Zara,179.51,-15.165406427221173,0.9999993089000891,1
P02405,Converse Evening Gray,Dresses,Converse,170.24,-24.337777777777774,0.9999993089000891,1
P02406,Steve Madden Maxi White,Dresses,Steve Madden,135.19,-30.87739032620923,0.9999993089000891,1
P02407,North Face T-Shirts Gray,Tops,North Face,85.46,-24.37168141592921,0.9999993089000891,1
P02408,Gap Loafers Blue,Footwear,Gap,175.13,-22.580787763582517,0.9999993089000891,1
P02409,Converse Evening Red,Dresses,Converse,42.6,-19.728660260033916,0.9999993089000891,1
P02410,Converse Vests Navy,Outerwear,Converse,99.07,-23.165813556693042,0.9999993089000891,1
P02411,Uniqlo Midi Red,Dresses,Uniqlo,36.82,-21.726190476190474,0.9999993089000891,1
P02412,Massimo Dutti Hoodies Brown,Tops,Massimo Dutti,160.92,-19.43929912390489,0.9999993089000891,1
P02413,North Face Blouses Blue,Tops,North Face,166.29,-19.044837154958376,0.9999993089000891,1
P02414,Uniqlo Jackets Pink,Outerwear,Uniqlo,159.26,-22.338713609986836,0.9999993089000891,1
P02415,Mango Maxi Cream,Dresses,Mango,26.96,-37.476808905380324,0.9999993089000891,1
P02416,H&M Hoodies Brown,Tops,H&M,90.31,-38.8723433058075,0.9999993089000891,1
P02417,Adidas Skirts Black,Bottoms,Adidas,56.14,-12.226391494684178,0.9999993089000891,1
P02443,North Face Shorts Gray,Bottoms,North Face,116.18,-21.642948674715047,0.9999993089000891,1
P02444,Converse Hoodies Black,Tops,Converse,73.94,-40.57225526442694,0.9999993089000891,1
P02445,Steve Madden Jeans Black,Bottoms,Steve Madden,169.39,-19.87228003784296,0.9999993089000891,1
P02446,Levi's Sweaters White,Tops,Levi's,161.18,-27.416013689993697,0.9999993089000891,1
P02472,Levi's Midi Blue,Dresses,Levi's,130.88,-36.567634372122335,0.9999993089000891,1
P02473,Levi's T-Shirts Navy,Tops,Levi's,82.28,-47.468556470663344,0.9999993089000891,1
P02474,Mango Hoodies Navy,Tops,Mango,75.52,-30.645605657085135,0.9999993089000891,1
P02475,Nike Casual Brown,Dresses,Nike,59.68,-23.260897518323258,0.9999993089000891,1
P02476,Zara Jeans White,Bottoms,Zara,108.73,-22.424372146118717,0.9999993089000891,1
P02477,Massimo Dutti Shorts White,Bottoms,Massimo Dutti,9.58,-22.113821138211385,0.9999993089000891,1
P02478,Massimo Dutti Sweaters Cream,Tops,Massimo Dutti,39.82,-19.97588424437299,0.9999993089000891,1
P02479,Massimo Dutti Coats Pink,Outerwear,Massimo Dutti,117.01,-23.18650298693626,0.9999993089000891,1
P02480,Nike T-Shirts Brown,Tops,Nike,26.62,-44.19287211740042,0.9999993089000891,1
P02481,Adidas Pants White,Bottoms,Adidas,67.26,-36.95163104611923,0.9999993089000891,1
P02482,Converse Sandals White,Footwear,Converse,120.31,-35.282409897794516,0.9999993089000891,1
P02483,H&M Maxi Gray,Dresses,H&M,70.2,-35.3055017970694,0.9999993089000891,1
P02484,Mango Coats Gray,Outerwear,Mango,183.82,-28.035078103590028,0.9999993089000891,1
P02485,Massimo Dutti Coats Brown,Outerwear,Massimo Dutti,15.79,-3.6019536019536016,0.9999993089000891,1
P02486,Levi's Jackets Blue,Outerwear,Levi's,110.73,-26.469221063815656,0.9999993089000891,1
P02487,H&M Maxi Cream,Dresses,H&M,83.03,-10.441160608348607,0.9999993089000891,1
P02488,Massimo Dutti Blazers Green,Outerwear,Massimo Dutti,71.82,-19.91525423728815,0.9999993089000891,1
P02489,Levi's Skirts Pink,Bottoms,Levi's,35.21,-42.240813648293965,0.9999993089000891,1
P02490,Adidas Casual Black,Dresses,Adidas,103.01,-23.384157679434725,0.9999993089000891,1
P02491,Gap Midi Blue,Dresses,Gap,82.86,-14.840698869475846,0.9999993089000891,1
P02492,Nike T-Shirts Gray,Tops,Nike,25.93,-17.682539682539684,0.9999993089000891,1
P02471,Levi's Loafers Red,Footwear,Levi's,138.65,-30.006562673532233,0.9999993089000891,1
P02470,North Face Boots Blue,Footwear,North Face,58.91,-36.244588744588754,0.9999993089000891,1
P02469,Levi's Vests Pink,Outerwear,Levi's,75.06,-29.19535892840298,0.9999993089000891,1
P02456,Massimo Dutti Sweaters Brown,Tops,Massimo Dutti,53.57,-12.780853142298929,0.9999993089000891,1
P02447,Converse Blouses Red,Tops,Converse,136.14,-40.33657638706285,0.9999993089000891,1
P02448,Uniqlo Pants Navy,Bottoms,Uniqlo,23.14,-35.29082774049216,0.9999993089000891,1
P02449,Zara Maxi White,Dresses,Zara,83.8,-9.493465817042884,0.9999993089000891,1
P02450,Mango Sweaters Green,Tops,Mango,99.5,-43.94997746732763,0.9999993089000891,1
P02451,Uniqlo Pants Navy,Bottoms,Uniqlo,112.29,-26.02279465050398,0.9999993089000891,1
P02452,North Face Sneakers Green,Footwear,North Face,35.04,-36.76231727125067,0.9999993089000891,1
P02453,H&M Maxi Navy,Dresses,H&M,131.16,-32.541274494676756,0.9999993089000891,1
P02454,Zara Boots White,Footwear,Zara,31.15,-15.536876355748383,0.9999993089000891,1
P02455,Converse Sandals Navy,Footwear,Converse,144.84,-26.64843512610149,0.9999993089000891,1
P02457,Massimo Dutti Jeans Brown,Bottoms,Massimo Dutti,113.81,-47.40757855822551,0.9999993089000891,1
P02468,Gap Sandals Red,Footwear,Gap,186.65,-23.81321686599453,0.9999993089000891,1
P02458,Adidas Evening Red,Dresses,Adidas,215.09,-3.8489047831917684,0.9999993089000891,1
P02459,H&M Hoodies Cream,Tops,H&M,116.47,-28.35701543950298,0.9999993089000891,1
P02460,North Face Sandals Navy,Footwear,North Face,28.21,-26.879212026956967,0.9999993089000891,1
P02461,Zara Maxi Brown,Dresses,Zara,33.3,-28.201811125485133,0.9999993089000891,1
P02462,Adidas Evening Black,Dresses,Adidas,92.78,-23.404606620985714,0.9999993089000891,1
P02463,North Face Jackets Blue,Outerwear,North Face,81.54,-46.460932370321736,0.9999993089000891,1
P02464,Gap Maxi Red,Dresses,Gap,193.31,-20.709598031173098,0.9999993089000891,1
P02465,Massimo Dutti Loafers Black,Footwear,Massimo Dutti,38.9,-35.98815204870825,0.9999993089000891,1
P02467,Massimo Dutti Shorts Red,Bottoms,Massimo Dutti,166.28,-25.85722566549249,0.9999993089000891,1
P02595,Adidas T-Shirts Red,Tops,Adidas,116.06,-39.1559633027523,0.9999993089000891,1
P02596,Mango Jackets Brown,Outerwear,Mango,106.6,-53.91864436086976,0.9999993089000891,1
P02597,Adidas Blazers Red,Outerwear,Adidas,98.73,-42.715404699738905,0.9999993089000891,1
P02725,Adidas Jackets Green,Outerwear,Adidas,80.94,-15.343583307185444,0.9999993089000891,1
P02727,Gap Jackets Red,Outerwear,Gap,149.21,-13.831138831138826,0.9999993089000891,1
P02728,Uniqlo Midi Green,Dresses,Uniqlo,95.38,-33.03847233923056,0.9999993089000891,1
P02729,Nike Jackets Green,Outerwear,Nike,20.11,-33.10046573519627,0.9999993089000891,1
P02730,H&M Jeans Pink,Bottoms,H&M,78.95,-33.727860320658095,0.9999993089000891,1
P02731,Uniqlo Hoodies Cream,Tops,Uniqlo,173.71,-16.320632015029624,0.9999993089000891,1
P02732,Steve Madden Blouses Green,Tops,Steve Madden,113.09,-39.95433789954338,0.9999993089000891,1
P02733,Gap Skirts Blue,Bottoms,Gap,216.27,-12.808417997097235,0.9999993089000891,1
P02734,Massimo Dutti Shorts Pink,Bottoms,Massimo Dutti,139.01,-32.44399086358556,0.9999993089000891,1
P02735,Gap Skirts Blue,Bottoms,Gap,47.23,-17.314425770308127,0.9999993089000891,1
P02736,Zara Shorts Gray,Bottoms,Zara,133.58,-28.232955461236763,0.9999993089000891,1
P02737,Adidas Sweaters Pink,Tops,Adidas,96.47,-26.10494063577174,0.9999993089000891,1
P02738,Mango Coats Red,Outerwear,Mango,27.33,-25.814332247557015,0.9999993089000891,1
P02739,North Face Sweaters Green,Tops,North Face,100.65,-32.38159220691971,0.9999993089000891,1
P02740,H&M Sneakers Gray,Footwear,H&M,105.77,-21.785106854987795,0.9999993089000891,1
P02741,Adidas Jackets Blue,Outerwear,Adidas,96.51,-39.04503252700057,0.9999993089000891,1
P02742,Gap Casual Black,Dresses,Gap,58.38,-6.38229634381013,0.9999993089000891,1
P02743,H&M Casual Pink,Dresses,H&M,105.82,-34.63059056090932,0.9999993089000891,1
P02744,Converse T-Shirts Navy,Tops,Converse,142.49,-33.28495177451072,0.9999993089000891,1
P02745,Mango Coats Red,Outerwear,Mango,125.39,-19.975748292807452,0.9999993089000891,1
P02746,H&M Evening Gray,Dresses,H&M,71.39,-17.25776541492814,0.9999993089000891,1
P02747,Uniqlo Jeans Brown,Bottoms,Uniqlo,125.62,-19.634060520760027,0.9999993089000891,1
P02726,Nike Vests Navy,Outerwear,Nike,115.37,-35.14531452020911,0.9999993089000891,1
P02724,Mango Midi Brown,Dresses,Mango,125.47,-33.33156216790648,0.9999993089000891,1
P02699,Adidas Maxi Blue,Dresses,Adidas,113.44,-22.34392113910187,0.9999993089000891,1
P02723,Uniqlo Evening Pink,Dresses,Uniqlo,171.48,-26.060710589858573,0.9999993089000891,1
P02701,Adidas Blouses Cream,Tops,Adidas,22.82,-38.357644516477585,0.9999993089000891,1
P02702,Steve Madden Loafers Red,Footwear,Steve Madden,49.91,-9.681505609844375,0.9999993089000891,1
P02703,Nike Casual Brown,Dresses,Nike,109.86,-8.549071838841252,0.9999993089000891,1
P02704,Steve Madden Blouses Black,Tops,Steve Madden,179.64,-24.679245283018876,0.9999993089000891,1
P02705,North Face Jeans White,Bottoms,North Face,83.28,-40.133707138235934,0.9999993089000891,1
P02706,Massimo Dutti T-Shirts Red,Tops,Massimo Dutti,104.17,-42.25289650202339,0.9999993089000891,1
P02707,Converse Midi Navy,Dresses,Converse,81.69,-53.04632716404184,0.9999993089000891,1
P02708,Mango Sweaters Green,Tops,Mango,34.65,-24.328455994758684,0.9999993089000891,1
P02709,Zara Pants Pink,Bottoms,Zara,185.28,-24.062461576294115,0.9999993089000891,1
P02710,Gap Maxi Black,Dresses,Gap,74.6,-6.351995982927444,0.9999993089000891,1
P02711,Zara Evening Pink,Dresses,Zara,55.54,-34.6203649205415,0.9999993089000891,1
P02713,Levi's Pants Navy,Bottoms,Levi's,192.05,-15.010842147187676,0.9999993089000891,1
P02714,Zara Pants Brown,Bottoms,Zara,132.39,-25.68204782755137,0.9999993089000891,1
P02715,H&M T-Shirts Gray,Tops,H&M,25.38,-33.73368146214099,0.9999993089000891,1
P02716,Levi's Shorts Red,Bottoms,Levi's,43.79,-29.2111218881345,0.9999993089000891,1
P02717,Mango Maxi Blue,Dresses,Mango,86.84,-27.263589915403298,0.9999993089000891,1
P02718,Mango Midi Black,Dresses,Mango,36.5,-38.04107961296893,0.9999993089000891,1
P02719,Uniqlo Blouses Pink,Tops,Uniqlo,182.71,-23.57468523863303,0.9999993089000891,1
P02720,Levi's Maxi Green,Dresses,Levi's,112.7,-43.275619085967385,0.9999993089000891,1
P02721,Mango Skirts Brown,Bottoms,Mango,88.9,-37.66215552906528,0.9999993089000891,1
P02722,Uniqlo Shorts Red,Bottoms,Uniqlo,30.09,-31.89225894069715,0.9999993089000891,1
P02748,Uniqlo Coats Red,Outerwear,Uniqlo,30.88,-34.68697123519459,0.9999993089000891,1
P02749,H&M Hoodies Gray,Tops,H&M,132.01,-30.06463233735961,0.9999993089000891,1
P02750,Converse Sweaters Cream,Tops,Converse,92.37,-37.77283751010509,0.9999993089000891,1
P02751,H&M Blouses White,Tops,H&M,58.99,-28.94483257046494,0.9999993089000891,1
P02776,Steve Madden Skirts Green,Bottoms,Steve Madden,180.35,-16.516224598435407,0.9999993089000891,1
P02777,Uniqlo Blazers Pink,Outerwear,Uniqlo,98.62,-37.978743475253125,0.9999993089000891,1
P02778,Nike Blazers Green,Outerwear,Nike,60.51,-30.376251294442525,0.9999993089000891,1
P02779,Nike Hoodies Pink,Tops,Nike,174.13,-24.439140811455847,0.9999993089000891,1
P02780,Zara Loafers Pink,Footwear,Zara,81.68,-33.43113284433578,0.9999993089000891,1
P02781,Massimo Dutti Maxi Black,Dresses,Massimo Dutti,28.12,-22.662266226622656,0.9999993089000891,1
P02782,Converse Sneakers Green,Footwear,Converse,122.3,-27.833834897031924,0.9999993089000891,1
P02783,Gap Skirts Pink,Bottoms,Gap,84.35,-22.515157082491278,0.9999993089000891,1
P02784,Levi's Vests Brown,Outerwear,Levi's,124.38,-28.31537087199585,0.9999993089000891,1
P02785,Levi's Shorts Gray,Bottoms,Levi's,29.53,-31.309606885322168,0.9999993089000891,1
P02786,Gap Casual Brown,Dresses,Gap,40.63,-11.808118081180808,0.9999993089000891,1
P02787,Converse Midi Green,Dresses,Converse,101.53,-32.26817878585724,0.9999993089000891,1
P02788,Levi's Shorts Brown,Bottoms,Levi's,58.66,-9.71217484993074,0.9999993089000891,1
P02789,North Face Maxi Navy,Dresses,North Face,102.56,-32.7916120576671,0.9999993089000891,1
P02790,Uniqlo Loafers Black,Footwear,Uniqlo,72.29,-37.63802622498274,0.9999993089000891,1
P02791,Massimo Dutti Sneakers Navy,Footwear,Massimo Dutti,37.21,-17.76795580110497,0.9999993089000891,1
P02792,Mango Casual Cream,Dresses,Mango,66.21,-33.269502116508775,0.9999993089000891,1
P02793,Mango Skirts Green,Bottoms,Mango,106.17,-13.56346169502564,0.9999993089000891,1
P02794,Uniqlo Casual White,Dresses,Uniqlo,64.85,-32.86054456983125,0.9999993089000891,1
P02795,Levi's Casual Navy,Dresses,Levi's,36.07,-9.257861635220126,0.9999993089000891,1
P02796,North Face Pants Green,Bottoms,North Face,16.33,-36.40965732087228,0.9999993089000891,1
P02775,Mango Jeans Gray,Bottoms,Mango,120.86,-32.98214483752911,0.9999993089000891,1
P02774,Gap Blazers Navy,Outerwear,Gap,149.23,-20.176517785504146,0.9999993089000891,1
P02773,Levi's Sandals Red,Footwear,Levi's,65.6,-26.101160301903796,0.9999993089000891,1
P02761,Levi's Hoodies Pink,Tops,Levi's,67.01,-33.92821928613685,0.9999993089000891,1
P02752,Nike Coats Gray,Outerwear,Nike,89.85,-31.53764096312101,0.9999993089000891,1
P02753,Nike Jackets White,Outerwear,Nike,234.33,-0.5854651902761848,0.9999993089000891,1
P02754,Adidas Sneakers Pink,Footwear,Adidas,55.11,-23.105902051067396,0.9999993089000891,1
P02755,Zara Maxi White,Dresses,Zara,69.54,-27.65293383270911,0.9999993089000891,1
P02756,Mango Jackets White,Outerwear,Mango,37.35,-33.016499282639884,0.9999993089000891,1
P02757,H&M Blazers Black,Outerwear,H&M,156.85,-28.293864862393715,0.9999993089000891,1
P02758,Steve Madden Blazers Red,Outerwear,Steve Madden,62.84,-28.387464387464384,0.9999993089000891,1
P02759,Zara Boots Black,Footwear,Zara,176.82,-7.088434659240192,0.9999993089000891,1
P02760,Uniqlo Midi Brown,Dresses,Uniqlo,164.84,-22.914328469884023,0.9999993089000891,1
P02762,Zara Hoodies Black,Tops,Zara,46.89,-48.62495891311493,0.9999993089000891,1
P02772,Converse T-Shirts White,Tops,Converse,69.32,-25.813356164383567,0.9999993089000891,1
P02763,Steve Madden Hoodies Pink,Tops,Steve Madden,106.11,-27.257146774525264,0.9999993089000891,1
P02764,Zara T-Shirts Pink,Tops,Zara,203.34,-21.286726280339092,0.9999993089000891,1
P02765,Levi's Hoodies Red,Tops,Levi's,111.41,-14.35270602706028,0.9999993089000891,1
P02766,Levi's Evening Gray,Dresses,Levi's,43.87,-6.039837224245021,0.9999993089000891,1
P02767,North Face Midi Navy,Dresses,North Face,95.23,-36.75786957099217,0.9999993089000891,1
P02768,Zara Casual Red,Dresses,Zara,76.05,-32.87731685789939,0.9999993089000891,1
P02769,North Face Sweaters Black,Tops,North Face,73.04,-27.316150860782155,0.9999993089000891,1
P02770,Levi's Jackets Red,Outerwear,Levi's,167.47,-28.495794372571627,0.9999993089000891,1
P02771,Steve Madden Midi Black,Dresses,Steve Madden,35.04,-31.023622047244093,0.9999993089000891,1
P02700,Converse Sneakers Cream,Footwear,Converse,171.68,-26.295453569741984,0.9999993089000891,1
P02698,Levi's Casual Brown,Dresses,Levi's,159.63,-27.801899592944366,0.9999993089000891,1
P02598,Gap Pants Cream,Bottoms,Gap,58.52,-34.5926008718006,0.9999993089000891,1
P02623,Levi's Blazers Navy,Outerwear,Levi's,133.19,-23.83049296580122,0.9999993089000891,1
P02625,Mango Casual Red,Dresses,Mango,50.76,-28.957312806158157,0.9999993089000891,1
P02626,Mango Sandals Blue,Footwear,Mango,145.11,-43.734005428460634,0.9999993089000891,1
P02627,Adidas Coats Brown,Outerwear,Adidas,86.76,-45.52646449425504,0.9999993089000891,1
P02628,Zara Pants Green,Bottoms,Zara,149.02,-25.47136784196048,0.9999993089000891,1
P02629,Nike Sneakers Navy,Footwear,Nike,23.37,-41.14832535885167,0.9999993089000891,1
P02630,Adidas Midi Red,Dresses,Adidas,155.52,-36.97008997325119,0.9999993089000891,1
P02631,North Face Maxi Cream,Dresses,North Face,115.37,-8.436507936507933,0.9999993089000891,1
P02632,Mango T-Shirts Red,Tops,Mango,146.99,-32.28763589460107,0.9999993089000891,1
P02633,North Face Casual White,Dresses,North Face,53.74,-16.031249999999996,0.9999993089000891,1
P02634,H&M Maxi Red,Dresses,H&M,43.32,-28.667874197266585,0.9999993089000891,1
P02635,Steve Madden Pants Pink,Bottoms,Steve Madden,143.82,-31.180017226528854,0.9999993089000891,1
P02636,Gap Coats White,Outerwear,Gap,22.63,-31.755126658624842,0.9999993089000891,1
P02637,Uniqlo Evening Red,Dresses,Uniqlo,157.71,-15.950756768279675,0.9999993089000891,1
P02638,Zara Boots Green,Footwear,Zara,62.69,-26.08182997288056,0.9999993089000891,1
P02639,Adidas Loafers White,Footwear,Adidas,142.88,-36.47236672446756,0.9999993089000891,1
P02640,Levi's Loafers Blue,Footwear,Levi's,40.28,-39.94334277620396,0.9999993089000891,1
P02641,Converse Casual Brown,Dresses,Converse,174.61,-15.237864077669897,0.9999993089000891,1
P02642,Steve Madden Blazers Black,Outerwear,Steve Madden,47.59,-29.37073315523893,0.9999993089000891,1
P02643,Nike Blouses Red,Tops,Nike,37.75,-39.07359586830213,0.9999993089000891,1
P02644,Adidas Evening Black,Dresses,Adidas,103.07,-33.13655530327604,0.9999993089000891,1
P02645,Steve Madden Shorts Blue,Bottoms,Steve Madden,164.03,-22.444444444444443,0.9999993089000891,1
P02624,Levi's Boots Gray,Footwear,Levi's,25.48,-30.628913694527625,0.9999993089000891,1
P02622,Gap Vests Navy,Outerwear,Gap,89.02,-41.85879433087323,0.9999993089000891,1
P02697,Converse Casual Green,Dresses,Converse,159.35,-25.047036688617126,0.9999993089000891,1
P02621,Nike Blouses Blue,Tops,Nike,10.72,-13.687600644122377,0.9999993089000891,1
P02599,Levi's Sweaters Black,Tops,Levi's,56.84,-19.853355893965027,0.9999993089000891,1
P02600,Uniqlo Loafers Navy,Footwear,Uniqlo,61.86,-17.077747989276133,0.9999993089000891,1
P02601,North Face Boots Gray,Footwear,North Face,201.37,-12.337294850028298,0.9999993089000891,1
P02602,Converse Boots Navy,Footwear,Converse,116.83,-35.4958038869258,0.9999993089000891,1
P02603,Adidas Sandals Navy,Footwear,Adidas,107.77,-28.253778044071638,0.9999993089000891,1
P02605,Adidas Midi White,Dresses,Adidas,20.98,-18.014849550605703,0.9999993089000891,1
P02606,H&M Maxi Brown,Dresses,H&M,116.43,-2.73995489098654,0.9999993089000891,1
P02607,Mango Blazers Green,Outerwear,Mango,157.82,-33.672354375052535,0.9999993089000891,1
P02608,Converse Hoodies Gray,Tops,Converse,86.51,-30.31255034638311,0.9999993089000891,1
P02609,Massimo Dutti Pants Cream,Bottoms,Massimo Dutti,96.59,-20.73040623717685,0.9999993089000891,1
P02610,Mango Hoodies Blue,Tops,Mango,16.42,-25.295723384895354,0.9999993089000891,1
P02611,Mango Sweaters Black,Tops,Mango,163.65,-18.093093093093096,0.9999993089000891,1
P02612,Gap Casual Black,Dresses,Gap,26.77,-33.99901380670612,0.9999993089000891,1
P02613,Adidas Casual Pink,Dresses,Adidas,81.26,-31.70854693671736,0.9999993089000891,1
P02614,Mango Casual Navy,Dresses,Mango,47.06,-27.63339996924496,0.9999993089000891,1
P02615,Converse Midi Pink,Dresses,Converse,67.45,-28.05333333333333,0.9999993089000891,1
P02616,H&M Boots Red,Footwear,H&M,126.18,-17.963721474546514,0.9999993089000891,1
P02617,Nike Sandals White,Footwear,Nike,30.34,-7.725060827250616,0.9999993089000891,1
P02618,Zara Maxi Blue,Dresses,Zara,156.83,-28.397936355750346,0.9999993089000891,1
P02619,Uniqlo Blazers Navy,Outerwear,Uniqlo,156.01,-29.70305952327311,0.9999993089000891,1
P02620,Gap Sweaters Red,Tops,Gap,144.99,-17.703485072085364,0.9999993089000891,1
P02646,Nike Jeans Cream,Bottoms,Nike,102.88,-21.080085915925142,0.9999993089000891,1
P02647,H&M Blouses Red,Tops,H&M,129.84,-30.12592831772683,0.9999993089000891,1
P02648,Steve Madden Jeans Red,Bottoms,Steve Madden,154.99,-24.49824629773967,0.9999993089000891,1
P02649,H&M Blazers Green,Outerwear,H&M,50.0,-25.79400415553576,0.9999993089000891,1
P02675,Mango Maxi Red,Dresses,Mango,174.99,-12.892627806262121,0.9999993089000891,1
P02676,Gap Skirts Pink,Bottoms,Gap,42.23,-33.922703802221875,0.9999993089000891,1
P02677,Uniqlo Midi Cream,Dresses,Uniqlo,87.8,-44.00510204081633,0.9999993089000891,1
P02678,Nike Jackets Navy,Outerwear,Nike,240.37,-4.421646983975508,0.9999993089000891,1
P02679,Levi's Jeans Green,Bottoms,Levi's,154.5,-15.021175952917881,0.9999993089000891,1
P02680,Uniqlo Pants Navy,Bottoms,Uniqlo,85.83,-20.98140305652735,0.9999993089000891,1
P02681,Nike Evening Pink,Dresses,Nike,61.71,-4.399690162664595,0.9999993089000891,1
P02683,Adidas Casual Cream,Dresses,Adidas,28.48,-25.60083594566353,0.9999993089000891,1
P02684,Zara Blouses Navy,Tops,Zara,82.65,-28.80523731587561,0.9999993089000891,1
P02685,Uniqlo Casual Blue,Dresses,Uniqlo,144.4,-38.052338052338044,0.9999993089000891,1
P02686,Gap Evening Cream,Dresses,Gap,39.55,-29.875886524822697,0.9999993089000891,1
P02687,Converse Skirts Gray,Bottoms,Converse,42.68,-34.18658442559753,0.9999993089000891,1
P02688,Nike Casual Green,Dresses,Nike,182.75,-19.712679026447592,0.9999993089000891,1
P02689,H&M Vests Green,Outerwear,H&M,221.36,-5.353172567128435,0.9999993089000891,1
P02690,Uniqlo Midi Blue,Dresses,Uniqlo,130.85,-38.63146046337117,0.9999993089000891,1
P02691,Converse Pants Green,Bottoms,Converse,50.92,-24.90783070343607,0.9999993089000891,1
P02692,Mango Jackets Cream,Outerwear,Mango,162.16,-28.050403762534387,0.9999993089000891,1
P02693,Adidas Evening Blue,Dresses,Adidas,15.89,-18.969913309535947,0.9999993089000891,1
P02694,H&M Shorts Cream,Bottoms,H&M,196.43,-10.71363636363636,0.9999993089000891,1
P02695,H&M Coats Red,Outerwear,H&M,46.85,-35.49497452843177,0.9999993089000891,1
P02696,Nike Midi Brown,Dresses,Nike,69.06,-48.06737855316589,0.9999993089000891,1
P02674,Nike Vests Cream,Outerwear,Nike,135.04,-18.733826803875548,0.9999993089000891,1
P02673,North Face Coats Pink,Outerwear,North Face,144.28,-26.5414184613818,0.9999993089000891,1
P02672,Levi's T-Shirts Gray,Tops,Levi's,35.96,-46.60727542687453,0.9999993089000891,1
P02659,North Face Casual Cream,Dresses,North Face,77.15,-45.66901408450704,0.9999993089000891,1
P02650,Gap Blouses Red,Tops,Gap,85.65,-36.414253897550104,0.9999993089000891,1
P02651,H&M Evening Cream,Dresses,H&M,147.48,-30.591114457831324,0.9999993089000891,1
P02652,H&M Blouses Red,Tops,H&M,96.96,-30.792291220556745,0.9999993089000891,1
P02653,North Face Skirts Brown,Bottoms,North Face,150.66,-33.078665659840986,0.9999993089000891,1
P02654,Levi's Pants Cream,Bottoms,Levi's,88.19,-29.935647890680865,0.9999993089000891,1
P02655,Levi's Sneakers Navy,Footwear,Levi's,24.3,-29.950994522917263,0.9999993089000891,1
P02656,Converse Blazers Red,Outerwear,Converse,90.25,-42.13259810207746,0.9999993089000891,1
P02657,Gap Blazers Blue,Outerwear,Gap,57.03,-35.06774450643288,0.9999993089000891,1
P02658,Steve Madden Sneakers Red,Footwear,Steve Madden,46.03,-33.92190640252655,0.9999993089000891,1
P02660,Mango Jackets Red,Outerwear,Mango,74.04,-36.766589802715856,0.9999993089000891,1
P02671,North Face Blouses Red,Tops,North Face,26.0,-39.209726443769,0.9999993089000891,1
P02661,Adidas Jeans Cream,Bottoms,Adidas,134.03,-22.838226827864126,0.9999993089000891,1
P02662,Adidas Sneakers Brown,Footwear,Adidas,42.44,-18.400307633147474,0.9999993089000891,1
P02663,Adidas Loafers White,Footwear,Adidas,115.74,-32.806966618287376,0.9999993089000891,1
P02664,Gap Vests Green,Outerwear,Gap,37.75,-25.439462769109227,0.9999993089000891,1
P02665,Mango Pants Red,Bottoms,Mango,118.77,-37.24837533682042,0.9999993089000891,1
P02666,Nike Blazers Cream,Outerwear,Nike,100.81,-12.665684830633287,0.9999993089000891,1
P02667,Steve Madden Loafers Gray,Footwear,Steve Madden,80.06,-38.8107612350963,0.9999993089000891,1
P02668,Gap Jackets White,Outerwear,Gap,160.74,-26.52557480458929,0.9999993089000891,1
P02670,Nike Hoodies Green,Tops,Nike,150.65,-17.528877210269876,0.9999993089000891,1
P01590,Gap Blouses Blue,Tops,Gap,124.11,-33.63456499652425,0.9999993089000891,1
P01601,Massimo Dutti Sneakers Navy,Footwear,Massimo Dutti,144.66,-25.30593277224144,0.9999993089000891,1
P01588,Gap Casual Green,Dresses,Gap,23.97,-38.33290455364034,0.9999993089000891,1
P00529,Mango Casual Gray,Dresses,Mango,146.95,-17.67968181054283,0.9999993089000891,1
P00531,Uniqlo Midi Brown,Dresses,Uniqlo,34.74,-37.67491926803014,0.9999993089000891,1
P00532,Gap Evening Cream,Dresses,Gap,97.35,-26.71083339607018,0.9999993089000891,1
P00533,North Face Midi Cream,Dresses,North Face,133.86,-29.2905815857588,0.9999993089000891,1
P00534,H&M Midi Red,Dresses,H&M,189.36,-13.383953892599026,0.9999993089000891,1
P00535,Mango Sweaters Cream,Tops,Mango,137.15,-25.736408923543426,0.9999993089000891,1
P00536,Mango Skirts Blue,Bottoms,Mango,140.17,-28.484693877551027,0.9999993089000891,1
P00537,Massimo Dutti Blouses Blue,Tops,Massimo Dutti,41.94,-33.89029003783102,0.9999993089000891,1
P00538,Zara Blazers Navy,Outerwear,Zara,65.48,-24.300578034682076,0.9999993089000891,1
P00539,Gap Loafers Green,Footwear,Gap,100.4,-28.895184135977324,0.9999993089000891,1
P00540,Zara Casual Brown,Dresses,Zara,35.78,-19.08638625056535,0.9999993089000891,1
P00541,Massimo Dutti Sandals Gray,Footwear,Massimo Dutti,59.94,-14.002869440459117,0.9999993089000891,1
P00542,Steve Madden Blazers Cream,Outerwear,Steve Madden,173.73,-7.403261912376087,0.9999993089000891,1
P00543,H&M Boots Red,Footwear,H&M,67.09,-30.325059715442933,0.9999993089000891,1
P00544,Gap Loafers Navy,Footwear,Gap,119.13,-26.535520473606315,0.9999993089000891,1
P00546,H&M Casual Red,Dresses,H&M,32.46,-38.30070328834822,0.9999993089000891,1
P00547,Uniqlo Hoodies White,Tops,Uniqlo,88.08,-35.993023762807944,0.9999993089000891,1
P00548,Zara Sandals Brown,Footwear,Zara,168.62,-29.612623142427786,0.9999993089000891,1
P00549,Adidas Hoodies Black,Tops,Adidas,188.81,-13.80900209988131,0.9999993089000891,1
P00550,Steve Madden Blouses Black,Tops,Steve Madden,51.22,-27.991002389990154,0.9999993089000891,1
P00551,Steve Madden Sweaters Pink,Tops,Steve Madden,109.34,-31.888120600510806,0.9999993089000891,1
P00552,Gap Loafers White,Footwear,Gap,137.19,-25.29405358309736,0.9999993089000891,1
P00530,Mango Sandals Gray,Footwear,Mango,137.02,-20.346471340541797,0.9999993089000891,1
P00528,Steve Madden Skirts Pink,Bottoms,Steve Madden,70.81,-35.12597343105818,0.9999993089000891,1
P00554,Steve Madden Maxi Brown,Dresses,Steve Madden,153.6,-27.072452758522463,0.9999993089000891,1
P00527,Converse Vests Black,Outerwear,Converse,171.27,-17.737752161383277,0.9999993089000891,1
P00506,Steve Madden Jackets Blue,Outerwear,Steve Madden,88.05,-37.99732413210337,0.9999993089000891,1
P00507,Steve Madden Sneakers Brown,Footwear,Steve Madden,166.8,-34.185606060606055,0.9999993089000891,1
P00508,Gap Blazers Black,Outerwear,Gap,53.26,-46.05489719436848,0.9999993089000891,1
P00509,Steve Madden Evening Blue,Dresses,Steve Madden,69.59,-34.33047088798716,0.9999993089000891,1
P00510,Gap Skirts Brown,Bottoms,Gap,110.27,-32.708854579849884,0.9999993089000891,1
P00511,Gap Jeans Blue,Bottoms,Gap,42.91,-40.46892341842398,0.9999993089000891,1
P00512,Zara Skirts Navy,Bottoms,Zara,146.99,-12.961866414021783,0.9999993089000891,1
P00513,Converse Midi Blue,Dresses,Converse,155.98,-10.087618169241413,0.9999993089000891,1
P00514,Adidas Midi White,Dresses,Adidas,131.42,-18.026447105788428,0.9999993089000891,1
P00515,Zara Maxi Pink,Dresses,Zara,51.25,-24.930423319173865,0.9999993089000891,1
P00516,Converse Boots Brown,Footwear,Converse,110.55,-5.188679245283017,0.9999993089000891,1
P00517,Massimo Dutti Sandals Navy,Footwear,Massimo Dutti,110.16,-9.236219823679663,0.9999993089000891,1
P00518,H&M Coats Navy,Outerwear,H&M,120.44,-36.295355971649215,0.9999993089000891,1
P00519,Massimo Dutti Blazers Brown,Outerwear,Massimo Dutti,56.06,-15.572289156626509,0.9999993089000891,1
P00520,Adidas Pants Blue,Bottoms,Adidas,43.82,-14.547581903276132,0.9999993089000891,1
P00521,Steve Madden Hoodies Black,Tops,Steve Madden,21.68,-37.71904625107728,0.9999993089000891,1
P00522,Adidas Jeans Pink,Bottoms,Adidas,92.97,-41.83922427275571,0.9999993089000891,1
P00523,Zara Jeans Brown,Bottoms,Zara,174.11,-30.336494218381144,0.9999993089000891,1
P00524,Levi's Midi Red,Dresses,Levi's,143.11,-16.162858816637364,0.9999993089000891,1
P00525,North Face Sandals Cream,Footwear,North Face,67.12,-33.649663898774214,0.9999993089000891,1
P00526,Zara Casual Red,Dresses,Zara,99.05,-17.75305156522462,0.9999993089000891,1
P00553,Levi's Sweaters Red,Tops,Levi's,169.34,-33.19657580180678,0.9999993089000891,1
P00555,Mango Pants Red,Bottoms,Mango,71.59,-41.84402924451665,0.9999993089000891,1
P00604,Gap Boots Gray,Footwear,Gap,161.39,-9.10166150380176,0.9999993089000891,1
P00580,Adidas Pants Navy,Bottoms,Adidas,49.52,-11.933131780188502,0.9999993089000891,1
P00582,North Face Sweaters Navy,Tops,North Face,93.13,-19.381925207756233,0.9999993089000891,1
P00583,Levi's Blazers Gray,Outerwear,Levi's,126.5,-20.51523719761232,0.9999993089000891,1
P00584,Nike Boots Gray,Footwear,Nike,131.2,-33.04072675308768,0.9999993089000891,1
P00585,Gap Loafers Brown,Footwear,Gap,40.41,-23.783477932855536,0.9999993089000891,1
P00586,Converse Coats Pink,Outerwear,Converse,38.21,-37.98084726505437,0.9999993089000891,1
P00587,Gap Vests Brown,Outerwear,Gap,125.0,-38.896221342327806,0.9999993089000891,1
P00588,Mango Blazers Green,Outerwear,Mango,120.58,-31.022252731537098,0.9999993089000891,1
P00589,Massimo Dutti T-Shirts Cream,Tops,Massimo Dutti,102.22,-26.886488806237036,0.9999993089000891,1
P00590,Steve Madden Hoodies Black,Tops,Steve Madden,143.14,-27.535057965878607,0.9999993089000891,1
P00591,Converse Skirts Green,Bottoms,Converse,89.56,-32.079478234491134,0.9999993089000891,1
P00592,Levi's T-Shirts Green,Tops,Levi's,75.77,-34.793459552495705,0.9999993089000891,1
P00593,Nike Skirts Gray,Bottoms,Nike,139.38,-21.093749999999996,0.9999993089000891,1
P00594,H&M Jeans White,Bottoms,H&M,171.31,-10.1913499344692,0.9999993089000891,1
P00595,Mango Boots Red,Footwear,Mango,109.21,-30.029472065607386,0.9999993089000891,1
P00596,Levi's Pants Navy,Bottoms,Levi's,174.85,-12.92764304566506,0.9999993089000891,1
P00597,H&M Evening Navy,Dresses,H&M,17.76,-22.173531989482903,0.9999993089000891,1
P00598,Nike Coats Cream,Outerwear,Nike,93.26,-13.624154857830872,0.9999993089000891,1
P00599,Uniqlo Sneakers Red,Footwear,Uniqlo,51.8,-17.106737077932475,0.9999993089000891,1
P00600,Zara Blouses Navy,Tops,Zara,93.37,-5.246600365333876,0.9999993089000891,1
P00601,Mango T-Shirts Navy,Tops,Mango,129.44,-30.374912592114462,0.9999993089000891,1
P00602,Massimo Dutti Boots Green,Footwear,Massimo Dutti,95.33,-8.168769868028132,0.9999993089000891,1
P00581,Mango Boots Navy,Footwear,Mango,24.42,-33.27868852459016,0.9999993089000891,1
P00579,Mango Boots Gray,Footwear,Mango,103.89,-35.57209302325581,0.9999993089000891,1
P00556,Nike Blouses Black,Tops,Nike,60.7,-28.605034109621258,0.9999993089000891,1
P00578,Levi's Evening Brown,Dresses,Levi's,98.73,-17.054524069562294,0.9999993089000891,1
P00557,Gap Casual Blue,Dresses,Gap,92.16,-36.9673756924971,0.9999993089000891,1
P00558,Levi's Blazers Navy,Outerwear,Levi's,56.59,-25.754395171870893,0.9999993089000891,1
P00559,Nike Loafers Gray,Footwear,Nike,56.06,-16.515264333581538,0.9999993089000891,1
P00560,Nike Sneakers Blue,Footwear,Nike,165.46,-21.868064409500874,0.9999993089000891,1
P00561,Mango Maxi Pink,Dresses,Mango,134.13,-33.82505303665697,0.9999993089000891,1
P00562,Zara Hoodies Blue,Tops,Zara,78.93,-21.665343390234217,0.9999993089000891,1
P00563,Adidas Jeans Pink,Bottoms,Adidas,27.32,-31.374026626475764,0.9999993089000891,1
P00564,Levi's Jackets Brown,Outerwear,Levi's,75.78,-28.177423940858688,0.9999993089000891,1
P00565,Gap Loafers Navy,Footwear,Gap,76.59,-33.009708737864074,0.9999993089000891,1
P00566,Uniqlo Boots White,Footwear,Uniqlo,77.16,-47.72711875889168,0.9999993089000891,1
P00567,North Face Vests Brown,Outerwear,North Face,115.14,-40.728920004118194,0.9999993089000891,1
P00568,Nike Midi Navy,Dresses,Nike,117.2,-32.7132851073602,0.9999993089000891,1
P00569,Gap T-Shirts Black,Tops,Gap,158.66,-24.940864793263316,0.9999993089000891,1
P00570,Converse Casual Cream,Dresses,Converse,47.11,-33.38518099547511,0.9999993089000891,1
P00571,Nike Midi Navy,Dresses,Nike,133.39,-42.86387389702734,0.9999993089000891,1
P00572,Zara Evening Blue,Dresses,Zara,96.0,-30.520373452992683,0.9999993089000891,1
P00573,Adidas Hoodies Blue,Tops,Adidas,30.91,-24.97572815533981,0.9999993089000891,1
P00574,Mango Jackets Red,Outerwear,Mango,153.44,-31.597717546362336,0.9999993089000891,1
P00575,Steve Madden Pants Cream,Bottoms,Steve Madden,191.94,-17.562169823476363,0.9999993089000891,1
P00576,Gap Vests Navy,Outerwear,Gap,71.22,-29.46419728632267,0.9999993089000891,1
P00577,Zara Sandals Blue,Footwear,Zara,18.07,-35.51034975017844,0.9999993089000891,1
P00505,Massimo Dutti Sneakers Brown,Footwear,Massimo Dutti,160.72,-32.51878910022253,0.9999993089000891,1
P00504,Levi's Sandals White,Footwear,Levi's,84.78,-32.66619013581129,0.9999993089000891,1
P00503,Gap Skirts Gray,Bottoms,Gap,64.9,-19.438927507447858,0.9999993089000891,1
P00428,Levi's T-Shirts Cream,Tops,Levi's,29.18,-38.37381203801479,0.9999993089000891,1
P00430,Massimo Dutti Sneakers Cream,Footwear,Massimo Dutti,89.64,-34.96336066168469,0.9999993089000891,1
P00431,Nike Hoodies Cream,Tops,Nike,125.41,-28.76455552399887,0.9999993089000891,1
P00432,Mango Jeans Green,Bottoms,Mango,87.57,-27.369992535456582,0.9999993089000891,1
P00433,Mango Shorts Brown,Bottoms,Mango,75.62,-37.50413223140496,0.9999993089000891,1
P00434,Gap Sandals Red,Footwear,Gap,122.01,-24.995389438741,0.9999993089000891,1
P00435,Adidas Sandals Brown,Footwear,Adidas,173.46,-28.534937376400787,0.9999993089000891,1
P00436,Gap Sandals White,Footwear,Gap,200.8,-18.28429577178203,0.9999993089000891,1
P00437,Mango Sandals Black,Footwear,Mango,136.47,-20.430295609585443,0.9999993089000891,1
P00438,Adidas Shorts Blue,Bottoms,Adidas,57.77,-15.983129726585227,0.9999993089000891,1
P00439,H&M Midi Green,Dresses,H&M,159.51,-18.488425571056265,0.9999993089000891,1
P00440,Gap Shorts Black,Bottoms,Gap,171.1,-30.325365476238954,0.9999993089000891,1
P00441,Zara Sneakers Blue,Footwear,Zara,78.0,-34.249346708252546,0.9999993089000891,1
P00442,Gap Evening Gray,Dresses,Gap,38.79,-32.445141065830725,0.9999993089000891,1
P00443,Mango Sneakers Black,Footwear,Mango,105.91,-30.47787842982802,0.9999993089000891,1
P00444,Gap Midi Navy,Dresses,Gap,170.32,-16.64056382145654,0.9999993089000891,1
P00445,Nike Midi Red,Dresses,Nike,42.64,-34.77130182040692,0.9999993089000891,1
P00446,Mango Sweaters Red,Tops,Mango,52.07,-22.02755315962863,0.9999993089000891,1
P00447,Uniqlo Maxi Green,Dresses,Uniqlo,186.63,-22.476530697017534,0.9999993089000891,1
P00448,Uniqlo Midi Green,Dresses,Uniqlo,158.69,-29.70854004252303,0.9999993089000891,1
P00449,Converse Hoodies Red,Tops,Converse,131.75,-34.56667494412714,0.9999993089000891,1
P00450,Massimo Dutti Loafers Black,Footwear,Massimo Dutti,20.67,-33.89830508474576,0.9999993089000891,1
P00429,Mango Jeans Gray,Bottoms,Mango,31.95,-26.7369869296033,0.9999993089000891,1
P00427,Zara Sweaters Brown,Tops,Zara,95.2,-34.87926670770914,0.9999993089000891,1
P00502,North Face Skirts Brown,Bottoms,North Face,124.64,-38.886982103456724,0.9999993089000891,1
P00426,North Face Skirts Red,Bottoms,North Face,82.39,-21.097490902126033,0.9999993089000891,1
P00404,H&M Evening Black,Dresses,H&M,113.1,-27.91586998087955,0.9999993089000891,1
P00405,Massimo Dutti Shorts Brown,Bottoms,Massimo Dutti,126.04,-37.355864811133195,0.9999993089000891,1
P00406,Uniqlo Pants Black,Bottoms,Uniqlo,131.21,-19.808091920303138,0.9999993089000891,1
P00407,Nike Casual Black,Dresses,Nike,105.61,-41.46760516543812,0.9999993089000891,1
P00408,Steve Madden Coats Blue,Outerwear,Steve Madden,114.59,-30.19189765458422,0.9999993089000891,1
P00409,Nike Blouses Green,Tops,Nike,102.05,-28.42614672464582,0.9999993089000891,1
P00410,H&M Casual Cream,Dresses,H&M,121.06,-11.615682266189674,0.9999993089000891,1
P00411,Levi's Blazers Black,Outerwear,Levi's,100.14,-21.55111633372503,0.9999993089000891,1
P00412,H&M T-Shirts Green,Tops,H&M,123.37,-14.752625760088442,0.9999993089000891,1
P00413,Adidas Blouses Gray,Tops,Adidas,22.7,-40.310281356823566,0.9999993089000891,1
P00414,North Face Blouses Brown,Tops,North Face,136.87,-37.61906932227337,0.9999993089000891,1
P00415,North Face Pants Brown,Bottoms,North Face,142.62,-24.82605945604048,0.9999993089000891,1
P00417,H&M Jackets Navy,Outerwear,H&M,51.11,-8.372176407314452,0.9999993089000891,1
P00418,Nike Loafers Cream,Footwear,Nike,21.59,-29.12015758371635,0.9999993089000891,1
P00419,Massimo Dutti Skirts White,Bottoms,Massimo Dutti,121.02,-26.28373027958823,0.9999993089000891,1
P00420,Adidas Boots Brown,Footwear,Adidas,101.99,-19.21584158415842,0.9999993089000891,1
P00421,Adidas Blazers Pink,Outerwear,Adidas,97.07,-37.077850521812415,0.9999993089000891,1
P00422,Massimo Dutti Skirts Navy,Bottoms,Massimo Dutti,162.32,-32.08084020251894,0.9999993089000891,1
P00423,Mango Skirts Gray,Bottoms,Mango,25.14,-38.15498154981549,0.9999993089000891,1
P00424,Massimo Dutti Casual Black,Dresses,Massimo Dutti,8.02,-32.377740303541316,0.9999993089000891,1
P00425,Steve Madden Sandals Red,Footwear,Steve Madden,66.93,-30.62091842023426,0.9999993089000891,1
P00451,Adidas Sneakers White,Footwear,Adidas,114.84,-38.843327297901794,0.9999993089000891,1
P00452,Adidas Skirts White,Bottoms,Adidas,65.79,-26.655518394648826,0.9999993089000891,1
P00453,Converse Sweaters Red,Tops,Converse,99.17,-13.630029611565922,0.9999993089000891,1
P00454,North Face Vests Black,Outerwear,North Face,115.18,-36.19896970032681,0.9999993089000891,1
P00480,Nike Midi Green,Dresses,Nike,18.56,-23.778234086242307,0.9999993089000891,1
P00481,Levi's Loafers Green,Footwear,Levi's,22.5,-35.437589670014354,0.9999993089000891,1
P00482,H&M Sneakers Cream,Footwear,H&M,27.87,-4.0289256198347045,0.9999993089000891,1
P00483,North Face Vests Black,Outerwear,North Face,116.32,-16.117401024013844,0.9999993089000891,1
P00484,Mango Casual Navy,Dresses,Mango,36.6,-12.14594335093614,0.9999993089000891,1
P00485,Converse Loafers Gray,Footwear,Converse,108.56,-24.184649766045112,0.9999993089000891,1
P00486,Gap Jackets Brown,Outerwear,Gap,135.53,-11.296550821388829,0.9999993089000891,1
P00487,Nike Loafers Brown,Footwear,Nike,45.13,-34.50877956755187,0.9999993089000891,1
P00488,Levi's Loafers Brown,Footwear,Levi's,94.35,-41.48111393661229,0.9999993089000891,1
P00489,Adidas Jackets White,Outerwear,Adidas,41.36,-20.932900019116808,0.9999993089000891,1
P00491,Massimo Dutti Sweaters Green,Tops,Massimo Dutti,17.47,-40.89986468200271,0.9999993089000891,1
P00492,Nike Vests Red,Outerwear,Nike,193.1,-1.1264720942140383,0.9999993089000891,1
P00493,Zara Vests Gray,Outerwear,Zara,56.49,-20.92665173572228,0.9999993089000891,1
P00494,Nike Boots Navy,Footwear,Nike,204.46,-15.165345836272348,0.9999993089000891,1
P00495,North Face Midi Pink,Dresses,North Face,169.13,-12.698084963609144,0.9999993089000891,1
P00496,Gap Sandals Red,Footwear,Gap,71.23,-18.22982436000459,0.9999993089000891,1
P00497,Mango Skirts Green,Bottoms,Mango,111.02,-26.641998149861244,0.9999993089000891,1
P00498,Steve Madden Casual Blue,Dresses,Steve Madden,127.44,-33.783643354463265,0.9999993089000891,1
P00499,Uniqlo Loafers Brown,Footwear,Uniqlo,95.63,-35.58100370495116,0.9999993089000891,1
P00500,H&M Blouses Pink,Tops,H&M,50.09,-28.798862828713563,0.9999993089000891,1
P00501,Gap Casual Blue,Dresses,Gap,157.43,-23.005819924683323,0.9999993089000891,1
P00478,Gap Sneakers Blue,Footwear,Gap,78.43,-39.86351786535806,0.9999993089000891,1
P00477,Nike Jeans Navy,Bottoms,Nike,161.39,-34.704859003924426,0.9999993089000891,1
P00476,Nike Jackets Navy,Outerwear,Nike,27.83,-46.37764932562621,0.9999993089000891,1
P00464,Adidas Evening Brown,Dresses,Adidas,64.59,-30.4137039431157,0.9999993089000891,1
P00455,Gap Sneakers White,Footwear,Gap,159.1,-13.207135453603188,0.9999993089000891,1
P00456,Mango Midi Pink,Dresses,Mango,49.96,-34.77806788511749,0.9999993089000891,1
P00457,Adidas Sandals Navy,Footwear,Adidas,157.44,-30.563641174914004,0.9999993089000891,1
P00458,H&M Sweaters Black,Tops,H&M,187.63,-21.371998491388343,0.9999993089000891,1
P00459,Mango Evening Red,Dresses,Mango,48.93,-31.747803040870416,0.9999993089000891,1
P00460,Steve Madden Sneakers Cream,Footwear,Steve Madden,55.91,-23.263793576722485,0.9999993089000891,1
P00461,North Face Loafers Brown,Footwear,North Face,126.8,-26.95431764502564,0.9999993089000891,1
P00462,Massimo Dutti Midi Brown,Dresses,Massimo Dutti,121.29,-19.24229309541247,0.9999993089000891,1
P00463,Levi's Midi Black,Dresses,Levi's,100.57,-39.46307108890628,0.9999993089000891,1
P00465,Converse Jeans Navy,Bottoms,Converse,122.45,-28.72526193247963,0.9999993089000891,1
P00475,Nike Shorts White,Bottoms,Nike,32.59,-35.00199441563621,0.9999993089000891,1
P00466,Nike T-Shirts Green,Tops,Nike,95.65,-36.440959532194825,0.9999993089000891,1
P00467,Adidas Loafers Navy,Footwear,Adidas,128.37,-31.76526869717748,0.9999993089000891,1
P00468,Mango Coats Brown,Outerwear,Mango,138.86,-34.44433953356623,0.9999993089000891,1
P00469,Massimo Dutti Pants Navy,Bottoms,Massimo Dutti,160.96,-36.16244943285476,0.9999993089000891,1
P00470,Zara Blazers Gray,Outerwear,Zara,54.72,-30.177363787163458,0.9999993089000891,1
P00471,Mango Sandals Cream,Footwear,Mango,105.47,-35.87280355079954,0.9999993089000891,1
P00472,Gap Sandals Blue,Footwear,Gap,94.43,-14.705085358142886,0.9999993089000891,1
P00473,Mango Blouses Gray,Tops,Mango,85.37,-36.314807907497205,0.9999993089000891,1
P00474,Steve Madden Sneakers Navy,Footwear,Steve Madden,64.24,-18.683544303797476,0.9999993089000891,1
P00603,Steve Madden Hoodies White,Tops,Steve Madden,57.22,-32.70610372809597,0.9999993089000891,1
P00605,Mango Blazers Green,Outerwear,Mango,101.62,-41.93142857142857,0.9999993089000891,1
P00805,H&M Loafers Pink,Footwear,H&M,81.7,-21.562980030721963,0.9999993089000891,1
P00731,Mango Sneakers Cream,Footwear,Mango,16.3,-22.565320665083135,0.9999993089000891,1
P00733,Levi's Sweaters Navy,Tops,Levi's,142.06,-42.96153537300249,0.9999993089000891,1
P00734,Zara T-Shirts Cream,Tops,Zara,129.02,-37.56291134339914,0.9999993089000891,1
P00735,H&M Hoodies Blue,Tops,H&M,33.06,-5.945945945945936,0.9999993089000891,1
P00736,Nike Boots Gray,Footwear,Nike,148.58,-34.721673037212774,0.9999993089000891,1
P00737,North Face Sandals Navy,Footwear,North Face,107.61,-17.235809875403792,0.9999993089000891,1
P00738,Steve Madden Sneakers Gray,Footwear,Steve Madden,142.74,-23.782571550619387,0.9999993089000891,1
P00739,Steve Madden Sweaters Cream,Tops,Steve Madden,185.29,-22.372114458083708,0.9999993089000891,1
P00740,Mango Midi Gray,Dresses,Mango,68.04,-26.972201352366636,0.9999993089000891,1
P00741,Massimo Dutti Boots Brown,Footwear,Massimo Dutti,63.66,-28.807872959069563,0.9999993089000891,1
P00742,Nike Midi Blue,Dresses,Nike,68.84,-45.10804561039789,0.9999993089000891,1
P00743,H&M Jackets Cream,Outerwear,H&M,115.48,-36.504096332545224,0.9999993089000891,1
P00744,Steve Madden Vests White,Outerwear,Steve Madden,201.14,-20.98522941546198,0.9999993089000891,1
P00745,North Face Jeans Gray,Bottoms,North Face,36.76,-33.89678115446863,0.9999993089000891,1
P00746,Gap Blazers Green,Outerwear,Gap,212.41,-11.043638495686407,0.9999993089000891,1
P00747,Massimo Dutti Loafers Red,Footwear,Massimo Dutti,57.56,-27.009890945980214,0.9999993089000891,1
P00748,H&M Jeans Black,Bottoms,H&M,41.67,-35.07323153630415,0.9999993089000891,1
P00749,Converse Evening Green,Dresses,Converse,98.67,-30.528761529254382,0.9999993089000891,1
P00750,Converse Jackets Cream,Outerwear,Converse,130.0,-41.69357732328669,0.9999993089000891,1
P00751,H&M Hoodies Pink,Tops,H&M,15.27,-30.559345156889496,0.9999993089000891,1
P00752,Massimo Dutti Evening Pink,Dresses,Massimo Dutti,37.37,-24.060150375939855,0.9999993089000891,1
P00753,Massimo Dutti Loafers Red,Footwear,Massimo Dutti,91.1,-37.46138532299032,0.9999993089000891,1
P00732,Massimo Dutti Evening Green,Dresses,Massimo Dutti,61.33,-36.43900922375376,0.9999993089000891,1
P00730,Mango Midi Brown,Dresses,Mango,121.95,-15.855930449182365,0.9999993089000891,1
P00755,Adidas Sneakers Brown,Footwear,Adidas,88.58,-17.928286852589647,0.9999993089000891,1
P00729,Converse Maxi Brown,Dresses,Converse,14.93,-36.16930312099188,0.9999993089000891,1
P00708,Uniqlo Shorts Cream,Bottoms,Uniqlo,40.72,-19.446092977250245,0.9999993089000891,1
P00709,Gap Pants Red,Bottoms,Gap,137.73,-26.0112812248187,0.9999993089000891,1
P00710,Uniqlo Pants White,Bottoms,Uniqlo,53.5,-28.56189077313393,0.9999993089000891,1
P00711,Adidas Sneakers Brown,Footwear,Adidas,170.98,-31.58337001320476,0.9999993089000891,1
P00712,Mango T-Shirts Cream,Tops,Mango,49.54,-25.030266343825662,0.9999993089000891,1
P00713,Adidas Sandals Blue,Footwear,Adidas,186.27,-26.065729935698972,0.9999993089000891,1
P00714,North Face Skirts White,Bottoms,North Face,114.65,-21.278494918978293,0.9999993089000891,1
P00715,Massimo Dutti Jackets Brown,Outerwear,Massimo Dutti,77.59,-48.802375453645666,0.9999993089000891,1
P00716,Zara Evening White,Dresses,Zara,30.93,-24.13539367181752,0.9999993089000891,1
P00717,North Face Skirts Green,Bottoms,North Face,70.54,-27.880584807279412,0.9999993089000891,1
P00718,Mango Blazers Brown,Outerwear,Mango,74.39,-40.92749940443103,0.9999993089000891,1
P00719,Gap Skirts Pink,Bottoms,Gap,167.67,-31.982475355969335,0.9999993089000891,1
P00720,Nike Jackets Green,Outerwear,Nike,153.5,-34.28938356164383,0.9999993089000891,1
P00721,H&M Hoodies Black,Tops,H&M,102.68,-33.67781940317788,0.9999993089000891,1
P00722,Levi's Pants Pink,Bottoms,Levi's,74.19,-19.941728714794436,0.9999993089000891,1
P00723,Uniqlo Vests Black,Outerwear,Uniqlo,140.82,-18.72330601408288,0.9999993089000891,1
P00724,Mango Blouses Navy,Tops,Mango,32.11,-26.33631566873137,0.9999993089000891,1
P00725,Nike Blouses Cream,Tops,Nike,93.55,-31.086556169429098,0.9999993089000891,1
P00726,Steve Madden Blouses Green,Tops,Steve Madden,34.73,-35.156833457804346,0.9999993089000891,1
P00727,Levi's Shorts Black,Bottoms,Levi's,73.23,-26.365007541478132,0.9999993089000891,1
P00728,Steve Madden Sneakers Gray,Footwear,Steve Madden,116.27,-41.200566400323666,0.9999993089000891,1
P00754,Converse Sandals Brown,Footwear,Converse,75.19,-33.04541406945681,0.9999993089000891,1
P00756,Uniqlo Pants Blue,Bottoms,Uniqlo,60.03,-32.10044112656939,0.9999993089000891,1
P00606,Steve Madden Loafers Cream,Footwear,Steve Madden,146.54,-25.272819989801125,0.9999993089000891,1
P00781,Zara Coats Navy,Outerwear,Zara,81.09,-30.52604523646333,0.9999993089000891,1
P00783,North Face Loafers Cream,Footwear,North Face,111.2,-40.879366260832576,0.9999993089000891,1
P00784,H&M Evening Pink,Dresses,H&M,179.82,-17.34693877551021,0.9999993089000891,1
P00785,Steve Madden T-Shirts Green,Tops,Steve Madden,50.68,-28.235627301047867,0.9999993089000891,1
P00786,Mango Jeans Green,Bottoms,Mango,64.58,-44.042977211680096,0.9999993089000891,1
P00787,Gap T-Shirts Red,Tops,Gap,115.41,-32.378273861838636,0.9999993089000891,1
P00788,Converse Pants Blue,Bottoms,Converse,41.72,-33.630289532293986,0.9999993089000891,1
P00789,Mango Evening Navy,Dresses,Mango,51.62,-38.459704339532664,0.9999993089000891,1
P00790,Nike Shorts Cream,Bottoms,Nike,190.34,-22.917425991171587,0.9999993089000891,1
P00791,Gap Skirts Pink,Bottoms,Gap,22.92,-24.753775443204198,0.9999993089000891,1
P00792,North Face Skirts Green,Bottoms,North Face,117.94,-36.84605087014726,0.9999993089000891,1
P00793,Converse Midi Pink,Dresses,Converse,14.11,-39.31182795698925,0.9999993089000891,1
P01587,Zara Jackets White,Outerwear,Zara,117.12,-25.59085133418043,0.9999993089000891,1
P00795,Massimo Dutti Sweaters Blue,Tops,Massimo Dutti,181.78,-20.390645528597705,0.9999993089000891,1
P00796,Mango Maxi Navy,Dresses,Mango,46.65,-25.49113560134164,0.9999993089000891,1
P00797,Uniqlo Coats Navy,Outerwear,Uniqlo,40.51,-29.88923502942195,0.9999993089000891,1
P00798,Zara Hoodies Cream,Tops,Zara,96.95,-32.09357708202003,0.9999993089000891,1
P00799,North Face Jeans White,Bottoms,North Face,158.4,-21.851102669100595,0.9999993089000891,1
P00800,Nike Boots Black,Footwear,Nike,40.95,-5.688622754491015,0.9999993089000891,1
P00801,Zara Blouses Blue,Tops,Zara,136.69,-18.51564828614009,0.9999993089000891,1
P00802,Zara Evening White,Dresses,Zara,142.0,-12.910150260656247,0.9999993089000891,1
P00803,Zara Blouses Green,Tops,Zara,151.3,-24.99132417827574,0.9999993089000891,1
P00782,H&M Casual Navy,Dresses,H&M,133.12,-19.399370307580526,0.9999993089000891,1
P00780,Gap Sweaters Blue,Tops,Gap,149.75,-30.642397295169282,0.9999993089000891,1
P00757,Zara Blouses Cream,Tops,Zara,84.61,-22.64582190528433,0.9999993089000891,1
P00779,H&M Blouses Cream,Tops,H&M,119.73,-38.95064246379768,0.9999993089000891,1
P00758,North Face Coats Pink,Outerwear,North Face,93.18,-32.76086015298023,0.9999993089000891,1
P00759,Massimo Dutti Shorts Red,Bottoms,Massimo Dutti,73.56,-26.277811184606133,0.9999993089000891,1
P00760,Adidas Skirts White,Bottoms,Adidas,25.9,-36.967632027257245,0.9999993089000891,1
P00761,Nike Jackets White,Outerwear,Nike,59.01,-31.038915507771414,0.9999993089000891,1
P00762,Mango Loafers Gray,Footwear,Mango,90.74,-32.58042945241103,0.9999993089000891,1
P00763,Uniqlo Sandals Pink,Footwear,Uniqlo,147.71,-23.474251372914722,0.9999993089000891,1
P00764,Nike Sweaters Cream,Tops,Nike,106.37,-23.231812933025402,0.9999993089000891,1
P00765,Nike Loafers Black,Footwear,Nike,49.49,-16.218046385644147,0.9999993089000891,1
P00766,Mango Midi Brown,Dresses,Mango,179.98,-15.952180816288408,0.9999993089000891,1
P00767,Converse Evening Green,Dresses,Converse,21.99,-32.234206471494616,0.9999993089000891,1
P00768,Massimo Dutti Midi Red,Dresses,Massimo Dutti,54.57,-13.270820089001909,0.9999993089000891,1
P00769,Converse Blouses Red,Tops,Converse,67.9,-45.49249417997912,0.9999993089000891,1
P00770,Nike Blouses Blue,Tops,Nike,81.97,-24.493367722918205,0.9999993089000891,1
P00771,Gap Hoodies Navy,Tops,Gap,44.36,-14.097598760650659,0.9999993089000891,1
P00772,Massimo Dutti Sandals White,Footwear,Massimo Dutti,75.02,-24.275764610881197,0.9999993089000891,1
P00773,Mango Jackets Gray,Outerwear,Mango,91.13,-23.006083136194665,0.9999993089000891,1
P00774,Massimo Dutti Sneakers Red,Footwear,Massimo Dutti,92.13,-25.243427458617333,0.9999993089000891,1
P00775,North Face Evening Cream,Dresses,North Face,144.69,-41.96614792234879,0.9999993089000891,1
P00776,Converse Sweaters Red,Tops,Converse,152.78,-35.24899343081161,0.9999993089000891,1
P00777,Massimo Dutti Boots Pink,Footwear,Massimo Dutti,126.23,-45.52712208173305,0.9999993089000891,1
P00778,Uniqlo Shorts Navy,Bottoms,Uniqlo,126.58,-36.170641924259996,0.9999993089000891,1
P00707,Nike Midi Red,Dresses,Nike,45.48,-19.929577464788732,0.9999993089000891,1
P00706,Zara Jeans Gray,Bottoms,Zara,102.52,-35.56658915215889,0.9999993089000891,1
P00705,Mango Blouses Red,Tops,Mango,97.22,-47.102671527286574,0.9999993089000891,1
P00630,Gap Evening Green,Dresses,Gap,64.71,-37.95781399808246,0.9999993089000891,1
P00632,Converse Jackets Pink,Outerwear,Converse,143.56,-27.80124723395695,0.9999993089000891,1
P00633,H&M Coats Gray,Outerwear,H&M,156.84,-1.661546178443793,0.9999993089000891,1
P00634,Massimo Dutti Pants Red,Bottoms,Massimo Dutti,48.4,-36.21507643647865,0.9999993089000891,1
P00635,Mango Maxi Brown,Dresses,Mango,122.79,-16.412525527569773,0.9999993089000891,1
P00636,North Face Casual Red,Dresses,North Face,161.07,-33.494363929146544,0.9999993089000891,1
P00638,Adidas Boots Navy,Footwear,Adidas,149.8,-38.61913542306904,0.9999993089000891,1
P00639,Adidas Shorts Navy,Bottoms,Adidas,119.58,-36.81373844121533,0.9999993089000891,1
P00640,H&M Jackets Navy,Outerwear,H&M,157.37,-24.155380982216013,0.9999993089000891,1
P00641,Massimo Dutti Jackets Red,Outerwear,Massimo Dutti,41.57,-41.89264746994689,0.9999993089000891,1
P00642,Gap Hoodies Gray,Tops,Gap,108.72,-25.59030867154884,0.9999993089000891,1
P00643,Gap Hoodies Brown,Tops,Gap,40.03,-31.006549465701482,0.9999993089000891,1
P00644,Steve Madden Midi White,Dresses,Steve Madden,131.55,-23.285514345696278,0.9999993089000891,1
P00645,Nike Blouses Black,Tops,Nike,72.1,-46.52128764278297,0.9999993089000891,1
P00646,Mango Sandals Brown,Footwear,Mango,30.39,-17.32861806311207,0.9999993089000891,1
P00647,Zara Maxi Cream,Dresses,Zara,77.14,-17.329332333083272,0.9999993089000891,1
P00648,Massimo Dutti Blouses White,Tops,Massimo Dutti,58.54,-28.215818516247698,0.9999993089000891,1
P00649,Zara Maxi White,Dresses,Zara,142.9,-17.063261752756823,0.9999993089000891,1
P00650,Gap Shorts Gray,Bottoms,Gap,81.54,-11.619336657272923,0.9999993089000891,1
P00651,Massimo Dutti Pants Pink,Bottoms,Massimo Dutti,96.62,-41.103322157878694,0.9999993089000891,1
P00652,Adidas Casual Blue,Dresses,Adidas,70.96,-35.33217898478083,0.9999993089000891,1
P00653,Mango Boots Pink,Footwear,Mango,24.74,-21.03415256942228,0.9999993089000891,1
P00631,Gap Jeans Green,Bottoms,Gap,68.58,-22.438362361456687,0.9999993089000891,1
P00629,Mango Midi Green,Dresses,Mango,215.46,-12.606473594548545,0.9999993089000891,1
P00704,Levi's T-Shirts Blue,Tops,Levi's,56.31,-26.908099688473524,0.9999993089000891,1
P00628,Steve Madden Evening White,Dresses,Steve Madden,91.31,-35.746956582928725,0.9999993089000891,1
P00607,Zara T-Shirts Cream,Tops,Zara,171.91,-21.098769965118414,0.9999993089000891,1
P00608,North Face Coats Brown,Outerwear,North Face,50.05,-20.441901128596406,0.9999993089000891,1
P00609,Converse Blouses Red,Tops,Converse,90.2,-6.275976724854522,0.9999993089000891,1
P00610,Levi's Sneakers Gray,Footwear,Levi's,178.5,-26.00729563919748,0.9999993089000891,1
P00611,Levi's Skirts Cream,Bottoms,Levi's,197.99,-2.2368161169267236,0.9999993089000891,1
P00612,Nike Blouses Brown,Tops,Nike,85.86,-19.21339856981558,0.9999993089000891,1
P00613,Levi's Casual Blue,Dresses,Levi's,86.47,-37.733131705912,0.9999993089000891,1
P00614,Levi's Loafers Green,Footwear,Levi's,137.93,-38.90955797679156,0.9999993089000891,1
P00615,H&M Midi Cream,Dresses,H&M,62.89,-31.357782143636765,0.9999993089000891,1
P00616,North Face Jeans Black,Bottoms,North Face,17.68,-30.693845550764408,0.9999993089000891,1
P00617,Uniqlo Boots Brown,Footwear,Uniqlo,110.26,-43.49118491184912,0.9999993089000891,1
P00618,Uniqlo Sweaters Black,Tops,Uniqlo,17.86,-39.682539682539684,0.9999993089000891,1
P00619,North Face Sneakers Cream,Footwear,North Face,165.71,-10.740640991112306,0.9999993089000891,1
P00620,North Face Evening Gray,Dresses,North Face,109.4,-5.705912773659706,0.9999993089000891,1
P00621,Converse Pants White,Bottoms,Converse,51.8,-20.97635392829901,0.9999993089000891,1
P00622,Levi's Maxi Blue,Dresses,Levi's,181.96,-21.05514339016877,0.9999993089000891,1
P00623,Zara Sweaters Cream,Tops,Zara,31.75,-16.622899159663863,0.9999993089000891,1
P00624,Nike Loafers Brown,Footwear,Nike,126.92,-28.8245850157021,0.9999993089000891,1
P00625,H&M Jackets Cream,Outerwear,H&M,161.85,-18.88844341986569,0.9999993089000891,1
P00626,Nike Pants Blue,Bottoms,Nike,140.6,-22.785435773518596,0.9999993089000891,1
P00627,Massimo Dutti Midi Black,Dresses,Massimo Dutti,134.23,-37.392723880597025,0.9999993089000891,1
P00654,Adidas Vests Brown,Outerwear,Adidas,168.09,-29.49540707185101,0.9999993089000891,1
P00655,North Face Blazers Blue,Outerwear,North Face,101.55,-13.486113477594138,0.9999993089000891,1
P00656,Steve Madden Pants Brown,Bottoms,Steve Madden,9.86,-22.116903633491315,0.9999993089000891,1
P00657,Mango T-Shirts White,Tops,Mango,96.42,-48.013155766431225,0.9999993089000891,1
P00682,Steve Madden Coats Gray,Outerwear,Steve Madden,145.85,-15.547191661841342,0.9999993089000891,1
P00683,Massimo Dutti Boots Gray,Footwear,Massimo Dutti,123.95,-34.90021008403361,0.9999993089000891,1
P00684,Levi's Vests Navy,Outerwear,Levi's,45.84,-46.49859943977591,0.9999993089000891,1
P00685,Zara Midi White,Dresses,Zara,161.68,-20.857604385921967,0.9999993089000891,1
P00686,Uniqlo T-Shirts Cream,Tops,Uniqlo,115.21,-34.37944979210572,0.9999993089000891,1
P00687,Uniqlo Blouses White,Tops,Uniqlo,180.0,-18.529917624694487,0.9999993089000891,1
P00688,Zara Loafers Pink,Footwear,Zara,62.03,-40.212048192771086,0.9999993089000891,1
P00690,Mango Vests Navy,Outerwear,Mango,62.18,-0.8925725215173769,0.9999993089000891,1
P00691,Nike Boots Red,Footwear,Nike,83.2,-42.57316399779127,0.9999993089000891,1
P00692,Massimo Dutti Loafers Blue,Footwear,Massimo Dutti,64.56,-16.079552840244382,0.9999993089000891,1
P00693,Nike Pants Black,Bottoms,Nike,130.06,-32.418810080540396,0.9999993089000891,1
P00694,Massimo Dutti Vests White,Outerwear,Massimo Dutti,20.01,-27.394775036284464,0.9999993089000891,1
P00695,North Face Pants Blue,Bottoms,North Face,152.04,-10.806054206265408,0.9999993089000891,1
P00696,Massimo Dutti Coats Cream,Outerwear,Massimo Dutti,127.5,-37.201398808057924,0.9999993089000891,1
P00697,Adidas Coats White,Outerwear,Adidas,80.63,-14.911355002110604,0.9999993089000891,1
P00698,Adidas Boots White,Footwear,Adidas,112.36,-24.67149369804237,0.9999993089000891,1
P00699,H&M Casual Pink,Dresses,H&M,61.06,-2.0846696600384815,0.9999993089000891,1
P00700,Levi's Sweaters Brown,Tops,Levi's,164.78,-31.993396615765583,0.9999993089000891,1
P00701,North Face Pants Brown,Bottoms,North Face,24.14,-20.198347107438014,0.9999993089000891,1
P00702,Steve Madden Vests Red,Outerwear,Steve Madden,138.86,-37.436359540437024,0.9999993089000891,1
P00703,Adidas Blazers White,Outerwear,Adidas,73.13,-30.61011481165196,0.9999993089000891,1
P00681,Nike Sneakers Navy,Footwear,Nike,182.19,-13.346016646848991,0.9999993089000891,1
P00680,Gap Vests Navy,Outerwear,Gap,69.81,-44.41436420097141,0.9999993089000891,1
P00679,Massimo Dutti Jeans White,Bottoms,Massimo Dutti,107.18,-40.75179657269209,0.9999993089000891,1
P00667,Nike Coats Red,Outerwear,Nike,77.13,-33.958386848189065,0.9999993089000891,1
P00658,Nike T-Shirts White,Tops,Nike,52.65,-27.817384151357277,0.9999993089000891,1
P00659,H&M T-Shirts Green,Tops,H&M,99.37,-38.800270986019584,0.9999993089000891,1
P00660,Converse Sweaters Blue,Tops,Converse,137.1,-40.996729213289726,0.9999993089000891,1
P00661,Converse Blazers Navy,Outerwear,Converse,81.12,-33.09138898053447,0.9999993089000891,1
P00662,Levi's Maxi Cream,Dresses,Levi's,70.94,-38.40944608438966,0.9999993089000891,1
P00663,Steve Madden Sweaters Pink,Tops,Steve Madden,170.02,-5.6388056388056365,0.9999993089000891,1
P00664,Nike T-Shirts Blue,Tops,Nike,119.02,-27.178169358786104,0.9999993089000891,1
P00665,Converse Hoodies Navy,Tops,Converse,88.02,-41.28477086251751,0.9999993089000891,1
P00666,Mango Vests Pink,Outerwear,Mango,89.89,-34.38686131386861,0.9999993089000891,1
P00668,Steve Madden Blouses Brown,Tops,Steve Madden,145.11,-12.457770270270258,0.9999993089000891,1
P00678,Massimo Dutti Boots Gray,Footwear,Massimo Dutti,141.43,-36.114373475472036,0.9999993089000891,1
P00669,Adidas Hoodies Gray,Tops,Adidas,119.02,-34.46396123561479,0.9999993089000891,1
P00670,Levi's Jackets Black,Outerwear,Levi's,112.9,-10.560088726927036,0.9999993089000891,1
P00671,Massimo Dutti Sandals Red,Footwear,Massimo Dutti,12.36,-40.116279069767444,0.9999993089000891,1
P00672,Mango Casual White,Dresses,Mango,203.32,-18.125075504369192,0.9999993089000891,1
P00673,Gap Boots Green,Footwear,Gap,76.02,-39.315079428434586,0.9999993089000891,1
P00674,Uniqlo Sneakers Navy,Footwear,Uniqlo,140.37,-31.46665364710477,0.9999993089000891,1
P00675,Nike Boots White,Footwear,Nike,160.56,-20.60132528928889,0.9999993089000891,1
P00676,North Face Skirts Pink,Bottoms,North Face,39.17,-33.61016949152542,0.9999993089000891,1
P00677,Nike Jeans Navy,Bottoms,Nike,112.86,-7.103465305786481,0.9999993089000891,1
P00403,Adidas T-Shirts Gray,Tops,Adidas,30.16,-31.764705882352946,0.9999993089000891,1
P00402,Steve Madden T-Shirts Gray,Tops,Steve Madden,123.11,-37.97359935509875,0.9999993089000891,1
P00401,Massimo Dutti Pants White,Bottoms,Massimo Dutti,81.27,-32.48317687131346,0.9999993089000891,1
P00127,Adidas Midi Black,Dresses,Adidas,129.35,-28.551701281484753,0.9999993089000891,1
P00129,Nike Midi Red,Dresses,Nike,134.02,-32.54140031207529,0.9999993089000891,1
P00130,Mango Boots Cream,Footwear,Mango,87.93,-25.66573674866853,0.9999993089000891,1
P00131,North Face Midi Blue,Dresses,North Face,35.61,-16.033954256071674,0.9999993089000891,1
P00132,H&M Hoodies Brown,Tops,H&M,122.34,-17.654977451706262,0.9999993089000891,1
P00133,North Face Hoodies Pink,Tops,North Face,146.46,-7.3800037943464165,0.9999993089000891,1
P00134,Levi's Boots Cream,Footwear,Levi's,90.22,-19.179432052315683,0.9999993089000891,1
P00135,Mango Boots Red,Footwear,Mango,109.18,-32.42139143352315,0.9999993089000891,1
P00136,Levi's Casual Blue,Dresses,Levi's,18.84,-34.65140478668054,0.9999993089000891,1
P00137,H&M Loafers Navy,Footwear,H&M,114.04,-19.79745411069695,0.9999993089000891,1
P00138,Levi's Blazers Brown,Outerwear,Levi's,135.3,-19.358683990940513,0.9999993089000891,1
P00139,Nike Pants Black,Bottoms,Nike,113.93,-14.31901932766789,0.9999993089000891,1
P00140,Steve Madden Evening White,Dresses,Steve Madden,126.2,-21.090477083724128,0.9999993089000891,1
P00141,Uniqlo Casual Pink,Dresses,Uniqlo,234.12,-5.4060606060606045,0.9999993089000891,1
P00142,North Face Maxi White,Dresses,North Face,83.88,-26.044789278786816,0.9999993089000891,1
P00143,H&M Sandals Pink,Footwear,H&M,208.82,-14.319711143935665,0.9999993089000891,1
P00144,Nike Loafers Pink,Footwear,Nike,17.82,-16.728971962616814,0.9999993089000891,1
P00145,Gap Loafers Brown,Footwear,Gap,97.33,-38.73221704645601,0.9999993089000891,1
P00146,Gap Blazers Brown,Outerwear,Gap,125.64,-25.84110494628733,0.9999993089000891,1
P00147,North Face Shorts Navy,Bottoms,North Face,103.94,-37.674641722132286,0.9999993089000891,1
P00148,Adidas Sweaters Cream,Tops,Adidas,135.79,-27.659687816312406,0.9999993089000891,1
P00149,Adidas Sandals Brown,Footwear,Adidas,64.61,-25.444264943457185,0.9999993089000891,1
P00128,H&M Coats Brown,Outerwear,H&M,139.73,-17.679981147637573,0.9999993089000891,1
P00126,Massimo Dutti Casual Red,Dresses,Massimo Dutti,206.19,-12.900773032568747,0.9999993089000891,1
P00151,Massimo Dutti Hoodies Green,Tops,Massimo Dutti,112.45,-14.733090688504696,0.9999993089000891,1
P00125,Levi's Casual Blue,Dresses,Levi's,153.4,-21.236393509960973,0.9999993089000891,1
P00104,H&M Hoodies White,Tops,H&M,20.09,-45.303566566839095,0.9999993089000891,1
P00105,North Face Maxi Pink,Dresses,North Face,142.99,-28.37607693848927,0.9999993089000891,1
P00106,Nike Hoodies Gray,Tops,Nike,105.97,-37.332939089296275,0.9999993089000891,1
P00107,Converse Hoodies Red,Tops,Converse,105.62,-34.34042024120353,0.9999993089000891,1
P00108,Massimo Dutti Blazers Blue,Outerwear,Massimo Dutti,64.12,-16.921482249287383,0.9999993089000891,1
P00109,Gap Sandals Blue,Footwear,Gap,19.36,-33.6986301369863,0.9999993089000891,1
P00110,Converse Hoodies Gray,Tops,Converse,102.19,-39.696683583146466,0.9999993089000891,1
P00111,Adidas Jeans Black,Bottoms,Adidas,143.91,-21.749768908705345,0.9999993089000891,1
P00112,Gap Maxi Pink,Dresses,Gap,193.35,-22.324441587658683,0.9999993089000891,1
P00113,Converse Evening Cream,Dresses,Converse,195.43,-6.205605682472647,0.9999993089000891,1
P00114,Uniqlo Sweaters Pink,Tops,Uniqlo,103.33,-47.30480901626804,0.9999993089000891,1
P00115,Massimo Dutti Sneakers Brown,Footwear,Massimo Dutti,138.83,-37.483676318278015,0.9999993089000891,1
P00116,Massimo Dutti Sweaters Black,Tops,Massimo Dutti,155.6,-6.445406445406444,0.9999993089000891,1
P00117,Adidas Blazers Pink,Outerwear,Adidas,227.31,-7.7363315338718195,0.9999993089000891,1
P00118,Mango Pants Cream,Bottoms,Mango,101.22,-31.925482547582217,0.9999993089000891,1
P00119,Adidas Skirts White,Bottoms,Adidas,68.61,-23.375027920482474,0.9999993089000891,1
P00120,Massimo Dutti Skirts Gray,Bottoms,Massimo Dutti,85.6,-45.654244174973016,0.9999993089000891,1
P00121,Mango Casual Blue,Dresses,Mango,126.23,-2.982092075935754,0.9999993089000891,1
P00122,Zara Sneakers Brown,Footwear,Zara,29.32,-29.230026550808592,0.9999993089000891,1
P00123,Uniqlo Pants Brown,Bottoms,Uniqlo,67.56,-28.764234500210883,0.9999993089000891,1
P00124,Levi's Shorts White,Bottoms,Levi's,153.8,-23.257322488897753,0.9999993089000891,1
P00150,Steve Madden Blouses White,Tops,Steve Madden,134.97,-34.79080104357909,0.9999993089000891,1
P00152,Nike Shorts Cream,Bottoms,Nike,175.14,-19.409166206515742,0.9999993089000891,1
P00400,Massimo Dutti Jeans Brown,Bottoms,Massimo Dutti,13.78,-16.88781664656212,0.9999993089000891,1
P00178,H&M Sandals Pink,Footwear,H&M,89.11,-38.37908858308555,0.9999993089000891,1
P00180,Nike Blouses Pink,Tops,Nike,35.65,-11.713719663199614,0.9999993089000891,1
P00181,Zara Evening Navy,Dresses,Zara,26.17,-41.03199639477242,0.9999993089000891,1
P00182,Mango Maxi Green,Dresses,Mango,70.94,-33.11333207618329,0.9999993089000891,1
P00183,Steve Madden Sweaters Brown,Tops,Steve Madden,38.28,-25.481798715203418,0.9999993089000891,1
P00184,Steve Madden Vests White,Outerwear,Steve Madden,168.61,-32.518210197710715,0.9999993089000891,1
P00185,H&M Jackets Navy,Outerwear,H&M,110.35,-5.165005156411142,0.9999993089000891,1
P00186,Gap Maxi White,Dresses,Gap,41.15,-32.77242280673093,0.9999993089000891,1
P00187,Steve Madden Shorts Gray,Bottoms,Steve Madden,188.82,-3.7908896361968805,0.9999993089000891,1
P00188,Massimo Dutti Sandals Red,Footwear,Massimo Dutti,102.38,-13.171062674921552,0.9999993089000891,1
P00189,Mango Vests Green,Outerwear,Mango,73.09,-43.49439505218399,0.9999993089000891,1
P00190,Steve Madden Evening Green,Dresses,Steve Madden,151.7,-32.616710345133924,0.9999993089000891,1
P00191,Converse Sweaters Navy,Tops,Converse,170.87,-29.694700460829488,0.9999993089000891,1
P00192,Converse Casual Gray,Dresses,Converse,56.95,-37.98322988130241,0.9999993089000891,1
P00193,Nike Boots Green,Footwear,Nike,118.94,-29.64627942742222,0.9999993089000891,1
P00194,Zara Sneakers White,Footwear,Zara,123.47,-30.77095598542192,0.9999993089000891,1
P00195,Massimo Dutti Coats Red,Outerwear,Massimo Dutti,125.57,-40.99154135338347,0.9999993089000891,1
P00196,H&M Midi Black,Dresses,H&M,51.03,-45.02262443438914,0.9999993089000891,1
P00197,Mango Maxi Navy,Dresses,Mango,54.93,-20.69015304649149,0.9999993089000891,1
P00198,Levi's Jackets White,Outerwear,Levi's,87.34,-31.508782936010032,0.9999993089000891,1
P00199,Nike Shorts Brown,Bottoms,Nike,88.25,-35.71532634032634,0.9999993089000891,1
P00200,H&M Coats Pink,Outerwear,H&M,77.09,-17.936981051735145,0.9999993089000891,1
P00179,Adidas Blouses Blue,Tops,Adidas,130.62,-27.080890973036336,0.9999993089000891,1
P00177,Mango Midi Cream,Dresses,Mango,100.35,-26.515817223198603,0.9999993089000891,1
P00153,Zara Sweaters Gray,Tops,Zara,125.23,-22.013949433304276,0.9999993089000891,1
P00176,Zara Blazers Gray,Outerwear,Zara,141.13,-16.766926161830625,0.9999993089000891,1
P00154,Mango Midi Brown,Dresses,Mango,93.76,-1.553968920621577,0.9999993089000891,1
P00155,Converse Loafers Blue,Footwear,Converse,155.29,-30.014872233989813,0.9999993089000891,1
P00156,North Face Boots Blue,Footwear,North Face,118.87,-29.491666172370838,0.9999993089000891,1
P00157,Adidas Midi Brown,Dresses,Adidas,171.42,-13.125886884248938,0.9999993089000891,1
P00158,Adidas Sneakers Pink,Footwear,Adidas,178.19,-25.865368613746053,0.9999993089000891,1
P00160,Adidas Sneakers Brown,Footwear,Adidas,35.1,-29.617004210948462,0.9999993089000891,1
P00161,Gap Boots Cream,Footwear,Gap,195.95,-21.641940256728116,0.9999993089000891,1
P00162,Steve Madden Jackets Gray,Outerwear,Steve Madden,143.82,-32.67169140021535,0.9999993089000891,1
P00163,Massimo Dutti Loafers Blue,Footwear,Massimo Dutti,42.2,-18.970814132104447,0.9999993089000891,1
P00164,Converse Boots Black,Footwear,Converse,32.49,-36.33156966490299,0.9999993089000891,1
P00165,H&M Blouses Navy,Tops,H&M,110.5,-16.116298489334238,0.9999993089000891,1
P00166,North Face Skirts Black,Bottoms,North Face,65.38,-36.13987106856808,0.9999993089000891,1
P00167,North Face Jeans White,Bottoms,North Face,38.02,-20.907010609527767,0.9999993089000891,1
P00168,Gap Jackets Cream,Outerwear,Gap,57.92,-33.302625518194375,0.9999993089000891,1
P00169,H&M Loafers Blue,Footwear,H&M,131.83,-23.625514164880364,0.9999993089000891,1
P00170,Massimo Dutti T-Shirts Green,Tops,Massimo Dutti,122.07,-33.901884340480834,0.9999993089000891,1
P00171,Uniqlo Blouses Green,Tops,Uniqlo,162.6,-32.36272878535774,0.9999993089000891,1
P00172,Mango Sneakers Cream,Footwear,Mango,102.73,-46.705748080514624,0.9999993089000891,1
P00173,Uniqlo Blouses White,Tops,Uniqlo,18.58,-40.71474154435227,0.9999993089000891,1
P00174,Gap Skirts Cream,Bottoms,Gap,138.22,-31.424885890057553,0.9999993089000891,1
P00175,Zara Evening Gray,Dresses,Zara,84.94,-29.151722412211196,0.9999993089000891,1
P00103,Steve Madden Midi Black,Dresses,Steve Madden,61.33,-25.280214424951268,0.9999993089000891,1
P00102,Nike Maxi Pink,Dresses,Nike,146.89,-33.094966977909365,0.9999993089000891,1
P00101,Steve Madden Coats Cream,Outerwear,Steve Madden,189.55,-20.836117607751415,0.9999993089000891,1
P00026,Uniqlo Vests Pink,Outerwear,Uniqlo,86.49,-28.092783505154646,0.9999993089000891,1
P00028,Gap Sneakers Brown,Footwear,Gap,153.81,-27.97134026411913,0.9999993089000891,1
P00029,Levi's Sneakers White,Footwear,Levi's,41.67,-25.56270096463022,0.9999993089000891,1
P00030,Nike Jeans White,Bottoms,Nike,150.71,-35.522375288782406,0.9999993089000891,1
P00031,Converse Evening Pink,Dresses,Converse,188.35,-23.75419989474963,0.9999993089000891,1
P00032,Nike Hoodies Green,Tops,Nike,59.11,-35.036817232662926,0.9999993089000891,1
P00033,North Face Sweaters Blue,Tops,North Face,128.0,-26.22053144273446,0.9999993089000891,1
P00035,Converse Sweaters Blue,Tops,Converse,107.97,-34.296841720927404,0.9999993089000891,1
P00036,Zara Blazers White,Outerwear,Zara,79.51,-12.62637362637362,0.9999993089000891,1
P00037,Gap Evening Cream,Dresses,Gap,34.97,-22.87163652404059,0.9999993089000891,1
P00038,North Face Jeans Green,Bottoms,North Face,88.52,-22.588543944031482,0.9999993089000891,1
P00039,Uniqlo Blouses Gray,Tops,Uniqlo,158.34,-32.629877036974,0.9999993089000891,1
P00040,Levi's Pants Navy,Bottoms,Levi's,72.97,-31.599175103112113,0.9999993089000891,1
P00041,Levi's Shorts White,Bottoms,Levi's,59.51,-20.937956689252026,0.9999993089000891,1
P00042,Uniqlo Maxi Gray,Dresses,Uniqlo,158.68,-31.738793770971352,0.9999993089000891,1
P00043,Adidas Maxi Red,Dresses,Adidas,161.26,-30.79860962107884,0.9999993089000891,1
P00044,Nike Evening Blue,Dresses,Nike,163.38,-19.730765451508304,0.9999993089000891,1
P00045,Mango Sneakers Green,Footwear,Mango,127.08,-14.314611287168772,0.9999993089000891,1
P00046,Mango Shorts White,Bottoms,Mango,121.23,-28.00641368252271,0.9999993089000891,1
P00047,Adidas Maxi Pink,Dresses,Adidas,44.48,-34.95174027493419,0.9999993089000891,1
P00048,Nike Jackets Green,Outerwear,Nike,65.6,-23.73866542664497,0.9999993089000891,1
P00049,Massimo Dutti Sandals Cream,Footwear,Massimo Dutti,151.57,-36.23474968447623,0.9999993089000891,1
P00027,Mango Blazers Red,Outerwear,Mango,37.41,-39.9807476335633,0.9999993089000891,1
P00025,Zara Sneakers Red,Footwear,Zara,137.5,-35.37622785167082,0.9999993089000891,1
P00100,Adidas Vests Navy,Outerwear,Adidas,124.22,-25.20922391474502,0.9999993089000891,1
P00024,Levi's Loafers Pink,Footwear,Levi's,32.35,-26.276207839562442,0.9999993089000891,1
P00003,Uniqlo Loafers Cream,Footwear,Uniqlo,132.03,-38.109970468288566,0.9999993089000891,1
P00004,Levi's Maxi Gray,Dresses,Levi's,34.64,-30.273752012882447,0.9999993089000891,1
P00005,Zara Sandals Cream,Footwear,Zara,111.6,-28.607983623336747,0.9999993089000891,1
P00006,Nike Sandals Gray,Footwear,Nike,71.27,-10.464824120603014,0.9999993089000891,1
P00007,Mango Jeans Blue,Bottoms,Mango,88.85,-16.877163439049493,0.9999993089000891,1
P00008,Steve Madden Sweaters Gray,Tops,Steve Madden,85.33,-50.25649994170456,0.9999993089000891,1
P00009,Uniqlo Casual Black,Dresses,Uniqlo,164.34,-30.343746026363753,0.9999993089000891,1
P00010,Adidas Evening Cream,Dresses,Adidas,52.88,-31.484840632288158,0.9999993089000891,1
P00011,Gap Sandals Green,Footwear,Gap,246.05,-0.4410455612203508,0.9999993089000891,1
P00012,Zara Coats White,Outerwear,Zara,92.58,-41.34938232499208,0.9999993089000891,1
P00013,Steve Madden Loafers Blue,Footwear,Steve Madden,160.19,-17.0,0.9999993089000891,1
P00014,Adidas Sandals Brown,Footwear,Adidas,176.69,-29.790193117698482,0.9999993089000891,1
P00015,Steve Madden Evening White,Dresses,Steve Madden,96.76,-38.03790983606557,0.9999993089000891,1
P00016,Nike Jeans Brown,Bottoms,Nike,165.04,-35.95405331988048,0.9999993089000891,1
P00017,Uniqlo Jeans Green,Bottoms,Uniqlo,37.62,-9.305689488910318,0.9999993089000891,1
P00018,Adidas Pants Cream,Bottoms,Adidas,117.19,-31.80283985102421,0.9999993089000891,1
P00019,Gap Boots Blue,Footwear,Gap,175.71,-23.750216976219402,0.9999993089000891,1
P00020,H&M Pants Brown,Bottoms,H&M,20.8,-19.5357833655706,0.9999993089000891,1
P00021,H&M Sweaters Black,Tops,H&M,123.15,-28.18823255000292,0.9999993089000891,1
P00022,Uniqlo Skirts Cream,Bottoms,Uniqlo,86.73,-27.58620689655172,0.9999993089000891,1
P00023,Adidas Coats White,Outerwear,Adidas,29.94,-24.221716021260434,0.9999993089000891,1
P00050,Converse Jeans Red,Bottoms,Converse,161.79,-32.140760003355425,0.9999993089000891,1
P00051,Uniqlo Evening Navy,Dresses,Uniqlo,157.99,-25.172871080799457,0.9999993089000891,1
P00052,Gap Jackets Pink,Outerwear,Gap,23.41,-11.056231003039514,0.9999993089000891,1
P00053,Uniqlo Hoodies Navy,Tops,Uniqlo,116.98,-26.58466172963474,0.9999993089000891,1
P00079,Massimo Dutti Sandals Cream,Footwear,Massimo Dutti,152.91,-36.472787702534276,0.9999993089000891,1
P00080,Massimo Dutti Hoodies White,Tops,Massimo Dutti,207.17,-5.660291438979967,0.9999993089000891,1
P00081,H&M Sweaters Red,Tops,H&M,56.68,-22.87386038916859,0.9999993089000891,1
P00082,Converse Vests Green,Outerwear,Converse,116.72,-30.55274587969298,0.9999993089000891,1
P00083,Converse Pants White,Bottoms,Converse,11.72,-40.32586558044806,0.9999993089000891,1
P00084,Converse Loafers Black,Footwear,Converse,80.33,-38.42085090072824,0.9999993089000891,1
P00085,Mango Evening White,Dresses,Mango,113.32,-44.90738489960621,0.9999993089000891,1
P00086,Nike Shorts Green,Bottoms,Nike,68.98,-22.93598480616691,0.9999993089000891,1
P00087,Massimo Dutti Midi White,Dresses,Massimo Dutti,93.92,-38.368659360850444,0.9999993089000891,1
P00088,Adidas Jeans Blue,Bottoms,Adidas,126.08,-10.454545454545464,0.9999993089000891,1
P00089,Nike Evening Pink,Dresses,Nike,54.85,-44.28078017066233,0.9999993089000891,1
P00090,North Face Sweaters Pink,Tops,North Face,157.84,-25.61383665582732,0.9999993089000891,1
P00091,North Face Coats Blue,Outerwear,North Face,106.79,-29.13265644701041,0.9999993089000891,1
P00092,Mango Loafers Black,Footwear,Mango,138.02,-19.83504675611313,0.9999993089000891,1
P00093,Steve Madden Shorts Navy,Bottoms,Steve Madden,45.92,-20.827586206896548,0.9999993089000891,1
P00094,Gap Boots Navy,Footwear,Gap,55.65,-30.114278538239354,0.9999993089000891,1
P00095,H&M Hoodies Navy,Tops,H&M,84.79,-6.772952171522811,0.9999993089000891,1
P00096,Massimo Dutti Jackets Red,Outerwear,Massimo Dutti,166.18,-11.658072404444212,0.9999993089000891,1
P00097,Mango Blouses Brown,Tops,Mango,64.33,-21.967491508976224,0.9999993089000891,1
P00098,Levi's Loafers Cream,Footwear,Levi's,109.41,-25.47510387575779,0.9999993089000891,1
P00099,Gap Evening Gray,Dresses,Gap,22.68,-35.47652916073968,0.9999993089000891,1
P00078,Steve Madden T-Shirts Blue,Tops,Steve Madden,87.96,-38.40767453259576,0.9999993089000891,1
P00077,H&M Sandals Gray,Footwear,H&M,118.7,-33.65750055890901,0.9999993089000891,1
P00076,H&M Shorts Red,Bottoms,H&M,145.67,-22.966684294024333,0.9999993089000891,1
P00064,Adidas Jeans Black,Bottoms,Adidas,12.76,-28.475336322869953,0.9999993089000891,1
P00055,Steve Madden Loafers Cream,Footwear,Steve Madden,63.48,-16.308503625576794,0.9999993089000891,1
P00056,Adidas Midi Gray,Dresses,Adidas,67.44,-15.96261682242991,0.9999993089000891,1
P00057,Levi's Sneakers Navy,Footwear,Levi's,23.36,-29.74436090225564,0.9999993089000891,1
P00058,Mango Loafers Black,Footwear,Mango,108.35,-32.772848545014575,0.9999993089000891,1
P00059,Massimo Dutti Loafers Black,Footwear,Massimo Dutti,195.05,-17.439153439153436,0.9999993089000891,1
P00060,Massimo Dutti Boots Gray,Footwear,Massimo Dutti,130.23,-28.894348894348905,0.9999993089000891,1
P00061,Levi's Skirts Green,Bottoms,Levi's,125.98,-24.77907809887747,0.9999993089000891,1
P00062,Massimo Dutti Jackets Navy,Outerwear,Massimo Dutti,76.38,-25.13966480446928,0.9999993089000891,1
P00063,Mango Blazers Blue,Outerwear,Mango,29.12,-29.457364341085267,0.9999993089000891,1
P00065,Adidas Skirts White,Bottoms,Adidas,136.99,-29.233391879326376,0.9999993089000891,1
P00075,Mango Sandals Red,Footwear,Mango,65.88,-7.847251363827108,0.9999993089000891,1
P00066,Levi's Sneakers Blue,Footwear,Levi's,127.25,-32.436019963895085,0.9999993089000891,1
P00067,H&M Jackets Green,Outerwear,H&M,146.12,-29.931907547712665,0.9999993089000891,1
P00068,Nike Sneakers Black,Footwear,Nike,97.38,-28.254623148898546,0.9999993089000891,1
P00069,H&M Vests Pink,Outerwear,H&M,147.97,-19.98594062618288,0.9999993089000891,1
P00070,Nike Sandals Red,Footwear,Nike,88.72,-43.01130524152107,0.9999993089000891,1
P00071,Converse Jeans Cream,Bottoms,Converse,68.02,-31.734243275792856,0.9999993089000891,1
P00072,Massimo Dutti Evening Gray,Dresses,Massimo Dutti,114.58,-31.67561121049493,0.9999993089000891,1
P00073,Steve Madden Sneakers Gray,Footwear,Steve Madden,140.14,-30.616892761659575,0.9999993089000891,1
P00074,Zara Vests White,Outerwear,Zara,171.25,-1.2456029064067797,0.9999993089000891,1
P00201,Converse Vests Red,Outerwear,Converse,56.99,-28.287404051843463,0.9999993089000891,1
P00202,Zara Blazers Pink,Outerwear,Zara,50.31,-41.19228521332553,0.9999993089000891,1
P00203,Nike Blazers Green,Outerwear,Nike,177.14,-12.98752333235093,0.9999993089000891,1
P00328,Zara Pants Red,Bottoms,Zara,48.24,-28.776022442049314,0.9999993089000891,1
P00330,H&M Hoodies Cream,Tops,H&M,29.19,-25.98884381338742,0.9999993089000891,1
P00331,Converse Evening Green,Dresses,Converse,71.26,-38.5583721331264,0.9999993089000891,1
P00332,Levi's Pants Black,Bottoms,Levi's,108.24,-37.549042234018,0.9999993089000891,1
P00333,Zara Blouses Pink,Tops,Zara,111.33,-20.061750556473047,0.9999993089000891,1
P00334,Levi's Coats Blue,Outerwear,Levi's,85.41,-41.564039408866996,0.9999993089000891,1
P00335,Gap Midi White,Dresses,Gap,99.17,-13.396209937996684,0.9999993089000891,1
P00336,Adidas Hoodies Navy,Tops,Adidas,197.84,-6.771594175580795,0.9999993089000891,1
P00337,Massimo Dutti Maxi Blue,Dresses,Massimo Dutti,141.53,-26.729136467177465,0.9999993089000891,1
P00338,Massimo Dutti Sweaters Cream,Tops,Massimo Dutti,189.41,-5.328135152696555,0.9999993089000891,1
P00339,H&M Blazers White,Outerwear,H&M,119.32,-31.649195165263222,0.9999993089000891,1
P00340,H&M Evening Gray,Dresses,H&M,67.28,-30.37358998240712,0.9999993089000891,1
P00341,Mango Jeans Cream,Bottoms,Mango,42.17,-15.355279004415895,0.9999993089000891,1
P00342,Zara T-Shirts Gray,Tops,Zara,139.91,-18.186070990000584,0.9999993089000891,1
P00343,H&M Sandals Black,Footwear,H&M,159.33,-21.131571131571132,0.9999993089000891,1
P00344,Zara Casual Cream,Dresses,Zara,149.68,-21.287336979385778,0.9999993089000891,1
P00345,Levi's Vests Brown,Outerwear,Levi's,149.44,-31.543747136967482,0.9999993089000891,1
P00346,Adidas Boots Blue,Footwear,Adidas,31.51,-17.663966553436115,0.9999993089000891,1
P00347,Adidas Jackets Red,Outerwear,Adidas,14.75,-33.67805755395683,0.9999993089000891,1
P00348,Steve Madden Midi Cream,Dresses,Steve Madden,52.4,-29.256109085999725,0.9999993089000891,1
P00349,Zara Boots Blue,Footwear,Zara,183.57,-12.668886774500473,0.9999993089000891,1
P00350,Uniqlo Jeans Gray,Bottoms,Uniqlo,33.04,-23.287671232876715,0.9999993089000891,1
P00329,H&M Maxi Green,Dresses,H&M,45.99,-32.595632419756704,0.9999993089000891,1
P00327,Gap Sweaters Red,Tops,Gap,17.25,-38.590245639017446,0.9999993089000891,1
P00302,Uniqlo Pants Navy,Bottoms,Uniqlo,146.67,-17.923894795747064,0.9999993089000891,1
P00326,Zara Sandals Cream,Footwear,Zara,162.35,-22.550329167064216,0.9999993089000891,1
P00304,Massimo Dutti Maxi Cream,Dresses,Massimo Dutti,167.87,-14.704537371068541,0.9999993089000891,1
P00305,H&M Blazers Red,Outerwear,H&M,119.57,-9.908077154912602,0.9999993089000891,1
P00307,Adidas T-Shirts Cream,Tops,Adidas,97.55,-28.857934655775967,0.9999993089000891,1
P00308,Gap Jackets Navy,Outerwear,Gap,175.9,-19.263781153899114,0.9999993089000891,1
P00309,H&M Maxi Brown,Dresses,H&M,99.22,-42.15926314562201,0.9999993089000891,1
P00310,Adidas Skirts White,Bottoms,Adidas,41.37,-9.494640122511493,0.9999993089000891,1
P00311,Zara Coats Brown,Outerwear,Zara,27.32,-35.687382297551785,0.9999993089000891,1
P00312,Gap Coats White,Outerwear,Gap,80.61,-30.634196712847427,0.9999993089000891,1
P00313,H&M Pants Red,Bottoms,H&M,62.45,-35.478871784275235,0.9999993089000891,1
P00314,Nike Skirts Cream,Bottoms,Nike,142.67,-28.16936864364113,0.9999993089000891,1
P00315,Mango Blazers Brown,Outerwear,Mango,52.29,-34.9141150112024,0.9999993089000891,1
P00316,Gap Sandals Black,Footwear,Gap,95.23,-32.87043564077259,0.9999993089000891,1
P00317,Adidas Blazers Black,Outerwear,Adidas,75.42,-28.511848341232227,0.9999993089000891,1
P00318,Steve Madden Sneakers Black,Footwear,Steve Madden,154.01,-31.141017616024325,0.9999993089000891,1
P00319,Massimo Dutti Evening White,Dresses,Massimo Dutti,12.59,-38.79436071949441,0.9999993089000891,1
P00320,Adidas Blazers Red,Outerwear,Adidas,101.61,-40.676085941149,0.9999993089000891,1
P00321,H&M Shorts Blue,Bottoms,H&M,36.77,-30.688030160226194,0.9999993089000891,1
P00322,Converse Sneakers Pink,Footwear,Converse,35.59,-8.626444159178432,0.9999993089000891,1
P00323,Converse Coats Navy,Outerwear,Converse,43.22,-36.02723505032564,0.9999993089000891,1
P00324,Levi's Sandals Brown,Footwear,Levi's,203.59,-12.89894754855823,0.9999993089000891,1
P00325,Mango Blouses Blue,Tops,Mango,157.06,-6.171216918573382,0.9999993089000891,1
P00351,North Face Skirts Navy,Bottoms,North Face,140.94,-26.67776506086776,0.9999993089000891,1
P00352,Nike Blouses Green,Tops,Nike,183.03,-16.747782579031156,0.9999993089000891,1
P00353,Levi's Sandals Cream,Footwear,Levi's,16.93,-30.156765676567655,0.9999993089000891,1
P00354,Levi's Evening Brown,Dresses,Levi's,51.68,-40.24051803885292,0.9999993089000891,1
P00379,Zara Evening Cream,Dresses,Zara,147.3,-29.23372567859716,0.9999993089000891,1
P00380,Gap Midi White,Dresses,Gap,179.21,-10.511335264156587,0.9999993089000891,1
P00381,Gap Maxi Pink,Dresses,Gap,153.01,-34.27405498281787,0.9999993089000891,1
P00382,Zara Blazers Red,Outerwear,Zara,103.84,-13.761315505356691,0.9999993089000891,1
P00383,Levi's Sneakers Gray,Footwear,Levi's,16.05,-14.536741214057509,0.9999993089000891,1
P00384,Converse Evening Brown,Dresses,Converse,30.07,-24.29506545820745,0.9999993089000891,1
P00385,Nike Midi Cream,Dresses,Nike,72.99,-23.538654934003773,0.9999993089000891,1
P00386,Converse Casual Black,Dresses,Converse,237.95,-6.282000787711704,0.9999993089000891,1
P00387,Converse Pants Pink,Bottoms,Converse,132.39,-26.368186874304794,0.9999993089000891,1
P00388,Nike Pants Black,Bottoms,Nike,154.74,-19.271702838063437,0.9999993089000891,1
P00389,Mango Midi Brown,Dresses,Mango,98.69,-31.853335174699627,0.9999993089000891,1
P00390,Zara Sneakers Red,Footwear,Zara,121.53,-20.99206865167078,0.9999993089000891,1
P00391,Adidas Maxi White,Dresses,Adidas,58.13,-36.77398303241244,0.9999993089000891,1
P00392,Levi's Evening Red,Dresses,Levi's,128.31,-39.0625,0.9999993089000891,1
P00393,Gap Evening Black,Dresses,Gap,80.16,-30.973908550762076,0.9999993089000891,1
P00394,North Face Sweaters Gray,Tops,North Face,182.95,-23.20446627209,0.9999993089000891,1
P00395,Adidas Evening Red,Dresses,Adidas,63.98,-26.41748131109834,0.9999993089000891,1
P00396,Adidas Shorts White,Bottoms,Adidas,73.42,-41.98340576847095,0.9999993089000891,1
P00397,Nike Maxi Blue,Dresses,Nike,117.2,-31.337512449469795,0.9999993089000891,1
P00398,Massimo Dutti Sneakers Gray,Footwear,Massimo Dutti,56.07,-30.939770907747256,0.9999993089000891,1
P00399,Uniqlo Pants Brown,Bottoms,Uniqlo,92.02,-25.70644275795253,0.9999993089000891,1
P00378,Levi's Coats Blue,Outerwear,Levi's,96.15,-14.396367521367512,0.9999993089000891,1
P00377,Converse T-Shirts Red,Tops,Converse,114.23,-34.844855122062505,0.9999993089000891,1
P00376,H&M Loafers Pink,Footwear,H&M,144.27,-39.570243779844176,0.9999993089000891,1
P00364,North Face T-Shirts Navy,Tops,North Face,161.47,-35.64111762126828,0.9999993089000891,1
P00355,H&M Boots Red,Footwear,H&M,194.82,-18.573936303602775,0.9999993089000891,1
P00356,Converse Blouses Brown,Tops,Converse,125.66,-41.63492800743149,0.9999993089000891,1
P00357,Gap Evening Red,Dresses,Gap,52.36,-29.471982758620683,0.9999993089000891,1
P00358,Converse Skirts Blue,Bottoms,Converse,227.72,-5.424038541407095,0.9999993089000891,1
P00359,Levi's Sneakers Green,Footwear,Levi's,92.23,-43.20812807881773,0.9999993089000891,1
P00360,North Face Jackets White,Outerwear,North Face,171.39,-22.03166226912929,0.9999993089000891,1
P00361,Zara Midi Blue,Dresses,Zara,140.1,-33.08177302254491,0.9999993089000891,1
P00362,Massimo Dutti Hoodies Pink,Tops,Massimo Dutti,79.24,-27.911208151382827,0.9999993089000891,1
P00363,Nike Hoodies Gray,Tops,Nike,69.99,-18.312324929972,0.9999993089000891,1
P00365,Gap Midi Black,Dresses,Gap,91.16,-19.405888073556717,0.9999993089000891,1
P00375,Mango T-Shirts Red,Tops,Mango,76.67,-43.26624241527304,0.9999993089000891,1
P00366,Uniqlo Evening Pink,Dresses,Uniqlo,63.24,-18.891881492881872,0.9999993089000891,1
P00367,Zara Jeans Pink,Bottoms,Zara,79.23,-23.338171262699557,0.9999993089000891,1
P00368,Uniqlo Midi White,Dresses,Uniqlo,37.15,-19.466724474311736,0.9999993089000891,1
P00369,Massimo Dutti Midi Cream,Dresses,Massimo Dutti,88.89,-18.066181214858506,0.9999993089000891,1
P00370,Levi's Blazers Cream,Outerwear,Levi's,146.98,-32.577981651376156,0.9999993089000891,1
P00371,H&M Jeans Brown,Bottoms,H&M,31.95,-50.61060442108517,0.9999993089000891,1
P00372,Steve Madden Vests Cream,Outerwear,Steve Madden,70.48,-41.198064408476554,0.9999993089000891,1
P00373,H&M Sweaters Cream,Tops,H&M,121.88,-39.815317762085826,0.9999993089000891,1
P00374,Adidas Coats Pink,Outerwear,Adidas,128.22,-17.928694872943733,0.9999993089000891,1
P00303,Adidas Sandals Pink,Footwear,Adidas,160.11,-19.43745597262755,0.9999993089000891,1
P00301,Steve Madden Maxi White,Dresses,Steve Madden,19.12,-35.14246947082768,0.9999993089000891,1
P00204,Uniqlo Evening Green,Dresses,Uniqlo,32.28,-33.93368808841588,0.9999993089000891,1
P00228,Massimo Dutti Jackets Green,Outerwear,Massimo Dutti,155.26,-23.89961768454074,0.9999993089000891,1
P00230,Zara Sneakers Red,Footwear,Zara,40.06,-39.08150851581509,0.9999993089000891,1
P00231,Adidas Coats Gray,Outerwear,Adidas,96.09,-17.020725388601033,0.9999993089000891,1
P00232,Massimo Dutti Skirts Green,Bottoms,Massimo Dutti,131.39,-30.070786098248973,0.9999993089000891,1
P00233,Nike Sweaters White,Tops,Nike,190.03,-27.555182798978308,0.9999993089000891,1
P00234,Zara Hoodies Blue,Tops,Zara,147.54,-41.64458331685323,0.9999993089000891,1
P00235,Mango Blazers Cream,Outerwear,Mango,122.58,-33.264372822299656,0.9999993089000891,1
P00236,Adidas Boots Brown,Footwear,Adidas,35.85,-39.747899159663866,0.9999993089000891,1
P00237,Converse T-Shirts Cream,Tops,Converse,145.69,-30.104586451736708,0.9999993089000891,1
P00238,Converse Evening Gray,Dresses,Converse,188.08,-9.841330712813384,0.9999993089000891,1
P00239,Uniqlo Sweaters White,Tops,Uniqlo,121.96,-30.802836879432625,0.9999993089000891,1
P00240,Massimo Dutti Hoodies Gray,Tops,Massimo Dutti,48.08,-23.439490445859875,0.9999993089000891,1
P00241,Nike Shorts Green,Bottoms,Nike,193.35,-17.943385816746595,0.9999993089000891,1
P00242,Mango Boots Blue,Footwear,Mango,105.61,-43.30577625080524,0.9999993089000891,1
P00243,Zara Vests Brown,Outerwear,Zara,71.54,-23.26504344095248,0.9999993089000891,1
P00244,Mango Shorts Navy,Bottoms,Mango,73.26,-22.73781902552203,0.9999993089000891,1
P00245,Steve Madden Coats Pink,Outerwear,Steve Madden,56.31,-20.846218723643517,0.9999993089000891,1
P00246,North Face Hoodies White,Tops,North Face,103.98,-6.0959089677594145,0.9999993089000891,1
P00247,Uniqlo T-Shirts Green,Tops,Uniqlo,164.42,-25.598443368478218,0.9999993089000891,1
P00248,Uniqlo Sweaters White,Tops,Uniqlo,130.36,-30.4932018128499,0.9999993089000891,1
P00249,Steve Madden Jackets Brown,Outerwear,Steve Madden,70.49,-29.26951635560907,0.9999993089000891,1
P00250,Massimo Dutti Loafers White,Footwear,Massimo Dutti,76.55,-14.296909986565156,0.9999993089000891,1
P00229,Adidas Pants Green,Bottoms,Adidas,114.08,-35.529810680983324,0.9999993089000891,1
P00227,Gap Sandals White,Footwear,Gap,62.34,-23.084515731030223,0.9999993089000891,1
P00300,Zara Pants Green,Bottoms,Zara,72.33,-27.771120431396046,0.9999993089000891,1
P00226,Converse Sneakers Brown,Footwear,Converse,74.85,-17.0269371466578,0.9999993089000891,1
P00205,Levi's Vests Green,Outerwear,Levi's,86.17,-7.054255204400811,0.9999993089000891,1
P00206,Nike Sandals Brown,Footwear,Nike,122.27,-19.4479214704526,0.9999993089000891,1
P00207,North Face Blouses White,Tops,North Face,106.28,-45.275732454559495,0.9999993089000891,1
P00208,Converse Hoodies Green,Tops,Converse,41.64,-33.53551476456504,0.9999993089000891,1
P00209,Levi's Loafers Gray,Footwear,Levi's,17.89,-13.65830115830115,0.9999993089000891,1
P00210,Gap Skirts Gray,Bottoms,Gap,190.61,-17.06478701649045,0.9999993089000891,1
P00211,Steve Madden Sweaters Gray,Tops,Steve Madden,73.06,-37.921658594612964,0.9999993089000891,1
P00212,Steve Madden Blazers Brown,Outerwear,Steve Madden,129.65,-36.492774920401665,0.9999993089000891,1
P00213,Uniqlo Jackets Blue,Outerwear,Uniqlo,52.52,-38.73075128324778,0.9999993089000891,1
P00214,North Face Skirts Cream,Bottoms,North Face,50.76,-33.820078226857895,0.9999993089000891,1
P00215,Mango Loafers Brown,Footwear,Mango,83.96,-8.619939050936006,0.9999993089000891,1
P00216,Adidas Midi Blue,Dresses,Adidas,63.78,-24.92937853107344,0.9999993089000891,1
P00217,H&M Evening Green,Dresses,H&M,199.9,-12.02746116269858,0.9999993089000891,1
P00218,H&M Jeans Pink,Bottoms,H&M,53.88,-12.532467532467532,0.9999993089000891,1
P00219,Adidas Skirts Cream,Bottoms,Adidas,65.22,-33.71277568858624,0.9999993089000891,1
P00220,Steve Madden Sweaters Black,Tops,Steve Madden,42.19,-39.46915351506457,0.9999993089000891,1
P00221,Levi's Vests Blue,Outerwear,Levi's,39.63,-27.787900874635568,0.9999993089000891,1
P00222,Adidas Midi Red,Dresses,Adidas,99.75,-25.531914893617014,0.9999993089000891,1
P00223,Levi's Blouses Cream,Tops,Levi's,62.59,-34.19890664423886,0.9999993089000891,1
P00224,Nike Pants Pink,Bottoms,Nike,133.82,-21.728958296777215,0.9999993089000891,1
P00225,North Face Skirts Gray,Bottoms,North Face,69.25,-12.717418704310566,0.9999993089000891,1
P00251,Zara Midi Green,Dresses,Zara,114.55,-24.49410058664558,0.9999993089000891,1
P00252,Levi's Blazers Gray,Outerwear,Levi's,97.59,-30.506302072206793,0.9999993089000891,1
P00253,Massimo Dutti Maxi Cream,Dresses,Massimo Dutti,47.15,-12.393162393162397,0.9999993089000891,1
P00254,Steve Madden Jeans Black,Bottoms,Steve Madden,14.59,-32.234091964700426,0.9999993089000891,1
P00279,Massimo Dutti Coats Green,Outerwear,Massimo Dutti,224.82,-6.375713155374172,0.9999993089000891,1
P00280,North Face Sneakers Red,Footwear,North Face,49.9,-38.87051329168198,0.9999993089000891,1
P00281,Nike Jeans Pink,Bottoms,Nike,28.76,-21.996202874966087,0.9999993089000891,1
P00282,Massimo Dutti Pants Brown,Bottoms,Massimo Dutti,125.59,-6.631477213590059,0.9999993089000891,1
P00283,H&M Hoodies Blue,Tops,H&M,130.02,-44.40976527427423,0.9999993089000891,1
P00284,Massimo Dutti Maxi Gray,Dresses,Massimo Dutti,138.36,-26.685036032217035,0.9999993089000891,1
P00285,Zara Blouses White,Tops,Zara,169.47,-21.762614837726797,0.9999993089000891,1
P00286,Steve Madden Pants Navy,Bottoms,Steve Madden,167.1,-20.455086399771506,0.9999993089000891,1
P00287,Mango Skirts Black,Bottoms,Mango,95.26,-14.20336845897505,0.9999993089000891,1
P00288,Converse Pants White,Bottoms,Converse,95.68,-4.224224224224223,0.9999993089000891,1
P00289,Adidas Blouses Cream,Tops,Adidas,120.32,-27.25513905683193,0.9999993089000891,1
P00290,Massimo Dutti Maxi Green,Dresses,Massimo Dutti,141.8,-40.34246287180781,0.9999993089000891,1
P00291,H&M Shorts Gray,Bottoms,H&M,119.48,-13.676757459721115,0.9999993089000891,1
P00292,Mango Skirts Navy,Bottoms,Mango,140.43,-39.516754242398136,0.9999993089000891,1
P00293,Converse Skirts Navy,Bottoms,Converse,156.52,-32.6592952716947,0.9999993089000891,1
P00294,Uniqlo Jackets Pink,Outerwear,Uniqlo,149.53,-16.566231447383103,0.9999993089000891,1
P00295,Levi's Vests White,Outerwear,Levi's,14.82,-33.18304779080252,0.9999993089000891,1
P00296,Massimo Dutti Evening Green,Dresses,Massimo Dutti,30.19,-22.370789406016968,0.9999993089000891,1
P00297,Steve Madden Sandals Black,Footwear,Steve Madden,95.38,-23.46946963010511,0.9999993089000891,1
P00298,Zara Shorts Cream,Bottoms,Zara,170.72,-20.84936714729473,0.9999993089000891,1
P00299,Gap Pants Green,Bottoms,Gap,86.95,-29.274442817634615,0.9999993089000891,1
P00278,Adidas Hoodies Cream,Tops,Adidas,39.07,-28.560980069482532,0.9999993089000891,1
P00277,Adidas Boots Red,Footwear,Adidas,53.97,-28.250465301781443,0.9999993089000891,1
P00276,North Face Boots Pink,Footwear,North Face,176.94,-24.069862249495774,0.9999993089000891,1
P00264,Nike Pants Pink,Bottoms,Nike,134.44,-32.66215877786126,0.9999993089000891,1
P00255,H&M Pants Navy,Bottoms,H&M,120.65,-28.41037204058624,0.9999993089000891,1
P00256,Adidas Loafers Cream,Footwear,Adidas,21.16,-25.41416989777935,0.9999993089000891,1
P00257,Zara Sandals Red,Footwear,Zara,174.13,-22.93086660175268,0.9999993089000891,1
P00258,Uniqlo Sweaters Gray,Tops,Uniqlo,157.1,-20.812540954685215,0.9999993089000891,1
P00259,Nike Vests Gray,Outerwear,Nike,168.15,-24.36577905721482,0.9999993089000891,1
P00260,Mango T-Shirts Pink,Tops,Mango,120.04,-32.11175206424612,0.9999993089000891,1
P00261,Nike Blazers White,Outerwear,Nike,181.56,-22.950263113223556,0.9999993089000891,1
P00262,Converse Loafers Black,Footwear,Converse,129.63,-14.021357033892693,0.9999993089000891,1
P00263,Zara Shorts Gray,Bottoms,Zara,90.36,-14.05744721323949,0.9999993089000891,1
P00265,Zara Blouses White,Tops,Zara,141.21,-32.69624898717887,0.9999993089000891,1
P00275,North Face Skirts Navy,Bottoms,North Face,122.75,-32.974773397400895,0.9999993089000891,1
P00266,Zara Blazers Blue,Outerwear,Zara,114.26,-22.51983454261883,0.9999993089000891,1
P00267,H&M Skirts Green,Bottoms,H&M,53.92,-33.076827603326294,0.9999993089000891,1
P00268,North Face Skirts Brown,Bottoms,North Face,94.3,-5.681136227245456,0.9999993089000891,1
P00269,Levi's Jeans Pink,Bottoms,Levi's,15.87,-31.74193548387097,0.9999993089000891,1
P00270,Mango Blouses Black,Tops,Mango,191.7,-20.081710926752,0.9999993089000891,1
P00271,Adidas Pants Pink,Bottoms,Adidas,30.51,-35.957178841309826,0.9999993089000891,1
P00272,Converse Midi Cream,Dresses,Converse,131.92,-30.322716949242075,0.9999993089000891,1
P00273,Massimo Dutti Boots White,Footwear,Massimo Dutti,178.7,-17.0303649363915,0.9999993089000891,1
P00274,North Face Midi Pink,Dresses,North Face,26.77,-44.6900826446281,0.9999993089000891,1
P00804,Uniqlo Boots Black,Footwear,Uniqlo,133.41,-31.843261469296007,0.9999993089000891,1
P00794,North Face Skirts Cream,Bottoms,North Face,39.18,-14.191852825229956,0.9999993089000891,1
P00806,Mango Pants Pink,Bottoms,Mango,33.35,-30.7516611295681,0.9999993089000891,1
P01311,H&M Blouses Red,Tops,H&M,108.49,-42.88496972887602,0.9999993089000891,1
P01313,Steve Madden Sweaters Navy,Tops,Steve Madden,47.77,-39.3165650406504,0.9999993089000891,1
P01314,Levi's Loafers Black,Footwear,Levi's,101.91,-25.225621835791323,0.9999993089000891,1
P01315,H&M Hoodies White,Tops,H&M,77.6,-20.123520329387556,0.9999993089000891,1
P01316,Zara Sweaters Gray,Tops,Zara,200.71,-15.604238499705653,0.9999993089000891,1
P01317,Converse Pants Black,Bottoms,Converse,102.58,-32.09320799682246,0.9999993089000891,1
P01318,Uniqlo Shorts Navy,Bottoms,Uniqlo,21.99,-43.353941267387945,0.9999993089000891,1
P01319,Adidas Maxi Red,Dresses,Adidas,24.82,-29.74808944240022,0.9999993089000891,1
P01320,Steve Madden Jackets Green,Outerwear,Steve Madden,194.66,-10.083606633100842,0.9999993089000891,1
P01321,Gap Shorts Red,Bottoms,Gap,88.45,-34.39887265445376,0.9999993089000891,1
P01322,Converse Skirts Black,Bottoms,Converse,102.52,-21.752404213097247,0.9999993089000891,1
P01323,Nike Maxi Pink,Dresses,Nike,37.1,-11.159003831417618,0.9999993089000891,1
P01324,Mango Sweaters Cream,Tops,Mango,186.54,-19.148751733703193,0.9999993089000891,1
P01325,Zara Jackets Cream,Outerwear,Zara,91.54,-23.843594009983356,0.9999993089000891,1
P01326,Gap Shorts Brown,Bottoms,Gap,31.16,-18.02157327019205,0.9999993089000891,1
P01327,Mango Jeans Pink,Bottoms,Mango,21.59,-19.8886827458256,0.9999993089000891,1
P01328,Nike Evening Navy,Dresses,Nike,173.26,-29.0528643380697,0.9999993089000891,1
P01329,Massimo Dutti Shorts Pink,Bottoms,Massimo Dutti,181.34,-18.87079455977094,0.9999993089000891,1
P01330,Uniqlo Sweaters Gray,Tops,Uniqlo,110.55,-29.143699525701837,0.9999993089000891,1
P01331,Levi's Hoodies Brown,Tops,Levi's,51.1,-26.34765061977514,0.9999993089000891,1
P01332,Gap Vests Gray,Outerwear,Gap,135.27,-29.543205375279964,0.9999993089000891,1
P01333,Adidas Maxi Pink,Dresses,Adidas,125.34,-32.912273189530595,0.9999993089000891,1
P01312,Nike Evening Brown,Dresses,Nike,163.56,-25.74230454916916,0.9999993089000891,1
P01310,Gap Boots Navy,Footwear,Gap,125.62,-40.14675052410901,0.9999993089000891,1
P01335,Adidas Coats Gray,Outerwear,Adidas,79.94,-32.88556796238771,0.9999993089000891,1
P01309,Levi's Vests Cream,Outerwear,Levi's,36.36,-13.014354066985643,0.9999993089000891,1
P01287,Gap Blazers Brown,Outerwear,Gap,123.27,-26.68173437221198,0.9999993089000891,1
P01288,Steve Madden Evening Cream,Dresses,Steve Madden,59.43,-40.45686804929366,0.9999993089000891,1
P01289,H&M Sneakers Pink,Footwear,H&M,43.53,-30.959555908009513,0.9999993089000891,1
P01290,Massimo Dutti Pants White,Bottoms,Massimo Dutti,113.98,-45.328089025326165,0.9999993089000891,1
P01292,Nike Sandals Brown,Footwear,Nike,116.81,-37.548118049615056,0.9999993089000891,1
P01293,Massimo Dutti Maxi Cream,Dresses,Massimo Dutti,192.03,-26.890276402954395,0.9999993089000891,1
P01294,Zara Skirts Brown,Bottoms,Zara,182.61,-25.71695887401863,0.9999993089000891,1
P01295,Gap Pants White,Bottoms,Gap,72.79,-40.95075849760687,0.9999993089000891,1
P01296,North Face Evening Black,Dresses,North Face,149.47,-33.77198812530462,0.9999993089000891,1
P01297,Nike Maxi Pink,Dresses,Nike,39.84,-42.643247912467594,0.9999993089000891,1
P01298,Converse Sweaters Navy,Tops,Converse,105.15,-35.625076527488666,0.9999993089000891,1
P01299,Gap Maxi Green,Dresses,Gap,147.14,-31.201196988824996,0.9999993089000891,1
P01300,Levi's Sweaters Navy,Tops,Levi's,240.56,-0.037398711822149766,0.9999993089000891,1
P01301,Adidas Vests Cream,Outerwear,Adidas,134.49,-9.847164499262634,0.9999993089000891,1
P01302,North Face Vests Blue,Outerwear,North Face,126.34,-19.29219368851411,0.9999993089000891,1
P01303,Gap Shorts Navy,Bottoms,Gap,166.51,-20.372052986466464,0.9999993089000891,1
P01304,Adidas Loafers Brown,Footwear,Adidas,162.02,-18.18824479903049,0.9999993089000891,1
P01305,Nike Jackets Red,Outerwear,Nike,64.57,-44.62264150943396,0.9999993089000891,1
P01306,Massimo Dutti Sweaters Brown,Tops,Massimo Dutti,32.26,-18.308432514560657,0.9999993089000891,1
P01307,Nike Casual Blue,Dresses,Nike,29.71,-13.204791118901538,0.9999993089000891,1
P01308,Adidas Maxi Black,Dresses,Adidas,154.61,-37.637141013230064,0.9999993089000891,1
P01334,Nike Sweaters Navy,Tops,Nike,161.77,-24.991885751379414,0.9999993089000891,1
P01336,Levi's Skirts Blue,Bottoms,Levi's,56.11,-37.95886775762936,0.9999993089000891,1
P01285,Adidas Evening White,Dresses,Adidas,97.02,-25.4323264929675,0.9999993089000891,1
P01362,Converse Skirts Black,Bottoms,Converse,56.44,-17.76191170042255,0.9999993089000891,1
P01364,Zara Hoodies Brown,Tops,Zara,147.81,-22.147898451490576,0.9999993089000891,1
P01365,Steve Madden Hoodies Red,Tops,Steve Madden,93.6,-18.052880406233587,0.9999993089000891,1
P01366,Gap Skirts Gray,Bottoms,Gap,65.99,-2.770001473405053,0.9999993089000891,1
P01367,Uniqlo Skirts Navy,Bottoms,Uniqlo,112.31,-29.17323579491707,0.9999993089000891,1
P01368,Massimo Dutti Pants White,Bottoms,Massimo Dutti,189.77,-18.787178499593434,0.9999993089000891,1
P01369,Mango Coats Blue,Outerwear,Mango,125.84,-27.01542744461199,0.9999993089000891,1
P01370,Massimo Dutti Hoodies Black,Tops,Massimo Dutti,119.88,-39.43313292578184,0.9999993089000891,1
P01371,Mango Loafers White,Footwear,Mango,147.08,-9.260287494601759,0.9999993089000891,1
P01372,Mango Shorts Brown,Bottoms,Mango,62.48,-20.670391061452523,0.9999993089000891,1
P01373,Gap Hoodies Cream,Tops,Gap,155.39,-12.980903847230781,0.9999993089000891,1
P01374,Nike Blazers Blue,Outerwear,Nike,57.36,-30.218978102189787,0.9999993089000891,1
P01375,Gap Maxi Blue,Dresses,Gap,85.63,-10.690446391322487,0.9999993089000891,1
P01376,Gap Evening Navy,Dresses,Gap,115.05,-28.183520599250933,0.9999993089000891,1
P01377,Levi's Shorts Green,Bottoms,Levi's,142.57,-36.590464330190365,0.9999993089000891,1
P01378,North Face Jackets Navy,Outerwear,North Face,86.62,-26.1866212185769,0.9999993089000891,1
P01379,Levi's Skirts Cream,Bottoms,Levi's,66.16,-31.53973509933775,0.9999993089000891,1
P01380,Converse Pants Green,Bottoms,Converse,73.32,-28.78787878787879,0.9999993089000891,1
P01381,Gap Sweaters Gray,Tops,Gap,215.96,-11.444622134743918,0.9999993089000891,1
P01382,Zara Casual Cream,Dresses,Zara,159.6,-19.214415873658638,0.9999993089000891,1
P01383,Gap Pants Cream,Bottoms,Gap,52.87,-41.30121016986788,0.9999993089000891,1
P01384,Steve Madden Sweaters Blue,Tops,Steve Madden,115.16,-26.122658455221963,0.9999993089000891,1
P01363,Mango Vests Pink,Outerwear,Mango,138.45,-15.243342516069793,0.9999993089000891,1
P01361,Uniqlo Midi Pink,Dresses,Uniqlo,109.14,-18.61297539149888,0.9999993089000891,1
P01337,Mango Pants Red,Bottoms,Mango,123.97,-28.444444444444443,0.9999993089000891,1
P01360,North Face Loafers Gray,Footwear,North Face,76.23,-21.783295711060937,0.9999993089000891,1
P01338,Levi's Coats Brown,Outerwear,Levi's,21.92,-15.038759689922475,0.9999993089000891,1
P01339,Zara Vests Blue,Outerwear,Zara,189.06,-13.211531399192067,0.9999993089000891,1
P01340,Massimo Dutti Sandals Brown,Footwear,Massimo Dutti,41.55,-31.333663857213683,0.9999993089000891,1
P01341,Levi's Coats Black,Outerwear,Levi's,52.89,-27.24896836313618,0.9999993089000891,1
P01342,Zara Vests Cream,Outerwear,Zara,95.07,-16.641823761508114,0.9999993089000891,1
P01343,Mango Maxi Brown,Dresses,Mango,61.61,-21.685521799923734,0.9999993089000891,1
P01344,Massimo Dutti Coats Brown,Outerwear,Massimo Dutti,138.9,-27.889108088464333,0.9999993089000891,1
P01345,Levi's Jackets White,Outerwear,Levi's,94.03,-34.61966346822417,0.9999993089000891,1
P01347,H&M Coats Brown,Outerwear,H&M,115.58,-34.89551061792373,0.9999993089000891,1
P01348,North Face Coats Blue,Outerwear,North Face,64.18,-23.064013426036915,0.9999993089000891,1
P01349,H&M Hoodies Gray,Tops,H&M,106.86,-29.964608729846642,0.9999993089000891,1
P01350,Nike Blouses Cream,Tops,Nike,112.46,-35.956719817767656,0.9999993089000891,1
P01351,Nike Sneakers Pink,Footwear,Nike,88.96,-16.12294927399586,0.9999993089000891,1
P01352,Converse Jackets Blue,Outerwear,Converse,24.04,-35.601392981516206,0.9999993089000891,1
P01353,H&M Evening Green,Dresses,H&M,146.27,-9.069998756682832,0.9999993089000891,1
P01354,Massimo Dutti Midi Red,Dresses,Massimo Dutti,99.74,-19.34988275248646,0.9999993089000891,1
P01355,Steve Madden Jackets Navy,Outerwear,Steve Madden,174.52,-24.002786970910982,0.9999993089000891,1
P01356,H&M Blazers Gray,Outerwear,H&M,132.93,-31.99815837937384,0.9999993089000891,1
P01357,Levi's Coats Green,Outerwear,Levi's,85.38,-30.540188740644325,0.9999993089000891,1
P01358,Uniqlo Midi Pink,Dresses,Uniqlo,179.59,-15.131610037332832,0.9999993089000891,1
P01359,H&M Pants Green,Bottoms,H&M,193.97,-25.656356598060643,0.9999993089000891,1
P01286,Nike Skirts Cream,Bottoms,Nike,22.52,-33.214709371293,0.9999993089000891,1
P01284,Nike Jackets Black,Outerwear,Nike,99.97,-35.58634020618556,0.9999993089000891,1
P01386,Converse Skirts Green,Bottoms,Converse,167.01,-11.18851369316672,0.9999993089000891,1
P01208,Massimo Dutti T-Shirts Gray,Tops,Massimo Dutti,119.57,-42.737416790383605,0.9999993089000891,1
P01210,Mango Sandals Green,Footwear,Mango,103.55,-25.51967201323456,0.9999993089000891,1
P01211,Zara Casual Brown,Dresses,Zara,23.01,-17.938659058487865,0.9999993089000891,1
P01212,Uniqlo Casual Cream,Dresses,Uniqlo,113.72,-40.31699380707463,0.9999993089000891,1
P01213,H&M Blouses Pink,Tops,H&M,105.35,-33.541508957860216,0.9999993089000891,1
P01214,H&M Casual Black,Dresses,H&M,116.73,-15.333284978603032,0.9999993089000891,1
P01215,Zara Jeans Black,Bottoms,Zara,199.94,-11.456534254461717,0.9999993089000891,1
P01216,Zara Hoodies Pink,Tops,Zara,86.22,-23.73960728816558,0.9999993089000891,1
P01217,Nike Coats Brown,Outerwear,Nike,49.62,-26.82495207196579,0.9999993089000891,1
P01218,Mango Sweaters Red,Tops,Mango,105.34,-46.09283045903484,0.9999993089000891,1
P01219,Levi's T-Shirts Cream,Tops,Levi's,103.47,-38.7243870662087,0.9999993089000891,1
P01220,Nike Evening Pink,Dresses,Nike,61.04,-23.38395883017447,0.9999993089000891,1
P01221,Uniqlo Blazers Cream,Outerwear,Uniqlo,46.88,-48.96026129559063,0.9999993089000891,1
P01222,North Face Sandals Red,Footwear,North Face,177.5,-5.7004728257982205,0.9999993089000891,1
P01223,Uniqlo Casual Navy,Dresses,Uniqlo,78.38,-44.95786516853933,0.9999993089000891,1
P01224,Uniqlo Jeans Cream,Bottoms,Uniqlo,87.02,-31.97310819262039,0.9999993089000891,1
P01225,Converse Midi White,Dresses,Converse,14.83,-32.83514492753623,0.9999993089000891,1
P01226,Uniqlo Coats Gray,Outerwear,Uniqlo,104.92,-36.72657098058135,0.9999993089000891,1
P01227,Nike Casual Brown,Dresses,Nike,145.95,-11.016949152542384,0.9999993089000891,1
P01228,Mango Midi Black,Dresses,Mango,152.65,-35.00936648501362,0.9999993089000891,1
P01229,Mango Loafers Green,Footwear,Mango,161.05,-34.27067178189535,0.9999993089000891,1
P01230,Zara Pants Blue,Bottoms,Zara,54.31,-31.762784269380575,0.9999993089000891,1
P01209,Gap Midi Brown,Dresses,Gap,27.0,-30.910951893551687,0.9999993089000891,1
P01207,Massimo Dutti Jeans Pink,Bottoms,Massimo Dutti,39.0,-22.372611464968156,0.9999993089000891,1
P01232,Converse T-Shirts Green,Tops,Converse,66.77,-41.75680390788556,0.9999993089000891,1
P01206,Uniqlo Loafers Gray,Footwear,Uniqlo,126.62,-23.96108575546481,0.9999993089000891,1
P01185,Zara Sandals Pink,Footwear,Zara,147.61,-26.069317840328548,0.9999993089000891,1
P01186,Zara T-Shirts Blue,Tops,Zara,26.55,-31.39534883720931,0.9999993089000891,1
P01187,Zara Blazers White,Outerwear,Zara,17.07,-35.73042168674698,0.9999993089000891,1
P01188,Levi's Skirts Gray,Bottoms,Levi's,82.82,-51.85443553075224,0.9999993089000891,1
P01189,Nike Hoodies Gray,Tops,Nike,21.81,-45.988112927191686,0.9999993089000891,1
P01190,Massimo Dutti Jeans Black,Bottoms,Massimo Dutti,31.77,-31.99914383561644,0.9999993089000891,1
P01191,Steve Madden Pants Blue,Bottoms,Steve Madden,117.01,-28.51295210166178,0.9999993089000891,1
P01192,Levi's Sweaters Gray,Tops,Levi's,74.1,-41.97337509788567,0.9999993089000891,1
P00807,Adidas Blazers Green,Outerwear,Adidas,86.51,-38.32608540671562,0.9999993089000891,1
P01194,Massimo Dutti Blouses White,Tops,Massimo Dutti,114.85,-36.006017718838805,0.9999993089000891,1
P01195,Zara Loafers Brown,Footwear,Zara,83.81,-11.508816386865158,0.9999993089000891,1
P01196,North Face Evening Red,Dresses,North Face,74.58,-30.344634351358923,0.9999993089000891,1
P01197,Gap Midi Navy,Dresses,Gap,97.13,-19.660876757650957,0.9999993089000891,1
P01198,Massimo Dutti Vests Green,Outerwear,Massimo Dutti,161.0,-20.5840280175603,0.9999993089000891,1
P01199,Nike Shorts Green,Bottoms,Nike,24.98,-33.56382978723404,0.9999993089000891,1
P01200,H&M Pants White,Bottoms,H&M,48.59,-39.14840325610519,0.9999993089000891,1
P01201,Levi's Jeans Pink,Bottoms,Levi's,121.49,-22.16669869946826,0.9999993089000891,1
P01202,North Face Hoodies Green,Tops,North Face,32.9,-25.716866109731317,0.9999993089000891,1
P01203,Uniqlo Pants Blue,Bottoms,Uniqlo,132.06,-31.607022631933297,0.9999993089000891,1
P01204,H&M Boots Green,Footwear,H&M,18.53,-10.135790494665372,0.9999993089000891,1
P01205,Mango Blouses Green,Tops,Mango,146.2,-26.812174609531443,0.9999993089000891,1
P01231,Zara Midi Green,Dresses,Zara,149.46,-16.451450612107987,0.9999993089000891,1
P01233,Zara Hoodies Brown,Tops,Zara,34.55,-18.7823225199812,0.9999993089000891,1
P01283,Mango Boots Black,Footwear,Mango,157.71,-22.512651697538445,0.9999993089000891,1
P01260,Massimo Dutti Jackets Blue,Outerwear,Massimo Dutti,45.35,-18.959971408148675,0.9999993089000891,1
P01262,North Face Jeans Navy,Bottoms,North Face,102.09,-30.10406682185403,0.9999993089000891,1
P01263,Mango Casual White,Dresses,Mango,188.12,-14.862418537291818,0.9999993089000891,1
P01264,Uniqlo T-Shirts Navy,Tops,Uniqlo,47.33,-27.618901972778716,0.9999993089000891,1
P01265,Gap Jackets Cream,Outerwear,Gap,184.0,-26.573287042579512,0.9999993089000891,1
P01266,Mango Jeans White,Bottoms,Mango,24.39,-25.821167883211682,0.9999993089000891,1
P01267,Adidas Loafers Green,Footwear,Adidas,177.79,-29.400786244688888,0.9999993089000891,1
P01268,Adidas Shorts Cream,Bottoms,Adidas,118.12,-17.74946034398719,0.9999993089000891,1
P01269,Converse Jeans Pink,Bottoms,Converse,38.28,-17.695119329176514,0.9999993089000891,1
P01270,North Face Casual Pink,Dresses,North Face,130.95,-37.31150366221456,0.9999993089000891,1
P01271,Zara Jackets Blue,Outerwear,Zara,69.83,-40.49931833674165,0.9999993089000891,1
P01272,Adidas Maxi Brown,Dresses,Adidas,44.95,-37.8800442233278,0.9999993089000891,1
P01273,North Face Jackets Black,Outerwear,North Face,32.5,-38.978595568907245,0.9999993089000891,1
P01274,Levi's Blouses Green,Tops,Levi's,83.32,-27.37099023709903,0.9999993089000891,1
P01275,Steve Madden Maxi White,Dresses,Steve Madden,39.75,-33.49506441358541,0.9999993089000891,1
P01276,Gap Loafers Gray,Footwear,Gap,85.8,-27.41730818035699,0.9999993089000891,1
P01277,Zara Jeans Black,Bottoms,Zara,138.33,-29.71393729993394,0.9999993089000891,1
P01278,Zara Maxi Gray,Dresses,Zara,175.47,-13.343868833028797,0.9999993089000891,1
P01279,Levi's Vests Blue,Outerwear,Levi's,157.25,-17.223772174553876,0.9999993089000891,1
P01280,Gap T-Shirts Red,Tops,Gap,159.03,-20.544591556332755,0.9999993089000891,1
P01281,North Face Sandals Pink,Footwear,North Face,47.71,-24.161500556350337,0.9999993089000891,1
P01282,Mango Loafers Blue,Footwear,Mango,66.16,-18.47196549599508,0.9999993089000891,1
P01261,H&M Blazers Navy,Outerwear,H&M,73.96,-21.908985323619472,0.9999993089000891,1
P01259,Zara Boots Cream,Footwear,Zara,239.77,-1.2276004119464428,0.9999993089000891,1
P01234,H&M Maxi Cream,Dresses,H&M,152.93,-29.450569728283433,0.9999993089000891,1
P01258,Levi's Shorts White,Bottoms,Levi's,16.87,-51.07308584686774,0.9999993089000891,1
P01235,Nike Pants Black,Bottoms,Nike,120.44,-12.655014866922903,0.9999993089000891,1
P01236,Steve Madden Casual Gray,Dresses,Steve Madden,66.65,-20.720827881527285,0.9999993089000891,1
P01237,Nike Casual Gray,Dresses,Nike,68.78,-48.987614032485354,0.9999993089000891,1
P01238,Adidas Maxi Pink,Dresses,Adidas,21.19,-24.15891195418754,0.9999993089000891,1
P01239,Mango Maxi Brown,Dresses,Mango,26.91,-44.59542927733169,0.9999993089000891,1
P01240,H&M Jeans Green,Bottoms,H&M,115.16,-42.434391402149465,0.9999993089000891,1
P01241,Mango Evening Green,Dresses,Mango,174.37,-29.135170283670647,0.9999993089000891,1
P01242,Nike Sweaters Red,Tops,Nike,93.12,-33.04572907679034,0.9999993089000891,1
P01243,Nike Sneakers Cream,Footwear,Nike,46.48,-30.977130977130983,0.9999993089000891,1
P01245,H&M Blazers Brown,Outerwear,H&M,92.65,-27.831437918678915,0.9999993089000891,1
P01246,Nike Jackets Navy,Outerwear,Nike,121.84,-32.95548340945358,0.9999993089000891,1
P01247,Converse Sandals Brown,Footwear,Converse,165.89,-34.32179903396945,0.9999993089000891,1
P01249,Zara Sweaters Pink,Tops,Zara,93.5,-33.96426301292465,0.9999993089000891,1
P01250,North Face Vests Navy,Outerwear,North Face,39.45,-29.452789699570815,0.9999993089000891,1
P01251,Gap Casual Black,Dresses,Gap,191.73,-18.974770739128598,0.9999993089000891,1
P01252,Massimo Dutti Blazers Navy,Outerwear,Massimo Dutti,133.5,-37.29744962660279,0.9999993089000891,1
P01253,Nike Jeans Green,Bottoms,Nike,102.49,-16.8370658876988,0.9999993089000891,1
P01254,H&M Sandals Gray,Footwear,H&M,139.19,-40.12303191947002,0.9999993089000891,1
P01255,North Face Blazers Pink,Outerwear,North Face,159.75,-26.034818038707286,0.9999993089000891,1
P01256,Steve Madden Skirts Blue,Bottoms,Steve Madden,45.65,-42.43379571248423,0.9999993089000891,1
P01257,Massimo Dutti Midi Gray,Dresses,Massimo Dutti,221.69,-13.886730888750776,0.9999993089000891,1
P01385,North Face Sneakers White,Footwear,North Face,44.7,-33.52171326591314,0.9999993089000891,1
P01387,Zara Skirts Blue,Bottoms,Zara,47.9,-22.27811130942723,0.9999993089000891,1
P01183,North Face Midi Pink,Dresses,North Face,149.95,-33.349631078318076,0.9999993089000891,1
P01513,Levi's Blazers Brown,Outerwear,Levi's,20.85,-26.0900389932648,0.9999993089000891,1
P01515,Mango Vests Cream,Outerwear,Mango,135.11,-26.610537751222154,0.9999993089000891,1
P01516,Nike Pants Gray,Bottoms,Nike,86.36,-17.493073468997807,0.9999993089000891,1
P01517,Adidas Blazers Blue,Outerwear,Adidas,131.77,-22.15855387523629,0.9999993089000891,1
P01518,Zara Loafers Gray,Footwear,Zara,63.91,-42.24652087475149,0.9999993089000891,1
P01519,Zara Skirts Gray,Bottoms,Zara,135.42,-31.108510963015725,0.9999993089000891,1
P01520,Nike Skirts Gray,Bottoms,Nike,153.58,-22.74259268574877,0.9999993089000891,1
P01521,Nike Blazers Green,Outerwear,Nike,20.99,-38.48182883939039,0.9999993089000891,1
P01522,Zara T-Shirts Brown,Tops,Zara,46.52,-23.386034255599466,0.9999993089000891,1
P01523,H&M Shorts Brown,Bottoms,H&M,87.41,-28.193543087160112,0.9999993089000891,1
P01524,Converse Shorts White,Bottoms,Converse,37.62,-25.842696629213485,0.9999993089000891,1
P01525,Levi's Loafers Red,Footwear,Levi's,124.92,-34.32521949424321,0.9999993089000891,1
P01526,Massimo Dutti Sweaters White,Tops,Massimo Dutti,98.84,-3.6271450858034306,0.9999993089000891,1
P01527,Massimo Dutti Blouses Green,Tops,Massimo Dutti,82.61,-40.568345323741006,0.9999993089000891,1
P01528,H&M Maxi Brown,Dresses,H&M,79.55,-24.590008531614373,0.9999993089000891,1
P01529,Converse Shorts White,Bottoms,Converse,117.18,-30.22508038585209,0.9999993089000891,1
P01530,Converse Shorts Gray,Bottoms,Converse,15.34,-29.890310786106028,0.9999993089000891,1
P01531,Adidas Jeans Gray,Bottoms,Adidas,72.48,-23.520101297879066,0.9999993089000891,1
P01532,North Face Coats Red,Outerwear,North Face,19.84,-17.264386989157636,0.9999993089000891,1
P01533,Uniqlo Midi Cream,Dresses,Uniqlo,117.77,-34.742616501357574,0.9999993089000891,1
P01534,Mango Loafers Brown,Footwear,Mango,44.28,-27.374118418894533,0.9999993089000891,1
P01535,Adidas Hoodies White,Tops,Adidas,191.04,-13.54873744230247,0.9999993089000891,1
P01514,Mango Boots Navy,Footwear,Mango,71.5,-39.055574497101944,0.9999993089000891,1
P01512,Levi's Vests Cream,Outerwear,Levi's,129.24,-20.808823529411754,0.9999993089000891,1
P01537,Gap T-Shirts Black,Tops,Gap,29.63,-22.434554973822,0.9999993089000891,1
P01511,Adidas Blazers Green,Outerwear,Adidas,117.9,-9.502609763586118,0.9999993089000891,1
P01490,Massimo Dutti Coats Black,Outerwear,Massimo Dutti,98.99,-11.076176787639238,0.9999993089000891,1
P01491,Steve Madden Casual Black,Dresses,Steve Madden,141.43,-28.270020794238466,0.9999993089000891,1
P01492,Gap Shorts Black,Bottoms,Gap,55.53,-24.46953210010881,0.9999993089000891,1
P01493,Gap Hoodies Red,Tops,Gap,147.38,-23.446914606274678,0.9999993089000891,1
P01494,Levi's Hoodies Gray,Tops,Levi's,46.0,-35.565205210813836,0.9999993089000891,1
P01495,Mango T-Shirts Gray,Tops,Mango,149.42,-36.61123366706262,0.9999993089000891,1
P01496,Mango Evening Gray,Dresses,Mango,32.0,-33.63749481542928,0.9999993089000891,1
P01497,Adidas Midi Green,Dresses,Adidas,186.97,-23.38237101995656,0.9999993089000891,1
P01498,Gap Midi Black,Dresses,Gap,145.37,-38.94325675164853,0.9999993089000891,1
P01499,Nike Blazers Black,Outerwear,Nike,107.46,-16.56832298136647,0.9999993089000891,1
P01500,Adidas Jeans White,Bottoms,Adidas,41.34,-30.684104627766594,0.9999993089000891,1
P01501,Converse Midi Red,Dresses,Converse,150.26,-23.62120673003609,0.9999993089000891,1
P01502,Steve Madden Jeans Cream,Bottoms,Steve Madden,110.12,-11.727454909819636,0.9999993089000891,1
P01503,Levi's Hoodies White,Tops,Levi's,144.88,-11.312438785504417,0.9999993089000891,1
P01504,Nike Skirts Black,Bottoms,Nike,153.46,-25.181609867875775,0.9999993089000891,1
P01505,Levi's T-Shirts Brown,Tops,Levi's,98.15,-28.153136666422668,0.9999993089000891,1
P01506,Mango Hoodies Navy,Tops,Mango,121.74,-25.818048869660604,0.9999993089000891,1
P01507,Massimo Dutti Coats White,Outerwear,Massimo Dutti,40.76,-30.680272108843536,0.9999993089000891,1
P01508,H&M Casual White,Dresses,H&M,40.31,-41.23050007289692,0.9999993089000891,1
P01509,Levi's Casual White,Dresses,Levi's,24.38,-22.554002541296065,0.9999993089000891,1
P01510,Uniqlo Sneakers Black,Footwear,Uniqlo,146.55,-39.63670813081802,0.9999993089000891,1
P01536,Uniqlo Jeans White,Bottoms,Uniqlo,55.39,-17.8555539077562,0.9999993089000891,1
P01538,Adidas Blazers White,Outerwear,Adidas,138.35,-43.35953492180463,0.9999993089000891,1
P01488,Steve Madden Coats White,Outerwear,Steve Madden,108.95,-30.061625369110285,0.9999993089000891,1
P01563,Converse Sneakers Black,Footwear,Converse,69.25,-24.883392992732396,0.9999993089000891,1
P01565,Levi's Midi Cream,Dresses,Levi's,146.77,-22.910867167393235,0.9999993089000891,1
P01566,Converse Midi Gray,Dresses,Converse,32.43,-45.33962582167537,0.9999993089000891,1
P01567,North Face T-Shirts Red,Tops,North Face,71.38,-27.635847526358482,0.9999993089000891,1
P01568,Mango Blazers Navy,Outerwear,Mango,58.51,-33.359908883826876,0.9999993089000891,1
P01569,Steve Madden Sneakers Black,Footwear,Steve Madden,136.43,-40.844642934570516,0.9999993089000891,1
P01570,Gap Sweaters Gray,Tops,Gap,30.89,-14.051196438508617,0.9999993089000891,1
P01571,Mango Hoodies Red,Tops,Mango,128.03,-30.490254628372877,0.9999993089000891,1
P01572,Massimo Dutti Sweaters Navy,Tops,Massimo Dutti,56.54,-28.53892821031345,0.9999993089000891,1
P01573,Zara Sneakers Gray,Footwear,Zara,183.42,-27.309475686600887,0.9999993089000891,1
P01574,North Face Shorts Pink,Bottoms,North Face,148.26,-25.77722152690864,0.9999993089000891,1
P01575,Zara Coats Gray,Outerwear,Zara,24.6,-4.354587869362354,0.9999993089000891,1
P01576,Steve Madden Sandals Navy,Footwear,Steve Madden,111.91,-34.15509531654507,0.9999993089000891,1
P01577,Steve Madden Maxi Pink,Dresses,Steve Madden,69.93,-26.505517603783495,0.9999993089000891,1
P01578,H&M Midi Blue,Dresses,H&M,163.94,-10.552160628546488,0.9999993089000891,1
P01579,H&M Pants Black,Bottoms,H&M,36.27,-50.65977418038362,0.9999993089000891,1
P01580,Nike Evening Blue,Dresses,Nike,93.14,-42.11311373523928,0.9999993089000891,1
P01582,Massimo Dutti Blazers Pink,Outerwear,Massimo Dutti,96.22,-34.76610169491525,0.9999993089000891,1
P01583,Nike Jeans White,Bottoms,Nike,149.89,-34.93510439727396,0.9999993089000891,1
P01584,Massimo Dutti Blouses Pink,Tops,Massimo Dutti,97.94,-10.483502422082076,0.9999993089000891,1
P01585,H&M Blazers Blue,Outerwear,H&M,176.78,-22.188476605484393,0.9999993089000891,1
P01586,Uniqlo Midi White,Dresses,Uniqlo,20.74,-42.002237136465325,0.9999993089000891,1
P01564,Converse Coats Blue,Outerwear,Converse,162.69,-4.170348118042064,0.9999993089000891,1
P01562,Massimo Dutti Maxi Brown,Dresses,Massimo Dutti,127.81,-29.359420770463718,0.9999993089000891,1
P01539,Gap Jeans White,Bottoms,Gap,17.23,-26.178234790059978,0.9999993089000891,1
P01561,Massimo Dutti Casual Gray,Dresses,Massimo Dutti,132.35,-20.79119037644384,0.9999993089000891,1
P01540,Massimo Dutti Evening Gray,Dresses,Massimo Dutti,95.35,-29.318013343217203,0.9999993089000891,1
P01541,Massimo Dutti Sneakers Navy,Footwear,Massimo Dutti,71.96,-19.534831711953498,0.9999993089000891,1
P01542,Gap Boots White,Footwear,Gap,63.21,-40.01138844073266,0.9999993089000891,1
P01543,Adidas Skirts Green,Bottoms,Adidas,66.22,-0.13572613482129905,0.9999993089000891,1
P01544,Steve Madden Evening Black,Dresses,Steve Madden,157.93,-16.239724211084592,0.9999993089000891,1
P01545,North Face Hoodies Black,Tops,North Face,160.71,-21.20513826240439,0.9999993089000891,1
P01546,North Face T-Shirts Green,Tops,North Face,125.04,-27.08187543736878,0.9999993089000891,1
P01547,Gap Sandals Brown,Footwear,Gap,128.62,-9.866853538892771,0.9999993089000891,1
P01548,Uniqlo Evening Green,Dresses,Uniqlo,130.99,-41.33375134360444,0.9999993089000891,1
P01549,Massimo Dutti Vests Cream,Outerwear,Massimo Dutti,180.3,-28.061285560387816,0.9999993089000891,1
P01550,Adidas Midi Navy,Dresses,Adidas,120.25,-28.833520743327217,0.9999993089000891,1
P01551,Uniqlo Boots White,Footwear,Uniqlo,57.08,-14.062029509183985,0.9999993089000891,1
P01552,Steve Madden Shorts Blue,Bottoms,Steve Madden,98.36,-24.726410040560182,0.9999993089000891,1
P01553,Adidas Skirts Black,Bottoms,Adidas,121.19,-35.56122720263731,0.9999993089000891,1
P01554,Steve Madden Pants Cream,Bottoms,Steve Madden,57.29,-33.033313851548805,0.9999993089000891,1
P01555,Nike Midi White,Dresses,Nike,72.47,-35.010312976414674,0.9999993089000891,1
P01556,Nike Shorts Cream,Bottoms,Nike,44.19,-32.79087452471483,0.9999993089000891,1
P01557,Adidas Shorts Cream,Bottoms,Adidas,77.0,-16.021376376922237,0.9999993089000891,1
P01558,Adidas Shorts Green,Bottoms,Adidas,54.57,-33.52418077719576,0.9999993089000891,1
P01559,Zara Vests Brown,Outerwear,Zara,90.46,-42.80837074034267,0.9999993089000891,1
P01560,Nike Vests Blue,Outerwear,Nike,148.36,-27.69275757871137,0.9999993089000891,1
P01489,Converse Jackets Brown,Outerwear,Converse,137.6,-16.742300478005696,0.9999993089000891,1
P01487,Levi's Shorts Gray,Bottoms,Levi's,16.11,-23.102625298329354,0.9999993089000891,1
P01388,Adidas Sandals Blue,Footwear,Adidas,116.54,-35.02090883746863,0.9999993089000891,1
P01412,Levi's Pants Gray,Bottoms,Levi's,161.08,-30.792696025778728,0.9999993089000891,1
P01414,Uniqlo Evening Brown,Dresses,Uniqlo,36.75,-36.51753325272068,0.9999993089000891,1
P01415,Gap Hoodies Gray,Tops,Gap,53.4,-19.00500530866071,0.9999993089000891,1
P01416,Levi's T-Shirts Red,Tops,Levi's,115.94,-39.046317228326586,0.9999993089000891,1
P01417,Gap Blazers Brown,Outerwear,Gap,83.36,-39.89039515431209,0.9999993089000891,1
P01418,Massimo Dutti Sneakers Black,Footwear,Massimo Dutti,131.48,-39.853613906678866,0.9999993089000891,1
P01419,Mango Casual Blue,Dresses,Mango,138.45,-36.46459547519619,0.9999993089000891,1
P01420,Gap Blouses Brown,Tops,Gap,14.29,-36.629711751662974,0.9999993089000891,1
P01421,Zara Skirts Black,Bottoms,Zara,54.23,-40.55683437465746,0.9999993089000891,1
P01422,Levi's Skirts Navy,Bottoms,Levi's,153.23,-24.909340390081354,0.9999993089000891,1
P01423,Zara Sweaters Cream,Tops,Zara,163.63,-25.68015624290321,0.9999993089000891,1
P01424,North Face T-Shirts Black,Tops,North Face,215.81,-4.348018792660226,0.9999993089000891,1
P01425,Levi's Jackets White,Outerwear,Levi's,133.31,-45.46979179449421,0.9999993089000891,1
P01426,Mango Vests Red,Outerwear,Mango,15.63,-20.619603859827322,0.9999993089000891,1
P01427,North Face Evening Red,Dresses,North Face,89.22,-34.994535519125684,0.9999993089000891,1
P01428,Levi's Boots Gray,Footwear,Levi's,158.84,-11.647569251307152,0.9999993089000891,1
P01429,Nike Blazers White,Outerwear,Nike,70.69,-25.565968200484363,0.9999993089000891,1
P01430,Levi's Blazers Brown,Outerwear,Levi's,153.83,-33.2103160819729,0.9999993089000891,1
P01431,Uniqlo Coats Navy,Outerwear,Uniqlo,54.48,-26.208858187728566,0.9999993089000891,1
P01432,Massimo Dutti Hoodies Brown,Tops,Massimo Dutti,80.7,-35.53283272088193,0.9999993089000891,1
P01433,Steve Madden Blazers Cream,Outerwear,Steve Madden,149.59,-36.03437954331651,0.9999993089000891,1
P01434,North Face Shorts Cream,Bottoms,North Face,122.52,-45.90250794772165,0.9999993089000891,1
P01413,H&M Shorts Brown,Bottoms,H&M,43.07,-29.00939508818197,0.9999993089000891,1
P01411,Adidas Midi Gray,Dresses,Adidas,178.14,-23.943301169840325,0.9999993089000891,1
P01436,Steve Madden T-Shirts Blue,Tops,Steve Madden,97.17,-38.8175292784284,0.9999993089000891,1
P01410,Nike Casual Pink,Dresses,Nike,73.75,-2.045424359144649,0.9999993089000891,1
P01389,Levi's Coats Cream,Outerwear,Levi's,92.38,-28.98762395264817,0.9999993089000891,1
P01390,H&M Blazers Cream,Outerwear,H&M,34.59,-40.02080804577769,0.9999993089000891,1
P01391,Converse Pants Red,Bottoms,Converse,130.09,-31.34005383438011,0.9999993089000891,1
P01392,North Face Pants Navy,Bottoms,North Face,51.23,-15.139970183866161,0.9999993089000891,1
P01393,Adidas Midi Green,Dresses,Adidas,160.09,-32.92131065113551,0.9999993089000891,1
P01394,Levi's Maxi Blue,Dresses,Levi's,65.94,-46.90393751509783,0.9999993089000891,1
P01395,Zara Vests Pink,Outerwear,Zara,35.68,-31.41099577085737,0.9999993089000891,1
P01396,Gap Casual Gray,Dresses,Gap,71.57,-31.31477927063341,0.9999993089000891,1
P01397,Steve Madden Blazers Red,Outerwear,Steve Madden,87.75,-26.198486122792264,0.9999993089000891,1
P01398,Levi's Sweaters Brown,Tops,Levi's,217.29,-13.99905010686298,0.9999993089000891,1
P01399,Uniqlo Vests Blue,Outerwear,Uniqlo,26.52,-11.717709720372834,0.9999993089000891,1
P01400,Massimo Dutti Sandals Blue,Footwear,Massimo Dutti,67.56,-33.61501424781369,0.9999993089000891,1
P01401,Levi's Jackets Green,Outerwear,Levi's,48.21,-39.03641881638846,0.9999993089000891,1
P01402,Gap Maxi Black,Dresses,Gap,150.57,-20.37967320607055,0.9999993089000891,1
P01403,Gap Midi Gray,Dresses,Gap,89.97,-11.629505942441806,0.9999993089000891,1
P01404,Nike Maxi Black,Dresses,Nike,201.71,-6.351269789683819,0.9999993089000891,1
P01405,Steve Madden Sneakers Brown,Footwear,Steve Madden,90.54,-37.32521113110895,0.9999993089000891,1
P01406,Converse Loafers Green,Footwear,Converse,35.88,-16.207379729098548,0.9999993089000891,1
P01407,Steve Madden Sweaters White,Tops,Steve Madden,47.23,-16.13991477272728,0.9999993089000891,1
P01408,Massimo Dutti Blazers Cream,Outerwear,Massimo Dutti,86.75,-4.962751971954427,0.9999993089000891,1
P01409,Massimo Dutti Sandals Red,Footwear,Massimo Dutti,208.28,-8.262861169837912,0.9999993089000891,1
P01435,North Face Casual Pink,Dresses,North Face,50.6,-30.226144511858795,0.9999993089000891,1
P01437,Mango Boots Red,Footwear,Mango,21.43,-25.069930069930074,0.9999993089000891,1
P01486,Massimo Dutti Sandals Red,Footwear,Massimo Dutti,96.1,-42.95043039477589,0.9999993089000891,1
P01463,Levi's Blazers Brown,Outerwear,Levi's,31.79,-40.546100617168506,0.9999993089000891,1
P01465,Gap Jackets Gray,Outerwear,Gap,37.16,-39.08196721311476,0.9999993089000891,1
P01466,Nike Jeans Cream,Bottoms,Nike,97.37,-35.83525535420098,0.9999993089000891,1
P01467,Adidas Loafers Green,Footwear,Adidas,133.66,-31.70856325362763,0.9999993089000891,1
P01468,North Face Midi Brown,Dresses,North Face,77.68,-31.299195188821074,0.9999993089000891,1
P01469,Gap Shorts Gray,Bottoms,Gap,149.6,-39.01842491439752,0.9999993089000891,1
P01470,H&M Blazers Green,Outerwear,H&M,223.32,-12.731535756154752,0.9999993089000891,1
P01471,Converse Skirts Green,Bottoms,Converse,121.51,-19.09581197150276,0.9999993089000891,1
P01472,Steve Madden Jeans Cream,Bottoms,Steve Madden,138.66,-36.05423353624793,0.9999993089000891,1
P01473,Gap Casual Blue,Dresses,Gap,171.45,-8.569752559726973,0.9999993089000891,1
P01474,Uniqlo Skirts Cream,Bottoms,Uniqlo,52.04,-35.45026048127016,0.9999993089000891,1
P01475,Levi's Loafers Red,Footwear,Levi's,196.79,-17.736811303402728,0.9999993089000891,1
P01476,H&M Casual Green,Dresses,H&M,46.65,-38.072481083233775,0.9999993089000891,1
P01477,Zara Pants Cream,Bottoms,Zara,95.73,-19.453092132940675,0.9999993089000891,1
P01478,Mango Vests Cream,Outerwear,Mango,76.99,-28.454604590651435,0.9999993089000891,1
P01479,H&M Midi Navy,Dresses,H&M,132.67,-18.970255909118674,0.9999993089000891,1
P01480,Steve Madden Coats Blue,Outerwear,Steve Madden,21.22,-32.33418367346939,0.9999993089000891,1
P01481,Steve Madden Jeans Black,Bottoms,Steve Madden,195.95,-16.25352594238824,0.9999993089000891,1
P01482,Uniqlo Sweaters Green,Tops,Uniqlo,41.03,-11.668460710441337,0.9999993089000891,1
P01483,Nike Shorts Navy,Bottoms,Nike,40.6,-25.763393673432066,0.9999993089000891,1
P01484,Nike Coats Black,Outerwear,Nike,42.64,-25.12730465320457,0.9999993089000891,1
P01485,North Face Casual Navy,Dresses,North Face,40.93,-30.034188034188038,0.9999993089000891,1
P01464,North Face Casual Gray,Dresses,North Face,126.36,-26.67981896251596,0.9999993089000891,1
P01462,Mango Boots Green,Footwear,Mango,113.7,-32.345590860407,0.9999993089000891,1
P01438,Nike Evening Red,Dresses,Nike,60.51,-27.175352027921534,0.9999993089000891,1
P01461,H&M Casual Gray,Dresses,H&M,133.04,-15.180108383806187,0.9999993089000891,1
P01439,North Face Boots Navy,Footwear,North Face,129.71,-24.648541884512596,0.9999993089000891,1
P01440,Uniqlo Skirts Blue,Bottoms,Uniqlo,92.17,-17.72739444791574,0.9999993089000891,1
P01441,Massimo Dutti Vests Brown,Outerwear,Massimo Dutti,46.81,-41.61885757046645,0.9999993089000891,1
P01443,Mango Pants Navy,Bottoms,Mango,169.03,-18.53190668980142,0.9999993089000891,1
P01444,Mango Evening White,Dresses,Mango,36.37,-40.59131002940216,0.9999993089000891,1
P01445,Zara Maxi White,Dresses,Zara,145.24,-6.465739309634204,0.9999993089000891,1
P01446,H&M Blazers Red,Outerwear,H&M,206.57,-20.017810818136056,0.9999993089000891,1
P01447,Zara Maxi Pink,Dresses,Zara,72.78,-35.854045478582755,0.9999993089000891,1
P01448,Uniqlo Blazers Red,Outerwear,Uniqlo,115.59,-26.8556603176612,0.9999993089000891,1
P01449,Mango Vests Black,Outerwear,Mango,103.44,-44.28825335272257,0.9999993089000891,1
P01450,Mango Maxi Blue,Dresses,Mango,170.34,-16.6062861059434,0.9999993089000891,1
P01451,Nike Jackets Pink,Outerwear,Nike,124.51,-33.67249094395908,0.9999993089000891,1
P01452,Nike Loafers Red,Footwear,Nike,36.76,-29.443378119001924,0.9999993089000891,1
P01453,H&M T-Shirts Gray,Tops,H&M,82.4,-29.572649572649567,0.9999993089000891,1
P01454,Adidas Blouses Cream,Tops,Adidas,240.06,-2.89227782047652,0.9999993089000891,1
P01455,Uniqlo Coats Green,Outerwear,Uniqlo,70.84,-18.509145289313242,0.9999993089000891,1
P01456,Converse Hoodies Brown,Tops,Converse,57.42,-25.775594622543945,0.9999993089000891,1
P01457,Massimo Dutti Blouses Blue,Tops,Massimo Dutti,165.99,-26.514078271648657,0.9999993089000891,1
P01458,Levi's Blazers Cream,Outerwear,Levi's,128.13,-36.12343586420061,0.9999993089000891,1
P01459,Converse Shorts White,Bottoms,Converse,104.29,-38.257059972766555,0.9999993089000891,1
P01460,Converse Jackets Cream,Outerwear,Converse,129.13,-37.48547637490318,0.9999993089000891,1
P01184,Levi's Coats Green,Outerwear,Levi's,76.4,-30.608537693006348,0.9999993089000891,1
P01193,North Face Hoodies Blue,Tops,North Face,92.78,-20.34000171718039,0.9999993089000891,1
P01182,Mango Boots Pink,Footwear,Mango,114.42,-19.479239971850802,0.9999993089000891,1
P00932,Mango Sneakers Black,Footwear,Mango,102.88,-37.05335291238375,0.9999993089000891,1
P00934,Massimo Dutti Midi Navy,Dresses,Massimo Dutti,24.49,-40.39912387442201,0.9999993089000891,1
P00935,North Face Vests Pink,Outerwear,North Face,45.83,-17.109784771206368,0.9999993089000891,1
P00936,Massimo Dutti Midi Cream,Dresses,Massimo Dutti,187.84,-20.427010082182495,0.9999993089000891,1
P00937,Levi's Evening Black,Dresses,Levi's,133.55,-28.81509514418208,0.9999993089000891,1
P00938,Levi's Blouses Cream,Tops,Levi's,102.06,-40.99213691026827,0.9999993089000891,1
P00939,Mango T-Shirts Blue,Tops,Mango,70.96,-30.919003115264804,0.9999993089000891,1
P00940,Uniqlo Shorts Gray,Bottoms,Uniqlo,76.45,-17.857526592887066,0.9999993089000891,1
P00941,H&M Sweaters Navy,Tops,H&M,130.62,-37.24114735982319,0.9999993089000891,1
P00942,Steve Madden Pants Pink,Bottoms,Steve Madden,72.52,-25.44463863472808,0.9999993089000891,1
P00943,Zara Blazers Pink,Outerwear,Zara,69.02,-21.49681528662421,0.9999993089000891,1
P00944,Uniqlo T-Shirts Pink,Tops,Uniqlo,31.56,-29.31690929451288,0.9999993089000891,1
P00945,Converse Boots White,Footwear,Converse,142.78,-24.354966887417216,0.9999993089000891,1
P00946,Levi's Shorts Brown,Bottoms,Levi's,24.23,-25.192960790367398,0.9999993089000891,1
P00947,Steve Madden Vests Gray,Outerwear,Steve Madden,23.42,-22.34748010610079,0.9999993089000891,1
P00948,Uniqlo Blouses Pink,Tops,Uniqlo,61.79,-40.55796055796056,0.9999993089000891,1
P00949,Uniqlo Skirts Black,Bottoms,Uniqlo,101.37,-23.099681383705047,0.9999993089000891,1
P00950,North Face Shorts Black,Bottoms,North Face,60.8,-22.310247891643247,0.9999993089000891,1
P00951,Uniqlo Maxi Gray,Dresses,Uniqlo,74.44,-9.341127755450009,0.9999993089000891,1
P00952,Steve Madden Skirts Brown,Bottoms,Steve Madden,117.46,-18.774635225779697,0.9999993089000891,1
P00953,Uniqlo Sweaters Navy,Tops,Uniqlo,146.71,-37.222935387248604,0.9999993089000891,1
P00954,Gap Hoodies Cream,Tops,Gap,41.85,-25.85046066619418,0.9999993089000891,1
P00933,Massimo Dutti Sweaters Pink,Tops,Massimo Dutti,21.36,-29.01296111665005,0.9999993089000891,1
P00931,Uniqlo Skirts Navy,Bottoms,Uniqlo,207.41,-8.914847832769755,0.9999993089000891,1
P00956,Massimo Dutti Skirts Pink,Bottoms,Massimo Dutti,145.66,-33.33028194800439,0.9999993089000891,1
P00930,Adidas Blouses Cream,Tops,Adidas,106.9,-9.689955225141505,0.9999993089000891,1
P00909,Massimo Dutti Sandals Red,Footwear,Massimo Dutti,151.33,-19.2992747440273,0.9999993089000891,1
P00910,Converse Vests Green,Outerwear,Converse,15.53,-32.44889082209656,0.9999993089000891,1
P00911,Uniqlo Skirts Pink,Bottoms,Uniqlo,44.14,-30.80420128546794,0.9999993089000891,1
P00912,Levi's Casual White,Dresses,Levi's,22.51,-24.740889334670673,0.9999993089000891,1
P00913,Massimo Dutti Midi Cream,Dresses,Massimo Dutti,59.05,-20.89752176825185,0.9999993089000891,1
P00914,Converse Jackets White,Outerwear,Converse,90.56,-36.83916864276747,0.9999993089000891,1
P00915,H&M Evening White,Dresses,H&M,49.23,-21.60828025477707,0.9999993089000891,1
P00916,Uniqlo Maxi Green,Dresses,Uniqlo,176.74,-12.552570382464994,0.9999993089000891,1
P00917,Converse Blouses Brown,Tops,Converse,139.59,-12.427854454203263,0.9999993089000891,1
P00918,Mango Jackets Gray,Outerwear,Mango,128.05,-12.85558731455015,0.9999993089000891,1
P00919,North Face Vests White,Outerwear,North Face,145.98,-18.085404859435506,0.9999993089000891,1
P00920,North Face Coats Navy,Outerwear,North Face,17.35,-39.080056179775276,0.9999993089000891,1
P00921,Uniqlo Maxi Pink,Dresses,Uniqlo,134.44,-24.5820711320543,0.9999993089000891,1
P00922,Nike Sneakers Black,Footwear,Nike,65.6,-34.53747131024848,0.9999993089000891,1
P00923,Mango Loafers Gray,Footwear,Mango,84.8,-33.82754584471323,0.9999993089000891,1
P00924,H&M Blazers Navy,Outerwear,H&M,135.54,-25.400407287137433,0.9999993089000891,1
P00925,H&M Pants Pink,Bottoms,H&M,19.11,-30.73577383109822,0.9999993089000891,1
P00926,Levi's Sneakers Brown,Footwear,Levi's,31.72,-32.14973262032086,0.9999993089000891,1
P00927,Mango Coats Gray,Outerwear,Mango,132.91,-28.64658828582166,0.9999993089000891,1
P00928,Nike Sandals Gray,Footwear,Nike,8.5,-41.78082191780822,0.9999993089000891,1
P00929,Nike Hoodies Gray,Tops,Nike,95.04,-26.706254337934748,0.9999993089000891,1
P00955,Adidas Midi Gray,Dresses,Adidas,172.51,-30.02190491643681,0.9999993089000891,1
P00957,Mango Hoodies White,Tops,Mango,44.81,-25.86035737921905,0.9999993089000891,1
P01007,Adidas Sandals Red,Footwear,Adidas,105.78,-30.658800393313673,0.9999993089000891,1
P00982,Mango T-Shirts Black,Tops,Mango,178.11,-8.422026839426188,0.9999993089000891,1
P00984,Nike Evening Green,Dresses,Nike,120.75,-39.352084379708685,0.9999993089000891,1
P00985,Uniqlo Loafers Gray,Footwear,Uniqlo,69.11,-32.11198428290766,0.9999993089000891,1
P00986,Nike Jeans Brown,Bottoms,Nike,123.12,-34.991287818786624,0.9999993089000891,1
P00987,Mango Boots Pink,Footwear,Mango,160.06,-22.896093260754373,0.9999993089000891,1
P00988,H&M Boots Pink,Footwear,H&M,158.05,-23.91565975063784,0.9999993089000891,1
P00989,Adidas Skirts Cream,Bottoms,Adidas,199.13,-11.928350287483413,0.9999993089000891,1
P00990,Converse Blouses Red,Tops,Converse,150.24,-19.05172413793103,0.9999993089000891,1
P00991,Converse Skirts Pink,Bottoms,Converse,148.05,-24.232343909928346,0.9999993089000891,1
P00992,Levi's Jeans Cream,Bottoms,Levi's,171.19,-24.78140515839888,0.9999993089000891,1
P00993,North Face Hoodies Pink,Tops,North Face,77.95,-30.686466299128572,0.9999993089000891,1
P00994,Gap Maxi Gray,Dresses,Gap,73.16,-28.154767750171857,0.9999993089000891,1
P00995,Massimo Dutti Blouses Navy,Tops,Massimo Dutti,139.49,-38.015463917525764,0.9999993089000891,1
P00996,North Face Jeans Green,Bottoms,North Face,101.32,-14.23734552226173,0.9999993089000891,1
P00998,Levi's Loafers Pink,Footwear,Levi's,81.68,-12.22866967547818,0.9999993089000891,1
P00999,Gap Skirts White,Bottoms,Gap,62.69,-28.550262138135395,0.9999993089000891,1
P01000,H&M Casual White,Dresses,H&M,73.67,-43.439539347408825,0.9999993089000891,1
P01001,Converse Loafers White,Footwear,Converse,136.05,-20.041140170437846,0.9999993089000891,1
P01002,H&M Boots Brown,Footwear,H&M,49.25,-29.350164969157934,0.9999993089000891,1
P01003,Steve Madden Hoodies Red,Tops,Steve Madden,198.18,-8.886947726541301,0.9999993089000891,1
P01004,Adidas Sweaters White,Tops,Adidas,100.14,-35.959583040225105,0.9999993089000891,1
P01005,Levi's T-Shirts Green,Tops,Levi's,129.69,-38.47431092556573,0.9999993089000891,1
P00983,Adidas Midi White,Dresses,Adidas,113.49,-19.80638778971171,0.9999993089000891,1
P00981,H&M Skirts Cream,Bottoms,H&M,162.63,-18.77029119424605,0.9999993089000891,1
P00958,Massimo Dutti Midi Blue,Dresses,Massimo Dutti,24.96,-15.789473684210526,0.9999993089000891,1
P00980,Levi's Sneakers Cream,Footwear,Levi's,89.06,-43.07446468520293,0.9999993089000891,1
P00959,Levi's Jackets Gray,Outerwear,Levi's,73.88,-30.328178046020376,0.9999993089000891,1
P00960,Gap Vests Brown,Outerwear,Gap,38.03,-14.423942394239416,0.9999993089000891,1
P00961,Nike Hoodies Navy,Tops,Nike,186.65,-21.91030039327253,0.9999993089000891,1
P00962,Adidas Loafers Brown,Footwear,Adidas,123.57,-34.17674319501411,0.9999993089000891,1
P00963,Adidas Blouses Black,Tops,Adidas,90.04,-31.088320832695537,0.9999993089000891,1
P00964,Nike Evening Green,Dresses,Nike,156.9,-23.114617533199386,0.9999993089000891,1
P00965,Gap Vests Green,Outerwear,Gap,145.53,-33.602518477963315,0.9999993089000891,1
P00966,Gap Blazers Blue,Outerwear,Gap,101.09,-37.756295794593925,0.9999993089000891,1
P00967,Adidas T-Shirts Green,Tops,Adidas,179.12,-12.43216817404058,0.9999993089000891,1
P00968,Zara Blazers Navy,Outerwear,Zara,139.99,-23.972193558898596,0.9999993089000891,1
P00969,Levi's Midi Navy,Dresses,Levi's,54.52,-24.00334541399497,0.9999993089000891,1
P00970,Levi's Jackets Gray,Outerwear,Levi's,76.45,-14.091470951792328,0.9999993089000891,1
P00971,Adidas Vests Green,Outerwear,Adidas,21.04,-35.51946061906222,0.9999993089000891,1
P00972,Zara Blouses Green,Tops,Zara,13.2,-24.82915717539863,0.9999993089000891,1
P00973,H&M T-Shirts Gray,Tops,H&M,206.62,-19.65000972195216,0.9999993089000891,1
P00974,North Face Vests Green,Outerwear,North Face,157.41,-39.738141725048806,0.9999993089000891,1
P00975,Mango Midi Green,Dresses,Mango,31.55,-26.077788191190248,0.9999993089000891,1
P00976,Zara Jackets Green,Outerwear,Zara,167.58,-12.518271037794943,0.9999993089000891,1
P00977,Steve Madden Vests Pink,Outerwear,Steve Madden,143.23,-39.76871320437343,0.9999993089000891,1
P00978,Gap Casual Brown,Dresses,Gap,105.3,-47.24184578385691,0.9999993089000891,1
P00979,Massimo Dutti Midi White,Dresses,Massimo Dutti,36.53,-32.40192450037009,0.9999993089000891,1
P00907,Levi's Sandals Brown,Footwear,Levi's,39.32,-21.17080994386528,0.9999993089000891,1
P00906,Nike Maxi Pink,Dresses,Nike,108.3,-31.69347209082309,0.9999993089000891,1
P00905,Gap Loafers White,Footwear,Gap,32.04,-50.873965041398336,0.9999993089000891,1
P00832,Gap Sneakers Black,Footwear,Gap,174.28,-17.00557169389019,0.9999993089000891,1
P00834,Steve Madden Midi Cream,Dresses,Steve Madden,69.31,-24.16019258124521,0.9999993089000891,1
P00835,Mango Skirts Black,Bottoms,Mango,93.93,-27.96226704501878,0.9999993089000891,1
P00836,North Face Midi Gray,Dresses,North Face,62.7,-21.290484559377347,0.9999993089000891,1
P00837,Massimo Dutti Vests Red,Outerwear,Massimo Dutti,27.1,-38.97770772348569,0.9999993089000891,1
P00838,H&M Sneakers Brown,Footwear,H&M,24.45,-38.30431491294474,0.9999993089000891,1
P00839,Adidas Jeans Red,Bottoms,Adidas,127.76,-33.513738551207325,0.9999993089000891,1
P00840,Zara Maxi Blue,Dresses,Zara,99.56,-15.48387096774193,0.9999993089000891,1
P00841,Gap Loafers Brown,Footwear,Gap,52.36,-16.089743589743588,0.9999993089000891,1
P00842,Mango Blouses Navy,Tops,Mango,106.88,-21.693896988790396,0.9999993089000891,1
P00843,Zara Evening Black,Dresses,Zara,170.38,-19.499173163241203,0.9999993089000891,1
P00844,Gap Coats Black,Outerwear,Gap,45.66,-15.803061036326756,0.9999993089000891,1
P00845,Converse Hoodies Green,Tops,Converse,192.58,-12.083999086966445,0.9999993089000891,1
P00846,North Face Boots Blue,Footwear,North Face,106.53,-41.5665624485766,0.9999993089000891,1
P00847,H&M Boots Brown,Footwear,H&M,89.44,-25.273623527445903,0.9999993089000891,1
P00848,H&M Vests White,Outerwear,H&M,80.9,-33.813302789822465,0.9999993089000891,1
P00849,Nike Loafers Red,Footwear,Nike,120.84,-10.944063674552284,0.9999993089000891,1
P00850,Gap Vests Pink,Outerwear,Gap,153.1,-14.807189360636588,0.9999993089000891,1
P00851,Gap Sneakers Gray,Footwear,Gap,127.75,-20.06132282084976,0.9999993089000891,1
P00852,H&M Hoodies White,Tops,H&M,26.32,-39.86748914781814,0.9999993089000891,1
P00853,Converse Maxi Cream,Dresses,Converse,85.17,-33.38287055142745,0.9999993089000891,1
P00854,Uniqlo Maxi Navy,Dresses,Uniqlo,55.61,-49.140296323394914,0.9999993089000891,1
P00833,Steve Madden T-Shirts Black,Tops,Steve Madden,54.71,-16.47328244274809,0.9999993089000891,1
P00831,North Face Blazers Brown,Outerwear,North Face,186.67,-21.46823727387463,0.9999993089000891,1
P00904,Massimo Dutti Shorts Gray,Bottoms,Massimo Dutti,115.54,-22.875642480475268,0.9999993089000891,1
P00830,Steve Madden Pants Black,Bottoms,Steve Madden,42.64,-42.77278217688901,0.9999993089000891,1
P00809,Zara Coats Red,Outerwear,Zara,102.34,-41.30871136089924,0.9999993089000891,1
P00810,Converse Coats Cream,Outerwear,Converse,37.63,-20.74557708508845,0.9999993089000891,1
P00811,Steve Madden Evening Pink,Dresses,Steve Madden,20.44,-10.153846153846148,0.9999993089000891,1
P00812,H&M Vests Cream,Outerwear,H&M,54.73,-23.486648958478966,0.9999993089000891,1
P00813,H&M Sneakers Cream,Footwear,H&M,28.99,-38.46317130120994,0.9999993089000891,1
P00814,Nike Maxi Cream,Dresses,Nike,77.51,-28.61484619635291,0.9999993089000891,1
P00815,Levi's Pants White,Bottoms,Levi's,33.46,-26.75131348511383,0.9999993089000891,1
P00816,H&M Hoodies Black,Tops,H&M,163.26,-30.075381188966936,0.9999993089000891,1
P00817,Converse Loafers Green,Footwear,Converse,178.9,-28.39417227025296,0.9999993089000891,1
P00818,Levi's Casual Navy,Dresses,Levi's,189.47,-25.770812928501467,0.9999993089000891,1
P00819,Adidas Skirts Navy,Bottoms,Adidas,162.61,-18.47896926856168,0.9999993089000891,1
P00820,Levi's Midi Cream,Dresses,Levi's,161.74,-15.987949303968419,0.9999993089000891,1
P00821,Zara Vests Cream,Outerwear,Zara,139.6,-32.55061119969078,0.9999993089000891,1
P00822,Adidas T-Shirts Pink,Tops,Adidas,100.99,-37.316119421513264,0.9999993089000891,1
P00823,Massimo Dutti Casual Pink,Dresses,Massimo Dutti,127.96,-31.137660101173182,0.9999993089000891,1
P00824,Gap Jackets Black,Outerwear,Gap,29.1,-31.977559607293127,0.9999993089000891,1
P00825,H&M Vests Cream,Outerwear,H&M,92.04,-20.476931052358726,0.9999993089000891,1
P00826,North Face Skirts Cream,Bottoms,North Face,64.93,-36.1804599960684,0.9999993089000891,1
P00827,Converse Jackets Pink,Outerwear,Converse,135.09,-31.96172248803828,0.9999993089000891,1
P00828,Converse Pants White,Bottoms,Converse,126.22,-18.235408434281275,0.9999993089000891,1
P00829,Converse Vests Gray,Outerwear,Converse,154.12,-31.242471559223734,0.9999993089000891,1
P00855,Nike Vests Blue,Outerwear,Nike,83.17,-38.88154027042916,0.9999993089000891,1
P00856,Levi's Boots Red,Footwear,Levi's,37.11,-37.70354205136814,0.9999993089000891,1
P00857,Mango Hoodies Gray,Tops,Mango,101.19,-42.642557533159504,0.9999993089000891,1
P00858,Levi's Casual Black,Dresses,Levi's,113.01,-21.694844789356978,0.9999993089000891,1
P00883,Mango Coats Black,Outerwear,Mango,75.71,-29.930587690883854,0.9999993089000891,1
P00884,Massimo Dutti Loafers Brown,Footwear,Massimo Dutti,31.15,-20.939086294416246,0.9999993089000891,1
P00885,North Face Loafers Black,Footwear,North Face,155.4,-29.23819498201357,0.9999993089000891,1
P00886,H&M Skirts Gray,Bottoms,H&M,145.63,-7.53650793650794,0.9999993089000891,1
P00887,Nike Coats Brown,Outerwear,Nike,181.63,-27.916021748620867,0.9999993089000891,1
P00888,H&M Evening Green,Dresses,H&M,102.15,-30.8676231727125,0.9999993089000891,1
P00889,Mango T-Shirts Brown,Tops,Mango,35.77,-11.93993106843918,0.9999993089000891,1
P00890,Nike Blouses Pink,Tops,Nike,67.05,-22.868975037386413,0.9999993089000891,1
P00891,Uniqlo Hoodies Green,Tops,Uniqlo,83.84,-34.32040736388562,0.9999993089000891,1
P00892,North Face Sneakers Black,Footwear,North Face,31.01,-32.645525629887054,0.9999993089000891,1
P00893,Nike Sweaters Navy,Tops,Nike,101.06,-46.57997674172746,0.9999993089000891,1
P00894,Zara Pants Black,Bottoms,Zara,123.23,-27.643708531501375,0.9999993089000891,1
P00895,Levi's Boots Cream,Footwear,Levi's,16.17,-31.570038087177306,0.9999993089000891,1
P00896,Uniqlo Jeans Red,Bottoms,Uniqlo,90.4,-18.063989848635902,0.9999993089000891,1
P00897,North Face Jeans Gray,Bottoms,North Face,115.56,-26.661166465697782,0.9999993089000891,1
P00898,Nike Sandals Blue,Footwear,Nike,128.21,-34.68670402445237,0.9999993089000891,1
P00899,Adidas Jeans Gray,Bottoms,Adidas,100.92,-27.049298828972095,0.9999993089000891,1
P00900,Uniqlo Midi Pink,Dresses,Uniqlo,24.37,-12.74615109201575,0.9999993089000891,1
P00901,Converse Sweaters Cream,Tops,Converse,17.43,-16.642754662840748,0.9999993089000891,1
P00902,Levi's Shorts Gray,Bottoms,Levi's,107.37,-25.375312760633857,0.9999993089000891,1
P00903,Converse Sweaters White,Tops,Converse,157.73,-20.039541721585728,0.9999993089000891,1
P00882,Adidas Evening Black,Dresses,Adidas,55.74,-30.877976190476186,0.9999993089000891,1
P00881,Gap Boots White,Footwear,Gap,182.25,-21.31168775096067,0.9999993089000891,1
P00880,Levi's Loafers Red,Footwear,Levi's,88.61,-42.9096063397977,0.9999993089000891,1
P00868,H&M Vests Red,Outerwear,H&M,196.45,-23.61678136786034,0.9999993089000891,1
P00859,Uniqlo Sneakers Green,Footwear,Uniqlo,124.17,-15.88538138463623,0.9999993089000891,1
P00860,H&M Sneakers Red,Footwear,H&M,74.0,-9.480122324159021,0.9999993089000891,1
P00861,H&M Loafers Red,Footwear,H&M,156.57,-26.50330939304324,0.9999993089000891,1
P00862,Mango Jackets Black,Outerwear,Mango,32.89,-15.515026971487284,0.9999993089000891,1
P00863,Levi's Shorts Navy,Bottoms,Levi's,84.42,-22.614355119625998,0.9999993089000891,1
P00864,Levi's Sandals Black,Footwear,Levi's,40.12,-34.59406586240627,0.9999993089000891,1
P00865,H&M Midi Black,Dresses,H&M,113.5,-19.446415897799863,0.9999993089000891,1
P00866,Converse Coats Black,Outerwear,Converse,23.88,-18.940936863543794,0.9999993089000891,1
P00867,Steve Madden Blouses Green,Tops,Steve Madden,157.93,-21.279034991526267,0.9999993089000891,1
P00869,Steve Madden Loafers Cream,Footwear,Steve Madden,137.4,-18.664535606464216,0.9999993089000891,1
P00879,Massimo Dutti Blouses Green,Tops,Massimo Dutti,107.03,-11.163678618857904,0.9999993089000891,1
P00870,Zara Jeans Cream,Bottoms,Zara,184.76,-29.391982267741817,0.9999993089000891,1
P00871,Zara Shorts Navy,Bottoms,Zara,82.16,-22.019741837509493,0.9999993089000891,1
P00872,Mango Shorts Gray,Bottoms,Mango,112.21,-36.65819926615863,0.9999993089000891,1
P00873,Converse Midi Gray,Dresses,Converse,167.39,-30.810565039474234,0.9999993089000891,1
P00874,Nike Jeans Cream,Bottoms,Nike,136.03,-11.977481558172636,0.9999993089000891,1
P00875,Steve Madden Vests White,Outerwear,Steve Madden,19.44,-42.671778236508395,0.9999993089000891,1
P00876,North Face Coats Pink,Outerwear,North Face,144.46,-29.32831074800645,0.9999993089000891,1
P00877,Massimo Dutti T-Shirts Brown,Tops,Massimo Dutti,15.99,-21.11494819930932,0.9999993089000891,1
P00878,H&M Evening Green,Dresses,H&M,176.14,-32.167751376747425,0.9999993089000891,1
P01006,North Face Blouses Red,Tops,North Face,57.17,-17.479792147806002,0.9999993089000891,1
P00997,H&M Jeans Brown,Bottoms,H&M,161.17,-36.389469945139524,0.9999993089000891,1
P01008,Gap Evening White,Dresses,Gap,51.85,-14.169839430557849,0.9999993089000891,1
P01105,Levi's Jeans White,Bottoms,Levi's,98.87,-20.573586118251928,0.9999993089000891,1
P01098,Adidas Casual Pink,Dresses,Adidas,123.22,-32.59668508287293,0.9999993089000891,1
P01161,Uniqlo Jeans White,Bottoms,Uniqlo,17.53,-36.23135685703892,0.9999993089000891,1
P01099,Gap Sweaters Red,Tops,Gap,37.24,-32.48730964467004,0.9999993089000891,1
P01100,Mango Sweaters Cream,Tops,Mango,110.96,-27.05758611622404,0.9999993089000891,1
P01101,Levi's T-Shirts White,Tops,Levi's,45.62,-28.100866824271087,0.9999993089000891,1
P01102,Nike Maxi Cream,Dresses,Nike,93.41,-26.869177170594227,0.9999993089000891,1
P01103,Adidas Jackets Gray,Outerwear,Adidas,92.07,-22.040643522438614,0.9999993089000891,1
P01104,Massimo Dutti Midi Gray,Dresses,Massimo Dutti,137.72,-21.77666704532546,0.9999993089000891,1
P01106,Levi's Shorts Black,Bottoms,Levi's,157.54,-17.210573335435388,0.9999993089000891,1
P01096,Converse Midi Cream,Dresses,Converse,135.45,-6.22403766269732,0.9999993089000891,1
P01107,Massimo Dutti Midi Cream,Dresses,Massimo Dutti,126.45,-3.3995416348357543,0.9999993089000891,1
P01108,Zara Loafers Red,Footwear,Zara,102.19,-43.00613496932516,0.9999993089000891,1
P01109,Zara Maxi Navy,Dresses,Zara,71.67,-28.47305389221557,0.9999993089000891,1
P01110,Steve Madden Blazers Black,Outerwear,Steve Madden,125.36,-27.048417132216017,0.9999993089000891,1
P01111,Zara Sneakers Gray,Footwear,Zara,157.12,-22.98039215686274,0.9999993089000891,1
P01112,Uniqlo Shorts Gray,Bottoms,Uniqlo,151.32,-24.92558047231594,0.9999993089000891,1
P01160,Mango Evening Navy,Dresses,Mango,89.9,-28.37224125567684,0.9999993089000891,1
P01113,Gap Casual Cream,Dresses,Gap,85.9,-17.100945763366145,0.9999993089000891,1
P01097,Mango Midi Green,Dresses,Mango,185.2,-18.622023024870384,0.9999993089000891,1
P01095,Levi's Shorts White,Bottoms,Levi's,40.59,-39.911176905995546,0.9999993089000891,1
P01167,Uniqlo Blouses Red,Tops,Uniqlo,36.8,-25.77652279144817,0.9999993089000891,1
P01088,Converse Casual Black,Dresses,Converse,100.4,-24.98505678421996,0.9999993089000891,1
P01150,Converse Midi Navy,Dresses,Converse,56.86,-35.38636363636364,0.9999993089000891,1
P01166,Nike Jeans Brown,Bottoms,Nike,54.41,-22.65813788201848,0.9999993089000891,1
P01082,Nike Sandals Red,Footwear,Nike,71.75,-5.243000528262017,0.9999993089000891,1
P01083,Gap Jackets Gray,Outerwear,Gap,132.86,-40.37071944706251,0.9999993089000891,1
P01084,Gap Sneakers Cream,Footwear,Gap,81.14,-19.2636815920398,0.9999993089000891,1
P01085,Uniqlo Midi Blue,Dresses,Uniqlo,152.85,-27.044055176363894,0.9999993089000891,1
P01086,Steve Madden Evening White,Dresses,Steve Madden,70.46,-24.786507258753215,0.9999993089000891,1
P01087,Converse Sweaters White,Tops,Converse,140.93,-28.32367002339538,0.9999993089000891,1
P01089,Levi's Blazers White,Outerwear,Levi's,90.12,-37.20298237056651,0.9999993089000891,1
P01094,Converse Sweaters Red,Tops,Converse,105.43,-22.671263018923277,0.9999993089000891,1
P01090,Massimo Dutti Hoodies Green,Tops,Massimo Dutti,113.91,-33.74629209562032,0.9999993089000891,1
P01164,Gap Loafers Blue,Footwear,Gap,109.12,-37.09575142675966,0.9999993089000891,1
P01163,Adidas Shorts Blue,Bottoms,Adidas,46.86,-34.59874389392883,0.9999993089000891,1
P01162,Mango Skirts Pink,Bottoms,Mango,57.98,-24.85743908761016,0.9999993089000891,1
P01091,Uniqlo Sweaters Navy,Tops,Uniqlo,140.65,-3.604961962853808,0.9999993089000891,1
P01092,Massimo Dutti Sandals Navy,Footwear,Massimo Dutti,85.86,-33.483111248837936,0.9999993089000891,1
P01009,Nike Pants Red,Bottoms,Nike,121.09,-23.22956951752995,0.9999993089000891,1
P01093,Uniqlo Jackets Green,Outerwear,Uniqlo,184.49,-24.89109636445059,0.9999993089000891,1
P01114,H&M Sandals Navy,Footwear,H&M,38.71,-32.01615735862311,0.9999993089000891,1
P01115,Adidas Midi Blue,Dresses,Adidas,23.83,-32.05018534359853,0.9999993089000891,1
P01116,Adidas T-Shirts Black,Tops,Adidas,143.13,-30.248538011695903,0.9999993089000891,1
P01139,Zara Midi White,Dresses,Zara,64.66,-32.30737018425461,0.9999993089000891,1
P01134,North Face Jeans Red,Bottoms,North Face,89.1,-32.19178082191782,0.9999993089000891,1
P01154,Massimo Dutti Jackets White,Outerwear,Massimo Dutti,98.05,-28.451546993578514,0.9999993089000891,1
P01135,Levi's Shorts Gray,Bottoms,Levi's,74.12,-34.97675234669707,0.9999993089000891,1
P01136,Levi's Sandals Gray,Footwear,Levi's,84.26,-32.33215547703179,0.9999993089000891,1
P01153,Gap Pants White,Bottoms,Gap,103.3,-41.61532809585712,0.9999993089000891,1
P01152,Gap Maxi Cream,Dresses,Gap,31.57,-22.298793994585285,0.9999993089000891,1
P01137,Nike Casual Pink,Dresses,Nike,131.63,-17.71582171657186,0.9999993089000891,1
P01151,Adidas Loafers Cream,Footwear,Adidas,96.72,-26.78828249186285,0.9999993089000891,1
P01140,Levi's Maxi Brown,Dresses,Levi's,64.88,-32.82948545398075,0.9999993089000891,1
P01117,Steve Madden Hoodies Green,Tops,Steve Madden,51.63,-31.461569095977694,0.9999993089000891,1
P01141,Steve Madden Evening White,Dresses,Steve Madden,24.69,-37.886792452830186,0.9999993089000891,1
P01142,Nike Sneakers Pink,Footwear,Nike,34.86,-39.43710910354413,0.9999993089000891,1
P01143,Zara Vests Blue,Outerwear,Zara,56.79,-39.88567799301366,0.9999993089000891,1
P01144,Converse Sneakers Black,Footwear,Converse,167.93,-26.961551844119686,0.9999993089000891,1
P01145,Steve Madden Coats Red,Outerwear,Steve Madden,34.22,-29.297520661157023,0.9999993089000891,1
P01146,North Face Maxi Brown,Dresses,North Face,124.82,-22.83630069238378,0.9999993089000891,1
P01147,Adidas Vests White,Outerwear,Adidas,61.36,-22.47631080227417,0.9999993089000891,1
P01148,North Face Jeans Pink,Bottoms,North Face,141.15,-35.01680401454813,0.9999993089000891,1
P01133,Zara Sweaters Brown,Tops,Zara,37.94,-16.09907120743034,0.9999993089000891,1
P01132,Uniqlo Casual Green,Dresses,Uniqlo,46.55,-26.2749445676275,0.9999993089000891,1
P01131,H&M Sneakers Brown,Footwear,H&M,141.43,-0.11300233067306772,0.9999993089000891,1
P01130,North Face Vests Cream,Outerwear,North Face,39.14,-38.1967471972209,0.9999993089000891,1
P01118,H&M Loafers Gray,Footwear,H&M,106.39,-48.306690636995285,0.9999993089000891,1
P01159,Zara Blazers Cream,Outerwear,Zara,146.89,-22.880243607917265,0.9999993089000891,1
P01158,North Face Loafers Blue,Footwear,North Face,53.19,-21.51394422310757,0.9999993089000891,1
P01119,North Face Coats Gray,Outerwear,North Face,56.38,-43.783029215275704,0.9999993089000891,1
P01120,Zara Jackets Pink,Outerwear,Zara,138.74,-36.34611855386309,0.9999993089000891,1
P01121,North Face Sandals Navy,Footwear,North Face,174.01,-28.278789877174187,0.9999993089000891,1
P01122,Nike Coats Pink,Outerwear,Nike,56.25,-18.37178929037875,0.9999993089000891,1
P01157,Massimo Dutti Sweaters White,Tops,Massimo Dutti,42.81,-21.478356566397654,0.9999993089000891,1
P01123,Mango Boots Gray,Footwear,Mango,97.72,-43.861664847475154,0.9999993089000891,1
P01156,Mango Jackets Gray,Outerwear,Mango,170.71,-30.36508260248827,0.9999993089000891,1
P01155,Adidas Midi Navy,Dresses,Adidas,192.74,-17.328643733379074,0.9999993089000891,1
P01124,North Face Evening Gray,Dresses,North Face,177.99,-8.26203484176889,0.9999993089000891,1
P01125,Nike Sneakers Pink,Footwear,Nike,148.1,-15.201832235900378,0.9999993089000891,1
P01126,Adidas Pants Gray,Bottoms,Adidas,110.37,-47.198966655503995,0.9999993089000891,1
P01127,Converse Casual White,Dresses,Converse,118.52,-20.0377816758872,0.9999993089000891,1
P01128,H&M Coats Navy,Outerwear,H&M,82.7,-37.99670115459588,0.9999993089000891,1
P01129,H&M Skirts Cream,Bottoms,H&M,124.99,-22.482014388489215,0.9999993089000891,1
P01080,Massimo Dutti Shorts Pink,Bottoms,Massimo Dutti,11.63,-24.135681669928243,0.9999993089000891,1
P01081,Nike T-Shirts Navy,Tops,Nike,168.95,-9.797116924719711,0.9999993089000891,1
P01168,Massimo Dutti Midi Brown,Dresses,Massimo Dutti,68.12,-28.95285773884021,0.9999993089000891,1
P01176,Converse Midi White,Dresses,Converse,70.41,-20.323639244087367,0.9999993089000891,1
P01029,H&M Casual Pink,Dresses,H&M,30.55,-37.13991769547325,0.9999993089000891,1
P01030,Levi's Coats Blue,Outerwear,Levi's,60.03,-47.48031496062992,0.9999993089000891,1
P01031,Massimo Dutti Casual Cream,Dresses,Massimo Dutti,90.22,-19.323973888938568,0.9999993089000891,1
P01032,Uniqlo Jeans Blue,Bottoms,Uniqlo,152.51,-32.19969769716369,0.9999993089000891,1
P01033,Adidas Skirts Blue,Bottoms,Adidas,130.78,-24.299606390368137,0.9999993089000891,1
P01034,Levi's Vests White,Outerwear,Levi's,66.43,-27.112135176651297,0.9999993089000891,1
P01177,Converse Hoodies Black,Tops,Converse,53.49,-29.7016690760941,0.9999993089000891,1
P01035,Adidas Jeans Brown,Bottoms,Adidas,85.83,-33.20102731730096,0.9999993089000891,1
P01036,Uniqlo Hoodies Green,Tops,Uniqlo,140.29,-32.37732574954209,0.9999993089000891,1
P01027,Converse Jackets Red,Outerwear,Converse,126.91,-23.056869164544683,0.9999993089000891,1
P01037,Uniqlo Skirts Cream,Bottoms,Uniqlo,116.99,-11.149084833295356,0.9999993089000891,1
P01175,Adidas Hoodies Navy,Tops,Adidas,125.73,-25.98893336472804,0.9999993089000891,1
P01038,Uniqlo Boots White,Footwear,Uniqlo,185.71,-21.59503504179684,0.9999993089000891,1
P01039,H&M Boots Black,Footwear,H&M,160.9,-34.26213433567576,0.9999993089000891,1
P01040,Zara Vests Red,Outerwear,Zara,73.65,-35.56430446194226,0.9999993089000891,1
P01041,North Face Jackets Black,Outerwear,North Face,64.9,-28.90787599956183,0.9999993089000891,1
P01042,Mango Casual Navy,Dresses,Mango,28.86,-41.802782819116764,0.9999993089000891,1
P01043,North Face Boots Brown,Footwear,North Face,121.13,-14.522616611389466,0.9999993089000891,1
P01028,Nike Casual Cream,Dresses,Nike,169.72,-23.865063699982052,0.9999993089000891,1
P01026,Steve Madden Evening White,Dresses,Steve Madden,20.33,-12.181425485961125,0.9999993089000891,1
P01045,Gap Pants Cream,Bottoms,Gap,72.29,-31.211342658673512,0.9999993089000891,1
P01017,Massimo Dutti Loafers Green,Footwear,Massimo Dutti,35.42,-27.81740370898716,0.9999993089000891,1
P01010,Mango Maxi Navy,Dresses,Mango,68.22,-44.917238595074686,0.9999993089000891,1
P01011,H&M Boots Blue,Footwear,H&M,82.98,-24.972875226039775,0.9999993089000891,1
P01012,Mango Boots Navy,Footwear,Mango,130.75,-45.856971303159554,0.9999993089000891,1
P01013,Steve Madden Casual White,Dresses,Steve Madden,39.09,-20.370747606437156,0.9999993089000891,1
P01014,Uniqlo Evening Blue,Dresses,Uniqlo,67.01,-33.70597546497823,0.9999993089000891,1
P01015,Steve Madden Sweaters Blue,Tops,Steve Madden,85.69,-17.151696799767965,0.9999993089000891,1
P01016,Nike Maxi White,Dresses,Nike,60.11,-44.57353619179346,0.9999993089000891,1
P01180,Nike Maxi Blue,Dresses,Nike,142.3,-29.488132401764034,0.9999993089000891,1
P01179,North Face Hoodies Gray,Tops,North Face,194.2,-18.809314770684395,0.9999993089000891,1
P01025,Levi's Blouses Red,Tops,Levi's,42.91,-38.22343794989922,0.9999993089000891,1
P01018,Zara Blazers Brown,Outerwear,Zara,126.82,-29.450378282153984,0.9999993089000891,1
P01019,Steve Madden Midi Blue,Dresses,Steve Madden,146.89,-37.067820573240226,0.9999993089000891,1
P01020,Converse Casual Pink,Dresses,Converse,20.11,-38.726386349786715,0.9999993089000891,1
P01021,Nike Sweaters Black,Tops,Nike,118.64,-40.7333399940054,0.9999993089000891,1
P01022,Massimo Dutti Jackets Cream,Outerwear,Massimo Dutti,138.0,-24.221624293009725,0.9999993089000891,1
P01178,H&M Evening Blue,Dresses,H&M,210.94,-8.92448512585813,0.9999993089000891,1
P01023,Gap Boots Black,Footwear,Gap,61.04,-25.714981136667888,0.9999993089000891,1
P01024,Nike Sneakers Cream,Footwear,Nike,97.24,-29.29542645241039,0.9999993089000891,1
P01079,H&M Evening Gray,Dresses,H&M,42.7,-12.55375793569526,0.9999993089000891,1
P01044,Nike Evening Pink,Dresses,Nike,129.3,-15.073891625615756,0.9999993089000891,1
P01065,H&M Blouses Red,Tops,H&M,43.12,-35.88104089219331,0.9999993089000891,1
P01172,Adidas Skirts White,Bottoms,Adidas,155.11,-32.648719062092916,0.9999993089000891,1
P01064,Levi's Midi Gray,Dresses,Levi's,41.32,-25.442078671959585,0.9999993089000891,1
P01046,Zara Pants Navy,Bottoms,Zara,191.29,-17.964662492495073,0.9999993089000891,1
P01066,North Face Jackets Blue,Outerwear,North Face,176.49,-24.657417289220916,0.9999993089000891,1
P01171,Massimo Dutti Shorts Black,Bottoms,Massimo Dutti,93.85,-14.174668495656151,0.9999993089000891,1
P01068,Zara Casual Green,Dresses,Zara,53.69,-12.170783575985613,0.9999993089000891,1
P01170,Adidas Blouses Red,Tops,Adidas,154.19,-31.29094068891761,0.9999993089000891,1
P01069,North Face Maxi White,Dresses,North Face,73.6,-18.6830184509999,0.9999993089000891,1
P01070,Levi's T-Shirts Navy,Tops,Levi's,181.59,-11.059411274917954,0.9999993089000891,1
P01169,Gap Maxi Brown,Dresses,Gap,162.44,-30.557455540355676,0.9999993089000891,1
P01071,Nike T-Shirts Pink,Tops,Nike,179.89,-27.290731983347484,0.9999993089000891,1
P01072,North Face Blazers Cream,Outerwear,North Face,171.03,-15.806832726198675,0.9999993089000891,1
P01073,Mango Skirts Red,Bottoms,Mango,179.68,-14.730447987851173,0.9999993089000891,1
P01074,Steve Madden Loafers Green,Footwear,Steve Madden,35.78,-5.19342872284049,0.9999993089000891,1
P01075,North Face Jeans Red,Bottoms,North Face,200.24,-13.462120229914854,0.9999993089000891,1
P01076,Massimo Dutti Shorts Navy,Bottoms,Massimo Dutti,77.44,-31.571971370504553,0.9999993089000891,1
P01077,Gap Jeans Navy,Bottoms,Gap,140.29,-28.496432212028544,0.9999993089000891,1
P01078,Zara Blazers White,Outerwear,Zara,166.63,-22.558906910814702,0.9999993089000891,1
P01063,Gap Sandals White,Footwear,Gap,92.04,-21.78789938817131,0.9999993089000891,1
P01149,Gap Sneakers Black,Footwear,Gap,190.75,-18.51076555023924,0.9999993089000891,1
P01054,Gap Sandals Navy,Footwear,Gap,26.11,-34.36400201106084,0.9999993089000891,1
P01052,Steve Madden Jeans Gray,Bottoms,Steve Madden,67.43,-13.473630180931604,0.9999993089000891,1
P01050,Nike Vests Blue,Outerwear,Nike,102.1,-31.623359228502544,0.9999993089000891,1
P01053,Uniqlo Sweaters Red,Tops,Uniqlo,214.2,-12.557152188112353,0.9999993089000891,1
P01049,Massimo Dutti Skirts Red,Bottoms,Massimo Dutti,141.19,-27.259144770736732,0.9999993089000891,1
P01062,Converse Jeans Navy,Bottoms,Converse,21.51,-23.28815977175463,0.9999993089000891,1
P01048,Levi's Sneakers Green,Footwear,Levi's,148.69,-36.95034558792351,0.9999993089000891,1
P01055,Gap Evening Blue,Dresses,Gap,155.52,-39.14778729897875,0.9999993089000891,1
P01056,Gap Sneakers Pink,Footwear,Gap,117.81,-24.548482131420513,0.9999993089000891,1
P01174,Nike Blouses White,Tops,Nike,116.32,-42.407288211120466,0.9999993089000891,1
P01057,North Face Jackets Blue,Outerwear,North Face,71.8,-35.81262292150903,0.9999993089000891,1
P01058,Levi's Blazers Cream,Outerwear,Levi's,118.82,-45.10003234302084,0.9999993089000891,1
P01047,North Face Sandals Cream,Footwear,North Face,99.38,-25.80259817828879,0.9999993089000891,1
P01059,Adidas Jackets Blue,Outerwear,Adidas,101.62,-11.473124836658247,0.9999993089000891,1
P01173,Converse Boots Brown,Footwear,Converse,210.12,-15.87123638693145,0.9999993089000891,1
P01060,H&M Sweaters Pink,Tops,H&M,34.12,-22.61283737809028,0.9999993089000891,1
P01061,Mango T-Shirts Pink,Tops,Mango,122.8,-24.351629396907544,0.9999993089000891,1
P01051,Steve Madden Loafers Red,Footwear,Steve Madden,52.02,-31.08108108108108,0.9999993089000891,1
P00808,Converse Vests Green,Outerwear,Converse,100.77,0.5086774386594762,4.172788514911177e-06,0
P00034,Adidas Sneakers Red,Footwear,Adidas,45.59,3.920674720765913,4.172788514911177e-06,0
P03182,Nike Hoodies Blue,Tops,Nike,175.32,5.044937088076685,4.172788514911177e-06,0
P00416,H&M Evening Pink,Dresses,H&M,185.24,1.9538774836259627,4.172788514911177e-06,0
P03181,Levi's Jeans Gray,Bottoms,Levi's,116.05,1.0624401288861784,4.172788514911177e-06,0
P01165,Levi's Midi Black,Dresses,Levi's,275.04,7.186282151208105,4.172788514911177e-06,0
P02363,Zara Jackets Red,Outerwear,Zara,200.35,5.464020634837078,4.172788514911177e-06,0
P01581,Steve Madden Evening Black,Dresses,Steve Madden,107.45,9.119528790494572,4.172788514911177e-06,0
P02020,H&M Blazers White,Outerwear,H&M,89.15,8.693001706900768,4.172788514911177e-06,0
P00908,Uniqlo Loafers White,Footwear,Uniqlo,59.05,3.3969532481176636,4.172788514911177e-06,0
P01138,Steve Madden Jeans Blue,Bottoms,Steve Madden,187.47,3.6318407960198966,4.172788514911177e-06,0
P00637,Uniqlo Casual Pink,Dresses,Uniqlo,109.0,1.310530718468256,4.172788514911177e-06,0
P02669,Adidas Maxi Black,Dresses,Adidas,231.99,0.9354333449356098,4.172788514911177e-06,0
P02520,Massimo Dutti Sneakers Navy,Footwear,Massimo Dutti,128.56,15.913803985213242,4.172788514911177e-06,0
P01730,Steve Madden Skirts Gray,Bottoms,Steve Madden,65.85,0.0911992704058186,4.172788514911177e-06,0
P01067,Levi's Hoodies White,Tops,Levi's,34.71,0.317919075144507,4.172788514911177e-06,0
P01442,Gap Evening Green,Dresses,Gap,57.38,9.108195474424793,4.172788514911177e-06,0
P00545,Uniqlo Hoodies Red,Tops,Uniqlo,87.06,2.7499114835359357,4.172788514911177e-06,0
P00159,Uniqlo Jackets Navy,Outerwear,Uniqlo,163.97,17.0378301213419,4.172788514911177e-06,0
P01346,Gap Midi Green,Dresses,Gap,213.48,10.812354009862437,4.172788514911177e-06,0
P02103,Levi's Pants Pink,Bottoms,Levi's,95.19,15.549890750182085,4.172788514911177e-06,0
P02151,Levi's Coats White,Outerwear,Levi's,82.18,0.7231278342934224,4.172788514911177e-06,0
P02964,Massimo Dutti Coats Brown,Outerwear,Massimo Dutti,239.33,10.29540531821743,4.172788514911177e-06,0
P02198,Steve Madden Shorts White,Bottoms,Steve Madden,259.75,3.796203796203796,4.172788514911177e-06,0
P02604,Mango T-Shirts Green,Tops,Mango,81.86,4.533265227940234,4.172788514911177e-06,0
P01791,Uniqlo Blouses Gray,Tops,Uniqlo,120.96,9.95364057812925,4.172788514911177e-06,0
P01181,Levi's Shorts Pink,Bottoms,Levi's,159.63,2.5043344249662916,4.172788514911177e-06,0
P02174,North Face Midi Brown,Dresses,North Face,44.62,0.4502476361999004,4.172788514911177e-06,0
P03070,Nike Sweaters Brown,Tops,Nike,212.93,2.7158707187650726,4.172788514911177e-06,0
P00689,Converse Shorts Gray,Bottoms,Converse,81.49,4.260491299897644,4.172788514911177e-06,0
P02045,Massimo Dutti Sweaters Gray,Tops,Massimo Dutti,252.71,6.894801404339923,4.172788514911177e-06,0
P02712,Zara Boots White,Footwear,Zara,76.64,4.742380757140903,4.172788514911177e-06,0
P00054,Levi's Hoodies Cream,Tops,Levi's,254.5,1.358078776534309,4.172788514911177e-06,0
P02048,Levi's Shorts Pink,Bottoms,Levi's,141.81,2.014243579598598,4.172788514911177e-06,0
P01244,Uniqlo Shorts Brown,Bottoms,Uniqlo,211.21,16.196292017384607,4.172788514911177e-06,0
P01248,Massimo Dutti Pants Black,Bottoms,Massimo Dutti,188.18,0.8629468832073826,4.172788514911177e-06,0
P02060,Zara Blazers Cream,Outerwear,Zara,216.93,6.4112626312174985,4.172788514911177e-06,0
P00479,Nike Skirts Navy,Bottoms,Nike,170.72,0.2407374787152819,4.172788514911177e-06,0
P02856,Zara Blazers Green,Outerwear,Zara,72.57,2.3987582898264264,4.172788514911177e-06,0
P02466,Nike Pants Green,Bottoms,Nike,234.91,0.42322161422709015,4.172788514911177e-06,0
P02895,Adidas Jeans Red,Bottoms,Adidas,205.01,0.5690458670591104,4.172788514911177e-06,0
P00490,Steve Madden Blazers Green,Outerwear,Steve Madden,246.87,4.261339640172313,4.172788514911177e-06,0
P01688,Nike Sneakers Blue,Footwear,Nike,67.33,7.710766277395617,4.172788514911177e-06,0
P02887,Steve Madden Boots Brown,Footwear,Steve Madden,254.57,3.6649427861709496,4.172788514911177e-06,0
P02682,Gap Vests Blue,Outerwear,Gap,173.53,4.72540736270369,4.172788514911177e-06,0
P02493,Converse Coats Gray,Outerwear,Converse,85.0,1.2386850881372158,4.172788514911177e-06,0
P00306,Steve Madden Maxi Green,Dresses,Steve Madden,238.29,1.2405999065301387,4.172788514911177e-06,0
P01291,Mango Loafers Black,Footwear,Mango,244.77,1.9025811823480523,4.172788514911177e-06,0
PPSTPM,trousers,Tops,Uniqlo,197.0,97.0,4.172788514911177e-06,0
