product_id,date,price_usd
P00001,2025-02-01,194.96
P00001,2025-02-02,190.65
P00001,2025-02-03,163.01
P00001,2025-02-04,147.53
P00001,2025-02-05,131.99
P00001,2025-02-06,131.63
P00001,2025-02-07,129.7
P00002,2025-02-01,156.21
P00002,2025-02-02,160.65
P00002,2025-02-03,139.35
P00002,2025-02-04,130.21
P00002,2025-02-05,111.45
P00002,2025-02-06,99.61
P00002,2025-02-07,94.74
P00003,2025-02-01,213.33
P00003,2025-02-02,182.46
P00003,2025-02-03,162.35
P00003,2025-02-04,159.1
P00003,2025-02-05,152.58
P00003,2025-02-06,136.42
P00003,2025-02-07,132.03
P00004,2025-02-01,49.68
P00004,2025-02-02,50.27
P00004,2025-02-03,42.79
P00004,2025-02-04,43.27
P00004,2025-02-05,42.82
P00004,2025-02-06,39.31
P00004,2025-02-07,34.64
P00005,2025-02-01,156.32
P00005,2025-02-02,162.8
P00005,2025-02-03,149.34
P00005,2025-02-04,129.71
P00005,2025-02-05,112.76
P00005,2025-02-06,114.96
P00005,2025-02-07,111.6
P00006,2025-02-01,79.6
P00006,2025-02-02,80.51
P00006,2025-02-03,80.18
P00006,2025-02-04,76.75
P00006,2025-02-05,80.17
P00006,2025-02-06,74.21
P00006,2025-02-07,71.27
P00007,2025-02-01,106.89
P00007,2025-02-02,108.59
P00007,2025-02-03,105.73
P00007,2025-02-04,108.09
P00007,2025-02-05,104.36
P00007,2025-02-06,103.41
P00007,2025-02-07,88.85
P00008,2025-02-01,171.54
P00008,2025-02-02,153.63
P00008,2025-02-03,139.48
P00008,2025-02-04,120.78
P00008,2025-02-05,108.29
P00008,2025-02-06,94.23
P00008,2025-02-07,85.33
P00009,2025-02-01,235.93
P00009,2025-02-02,230.54
P00009,2025-02-03,212.78
P00009,2025-02-04,196.62
P00009,2025-02-05,175.37
P00009,2025-02-06,158.43
P00009,2025-02-07,164.34
P00010,2025-02-01,77.18
P00010,2025-02-02,75.61
P00010,2025-02-03,73.48
P00010,2025-02-04,64.97
P00010,2025-02-05,64.7
P00010,2025-02-06,57.11
P00010,2025-02-07,52.88
P00011,2025-02-01,247.14
P00011,2025-02-02,258.98
P00011,2025-02-03,253.28
P00011,2025-02-04,243.5
P00011,2025-02-05,240.32
P00011,2025-02-06,244.78
P00011,2025-02-07,246.05
P00012,2025-02-01,157.85
P00012,2025-02-02,141.4
P00012,2025-02-03,121.1
P00012,2025-02-04,110.58
P00012,2025-02-05,99.91
P00012,2025-02-06,89.14
P00012,2025-02-07,92.58
P00013,2025-02-01,193.0
P00013,2025-02-02,197.88
P00013,2025-02-03,180.65
P00013,2025-02-04,177.23
P00013,2025-02-05,164.67
P00013,2025-02-06,170.09
P00013,2025-02-07,160.19
P00014,2025-02-01,251.66
P00014,2025-02-02,227.24
P00014,2025-02-03,204.36
P00014,2025-02-04,196.65
P00014,2025-02-05,177.49
P00014,2025-02-06,171.62
P00014,2025-02-07,176.69
P00015,2025-02-01,156.16
P00015,2025-02-02,145.21
P00015,2025-02-03,129.8
P00015,2025-02-04,136.23
P00015,2025-02-05,129.68
P00015,2025-02-06,112.59
P00015,2025-02-07,96.76
P00016,2025-02-01,257.69
P00016,2025-02-02,224.69
P00016,2025-02-03,219.18
P00016,2025-02-04,221.02
P00016,2025-02-05,206.53
P00016,2025-02-06,178.17
P00016,2025-02-07,165.04
P00017,2025-02-01,41.48
P00017,2025-02-02,43.52
P00017,2025-02-03,41.6
P00017,2025-02-04,43.44
P00017,2025-02-05,44.4
P00017,2025-02-06,37.84
P00017,2025-02-07,37.62
P00018,2025-02-01,171.84
P00018,2025-02-02,169.49
P00018,2025-02-03,162.27
P00018,2025-02-04,146.59
P00018,2025-02-05,143.39
P00018,2025-02-06,125.08
P00018,2025-02-07,117.19
P00019,2025-02-01,230.44
P00019,2025-02-02,216.79
P00019,2025-02-03,225.63
P00019,2025-02-04,231.31
P00019,2025-02-05,208.8
P00019,2025-02-06,198.38
P00019,2025-02-07,175.71
P00020,2025-02-01,25.85
P00020,2025-02-02,26.69
P00020,2025-02-03,27.33
P00020,2025-02-04,24.86
P00020,2025-02-05,24.31
P00020,2025-02-06,23.62
P00020,2025-02-07,20.8
P00021,2025-02-01,171.49
P00021,2025-02-02,171.92
P00021,2025-02-03,164.68
P00021,2025-02-04,165.62
P00021,2025-02-05,158.34
P00021,2025-02-06,134.61
P00021,2025-02-07,123.15
P00022,2025-02-01,119.77
P00022,2025-02-02,102.27
P00022,2025-02-03,105.93
P00022,2025-02-04,108.66
P00022,2025-02-05,110.43
P00022,2025-02-06,100.66
P00022,2025-02-07,86.73
P00023,2025-02-01,39.51
P00023,2025-02-02,40.52
P00023,2025-02-03,42.12
P00023,2025-02-04,36.52
P00023,2025-02-05,34.59
P00023,2025-02-06,29.88
P00023,2025-02-07,29.94
P00024,2025-02-01,43.88
P00024,2025-02-02,44.02
P00024,2025-02-03,38.55
P00024,2025-02-04,36.43
P00024,2025-02-05,34.97
P00024,2025-02-06,31.58
P00024,2025-02-07,32.35
P00025,2025-02-01,212.77
P00025,2025-02-02,198.86
P00025,2025-02-03,177.45
P00025,2025-02-04,169.97
P00025,2025-02-05,169.29
P00025,2025-02-06,150.71
P00025,2025-02-07,137.5
P00026,2025-02-01,120.28
P00026,2025-02-02,126.18
P00026,2025-02-03,123.65
P00026,2025-02-04,115.94
P00026,2025-02-05,110.55
P00026,2025-02-06,96.64
P00026,2025-02-07,86.49
P00027,2025-02-01,62.33
P00027,2025-02-02,57.2
P00027,2025-02-03,55.35
P00027,2025-02-04,49.59
P00027,2025-02-05,44.34
P00027,2025-02-06,38.32
P00027,2025-02-07,37.41
P00028,2025-02-01,213.54
P00028,2025-02-02,191.29
P00028,2025-02-03,197.24
P00028,2025-02-04,201.56
P00028,2025-02-05,174.18
P00028,2025-02-06,156.34
P00028,2025-02-07,153.81
P00029,2025-02-01,55.98
P00029,2025-02-02,49.98
P00029,2025-02-03,43.81
P00029,2025-02-04,45.44
P00029,2025-02-05,43.81
P00029,2025-02-06,41.38
P00029,2025-02-07,41.67
P00030,2025-02-01,233.74
P00030,2025-02-02,236.43
P00030,2025-02-03,209.97
P00030,2025-02-04,182.55
P00030,2025-02-05,170.91
P00030,2025-02-06,159.75
P00030,2025-02-07,150.71
P00031,2025-02-01,247.03
P00031,2025-02-02,246.0
P00031,2025-02-03,242.23
P00031,2025-02-04,253.57
P00031,2025-02-05,220.53
P00031,2025-02-06,205.21
P00031,2025-02-07,188.35
P00032,2025-02-01,90.99
P00032,2025-02-02,93.02
P00032,2025-02-03,83.69
P00032,2025-02-04,74.32
P00032,2025-02-05,69.84
P00032,2025-02-06,65.26
P00032,2025-02-07,59.11
P00033,2025-02-01,173.49
P00033,2025-02-02,156.13
P00033,2025-02-03,161.54
P00033,2025-02-04,151.63
P00033,2025-02-05,155.01
P00033,2025-02-06,148.82
P00033,2025-02-07,128.0
P00034,2025-02-01,43.87
P00034,2025-02-02,46.06
P00034,2025-02-03,46.85
P00034,2025-02-04,48.9
P00034,2025-02-05,50.62
P00034,2025-02-06,51.62
P00034,2025-02-07,45.59
P00035,2025-02-01,164.33
P00035,2025-02-02,155.64
P00035,2025-02-03,138.95
P00035,2025-02-04,129.25
P00035,2025-02-05,111.38
P00035,2025-02-06,103.12
P00035,2025-02-07,107.97
P00036,2025-02-01,91.0
P00036,2025-02-02,82.18
P00036,2025-02-03,82.74
P00036,2025-02-04,77.86
P00036,2025-02-05,72.77
P00036,2025-02-06,75.79
P00036,2025-02-07,79.51
P00037,2025-02-01,45.34
P00037,2025-02-02,43.58
P00037,2025-02-03,43.3
P00037,2025-02-04,38.15
P00037,2025-02-05,34.69
P00037,2025-02-06,36.21
P00037,2025-02-07,34.97
P00038,2025-02-01,114.35
P00038,2025-02-02,109.6
P00038,2025-02-03,109.56
P00038,2025-02-04,94.38
P00038,2025-02-05,91.25
P00038,2025-02-06,86.74
P00038,2025-02-07,88.52
P00039,2025-02-01,235.03
P00039,2025-02-02,207.18
P00039,2025-02-03,215.91
P00039,2025-02-04,186.98
P00039,2025-02-05,165.88
P00039,2025-02-06,160.74
P00039,2025-02-07,158.34
P00040,2025-02-01,106.68
P00040,2025-02-02,95.7
P00040,2025-02-03,83.64
P00040,2025-02-04,85.99
P00040,2025-02-05,77.33
P00040,2025-02-06,74.93
P00040,2025-02-07,72.97
P00041,2025-02-01,75.27
P00041,2025-02-02,70.29
P00041,2025-02-03,67.95
P00041,2025-02-04,64.86
P00041,2025-02-05,67.26
P00041,2025-02-06,59.92
P00041,2025-02-07,59.51
P00042,2025-02-01,232.46
P00042,2025-02-02,208.69
P00042,2025-02-03,193.91
P00042,2025-02-04,190.87
P00042,2025-02-05,173.69
P00042,2025-02-06,158.62
P00042,2025-02-07,158.68
P00043,2025-02-01,233.03
P00043,2025-02-02,201.46
P00043,2025-02-03,189.71
P00043,2025-02-04,199.14
P00043,2025-02-05,208.94
P00043,2025-02-06,180.66
P00043,2025-02-07,161.26
P00044,2025-02-01,203.54
P00044,2025-02-02,183.8
P00044,2025-02-03,190.54
P00044,2025-02-04,195.53
P00044,2025-02-05,200.59
P00044,2025-02-06,185.33
P00044,2025-02-07,163.38
P00045,2025-02-01,148.31
P00045,2025-02-02,150.79
P00045,2025-02-03,149.39
P00045,2025-02-04,145.26
P00045,2025-02-05,152.15
P00045,2025-02-06,149.23
P00045,2025-02-07,127.08
P00046,2025-02-01,168.39
P00046,2025-02-02,170.65
P00046,2025-02-03,155.27
P00046,2025-02-04,152.58
P00046,2025-02-05,158.35
P00046,2025-02-06,138.85
P00046,2025-02-07,121.23
P00047,2025-02-01,68.38
P00047,2025-02-02,59.59
P00047,2025-02-03,57.24
P00047,2025-02-04,51.77
P00047,2025-02-05,50.27
P00047,2025-02-06,49.94
P00047,2025-02-07,44.48
P00048,2025-02-01,86.02
P00048,2025-02-02,84.03
P00048,2025-02-03,75.86
P00048,2025-02-04,71.89
P00048,2025-02-05,74.12
P00048,2025-02-06,75.54
P00048,2025-02-07,65.6
P00049,2025-02-01,237.7
P00049,2025-02-02,222.18
P00049,2025-02-03,201.15
P00049,2025-02-04,171.12
P00049,2025-02-05,171.84
P00049,2025-02-06,167.96
P00049,2025-02-07,151.57
P00050,2025-02-01,238.42
P00050,2025-02-02,238.0
P00050,2025-02-03,228.56
P00050,2025-02-04,213.83
P00050,2025-02-05,182.17
P00050,2025-02-06,157.59
P00050,2025-02-07,161.79
P00051,2025-02-01,211.14
P00051,2025-02-02,217.64
P00051,2025-02-03,208.74
P00051,2025-02-04,212.27
P00051,2025-02-05,205.16
P00051,2025-02-06,180.46
P00051,2025-02-07,157.99
P00052,2025-02-01,26.32
P00052,2025-02-02,23.99
P00052,2025-02-03,24.7
P00052,2025-02-04,24.93
P00052,2025-02-05,25.48
P00052,2025-02-06,26.24
P00052,2025-02-07,23.41
P00053,2025-02-01,159.34
P00053,2025-02-02,143.39
P00053,2025-02-03,124.83
P00053,2025-02-04,125.58
P00053,2025-02-05,128.95
P00053,2025-02-06,120.09
P00053,2025-02-07,116.98
P00054,2025-02-01,251.09
P00054,2025-02-02,221.19
P00054,2025-02-03,229.15
P00054,2025-02-04,234.4
P00054,2025-02-05,245.0
P00054,2025-02-06,247.98
P00054,2025-02-07,254.5
P00055,2025-02-01,75.85
P00055,2025-02-02,64.85
P00055,2025-02-03,64.68
P00055,2025-02-04,59.28
P00055,2025-02-05,61.42
P00055,2025-02-06,62.06
P00055,2025-02-07,63.48
P00056,2025-02-01,80.25
P00056,2025-02-02,81.23
P00056,2025-02-03,73.38
P00056,2025-02-04,73.93
P00056,2025-02-05,64.44
P00056,2025-02-06,66.01
P00056,2025-02-07,67.44
P00057,2025-02-01,33.25
P00057,2025-02-02,29.74
P00057,2025-02-03,30.14
P00057,2025-02-04,28.39
P00057,2025-02-05,25.86
P00057,2025-02-06,26.09
P00057,2025-02-07,23.36
P00058,2025-02-01,161.17
P00058,2025-02-02,137.76
P00058,2025-02-03,122.42
P00058,2025-02-04,112.09
P00058,2025-02-05,114.65
P00058,2025-02-06,119.62
P00058,2025-02-07,108.35
P00059,2025-02-01,236.25
P00059,2025-02-02,231.12
P00059,2025-02-03,214.93
P00059,2025-02-04,224.87
P00059,2025-02-05,215.26
P00059,2025-02-06,223.41
P00059,2025-02-07,195.05
P00060,2025-02-01,183.15
P00060,2025-02-02,191.22
P00060,2025-02-03,169.37
P00060,2025-02-04,176.57
P00060,2025-02-05,159.46
P00060,2025-02-06,139.0
P00060,2025-02-07,130.23
P00061,2025-02-01,167.48
P00061,2025-02-02,166.76
P00061,2025-02-03,152.21
P00061,2025-02-04,147.83
P00061,2025-02-05,140.78
P00061,2025-02-06,130.51
P00061,2025-02-07,125.98
P00062,2025-02-01,102.03
P00062,2025-02-02,91.92
P00062,2025-02-03,91.16
P00062,2025-02-04,77.52
P00062,2025-02-05,80.24
P00062,2025-02-06,76.85
P00062,2025-02-07,76.38
P00063,2025-02-01,41.28
P00063,2025-02-02,41.21
P00063,2025-02-03,40.56
P00063,2025-02-04,37.43
P00063,2025-02-05,32.34
P00063,2025-02-06,31.79
P00063,2025-02-07,29.12
P00064,2025-02-01,17.84
P00064,2025-02-02,16.28
P00064,2025-02-03,16.6
P00064,2025-02-04,16.5
P00064,2025-02-05,15.02
P00064,2025-02-06,13.7
P00064,2025-02-07,12.76
P00065,2025-02-01,193.58
P00065,2025-02-02,180.12
P00065,2025-02-03,163.75
P00065,2025-02-04,143.36
P00065,2025-02-05,133.91
P00065,2025-02-06,139.01
P00065,2025-02-07,136.99
P00066,2025-02-01,188.34
P00066,2025-02-02,194.1
P00066,2025-02-03,188.88
P00066,2025-02-04,171.92
P00066,2025-02-05,164.97
P00066,2025-02-06,140.24
P00066,2025-02-07,127.25
P00067,2025-02-01,208.54
P00067,2025-02-02,195.19
P00067,2025-02-03,188.55
P00067,2025-02-04,184.96
P00067,2025-02-05,174.42
P00067,2025-02-06,163.68
P00067,2025-02-07,146.12
P00068,2025-02-01,135.73
P00068,2025-02-02,128.22
P00068,2025-02-03,132.1
P00068,2025-02-04,133.32
P00068,2025-02-05,117.85
P00068,2025-02-06,102.17
P00068,2025-02-07,97.38
P00069,2025-02-01,184.93
P00069,2025-02-02,180.6
P00069,2025-02-03,165.62
P00069,2025-02-04,167.89
P00069,2025-02-05,167.93
P00069,2025-02-06,165.34
P00069,2025-02-07,147.97
P00070,2025-02-01,155.68
P00070,2025-02-02,138.53
P00070,2025-02-03,118.43
P00070,2025-02-04,106.46
P00070,2025-02-05,100.61
P00070,2025-02-06,102.62
P00070,2025-02-07,88.72
P00071,2025-02-01,99.64
P00071,2025-02-02,92.95
P00071,2025-02-03,90.71
P00071,2025-02-04,80.63
P00071,2025-02-05,79.76
P00071,2025-02-06,75.68
P00071,2025-02-07,68.02
P00072,2025-02-01,167.7
P00072,2025-02-02,164.55
P00072,2025-02-03,140.05
P00072,2025-02-04,140.08
P00072,2025-02-05,140.64
P00072,2025-02-06,122.54
P00072,2025-02-07,114.58
P00073,2025-02-01,201.98
P00073,2025-02-02,178.79
P00073,2025-02-03,186.23
P00073,2025-02-04,177.59
P00073,2025-02-05,152.74
P00073,2025-02-06,137.44
P00073,2025-02-07,140.14
P00074,2025-02-01,173.41
P00074,2025-02-02,163.23
P00074,2025-02-03,164.91
P00074,2025-02-04,162.19
P00074,2025-02-05,169.91
P00074,2025-02-06,164.66
P00074,2025-02-07,171.25
P00075,2025-02-01,71.49
P00075,2025-02-02,73.51
P00075,2025-02-03,71.49
P00075,2025-02-04,71.05
P00075,2025-02-05,67.57
P00075,2025-02-06,68.66
P00075,2025-02-07,65.88
P00076,2025-02-01,189.1
P00076,2025-02-02,194.67
P00076,2025-02-03,194.42
P00076,2025-02-04,183.71
P00076,2025-02-05,165.68
P00076,2025-02-06,149.02
P00076,2025-02-07,145.67
P00077,2025-02-01,178.92
P00077,2025-02-02,179.49
P00077,2025-02-03,171.28
P00077,2025-02-04,167.06
P00077,2025-02-05,151.18
P00077,2025-02-06,130.85
P00077,2025-02-07,118.7
P00078,2025-02-01,142.81
P00078,2025-02-02,129.15
P00078,2025-02-03,118.04
P00078,2025-02-04,113.09
P00078,2025-02-05,99.26
P00078,2025-02-06,88.96
P00078,2025-02-07,87.96
P00079,2025-02-01,240.7
P00079,2025-02-02,238.6
P00079,2025-02-03,205.88
P00079,2025-02-04,191.78
P00079,2025-02-05,183.83
P00079,2025-02-06,171.54
P00079,2025-02-07,152.91
P00080,2025-02-01,219.6
P00080,2025-02-02,205.11
P00080,2025-02-03,211.46
P00080,2025-02-04,204.44
P00080,2025-02-05,202.21
P00080,2025-02-06,206.53
P00080,2025-02-07,207.17
P00081,2025-02-01,73.49
P00081,2025-02-02,68.06
P00081,2025-02-03,57.93
P00081,2025-02-04,53.32
P00081,2025-02-05,53.36
P00081,2025-02-06,54.46
P00081,2025-02-07,56.68
P00082,2025-02-01,168.07
P00082,2025-02-02,156.94
P00082,2025-02-03,156.86
P00082,2025-02-04,150.46
P00082,2025-02-05,146.04
P00082,2025-02-06,130.58
P00082,2025-02-07,116.72
P00083,2025-02-01,19.64
P00083,2025-02-02,18.41
P00083,2025-02-03,15.76
P00083,2025-02-04,14.46
P00083,2025-02-05,14.26
P00083,2025-02-06,13.27
P00083,2025-02-07,11.72
P00084,2025-02-01,130.45
P00084,2025-02-02,123.08
P00084,2025-02-03,107.76
P00084,2025-02-04,105.01
P00084,2025-02-05,89.82
P00084,2025-02-06,83.43
P00084,2025-02-07,80.33
P00085,2025-02-01,205.69
P00085,2025-02-02,175.95
P00085,2025-02-03,172.18
P00085,2025-02-04,151.03
P00085,2025-02-05,142.32
P00085,2025-02-06,122.4
P00085,2025-02-07,113.32
P00086,2025-02-01,89.51
P00086,2025-02-02,79.87
P00086,2025-02-03,73.11
P00086,2025-02-04,73.27
P00086,2025-02-05,67.84
P00086,2025-02-06,67.87
P00086,2025-02-07,68.98
P00087,2025-02-01,152.39
P00087,2025-02-02,137.22
P00087,2025-02-03,118.88
P00087,2025-02-04,101.51
P00087,2025-02-05,97.23
P00087,2025-02-06,102.09
P00087,2025-02-07,93.92
P00088,2025-02-01,140.8
P00088,2025-02-02,137.99
P00088,2025-02-03,138.85
P00088,2025-02-04,136.12
P00088,2025-02-05,136.24
P00088,2025-02-06,141.68
P00088,2025-02-07,126.08
P00089,2025-02-01,98.44
P00089,2025-02-02,84.08
P00089,2025-02-03,74.03
P00089,2025-02-04,64.79
P00089,2025-02-05,63.75
P00089,2025-02-06,61.38
P00089,2025-02-07,54.85
P00090,2025-02-01,212.19
P00090,2025-02-02,210.05
P00090,2025-02-03,210.76
P00090,2025-02-04,186.22
P00090,2025-02-05,180.9
P00090,2025-02-06,180.82
P00090,2025-02-07,157.84
P00091,2025-02-01,150.69
P00091,2025-02-02,152.78
P00091,2025-02-03,159.34
P00091,2025-02-04,138.88
P00091,2025-02-05,118.76
P00091,2025-02-06,108.36
P00091,2025-02-07,106.79
P00092,2025-02-01,172.17
P00092,2025-02-02,179.34
P00092,2025-02-03,166.67
P00092,2025-02-04,165.5
P00092,2025-02-05,143.19
P00092,2025-02-06,141.49
P00092,2025-02-07,138.02
P00093,2025-02-01,58.0
P00093,2025-02-02,50.48
P00093,2025-02-03,50.71
P00093,2025-02-04,51.73
P00093,2025-02-05,50.18
P00093,2025-02-06,43.87
P00093,2025-02-07,45.92
P00094,2025-02-01,79.63
P00094,2025-02-02,80.15
P00094,2025-02-03,73.69
P00094,2025-02-04,68.95
P00094,2025-02-05,63.72
P00094,2025-02-06,60.61
P00094,2025-02-07,55.65
P00095,2025-02-01,90.95
P00095,2025-02-02,92.76
P00095,2025-02-03,94.1
P00095,2025-02-04,81.97
P00095,2025-02-05,85.43
P00095,2025-02-06,83.48
P00095,2025-02-07,84.79
P00096,2025-02-01,188.11
P00096,2025-02-02,186.5
P00096,2025-02-03,174.77
P00096,2025-02-04,174.2
P00096,2025-02-05,181.71
P00096,2025-02-06,164.27
P00096,2025-02-07,166.18
P00097,2025-02-01,82.44
P00097,2025-02-02,78.95
P00097,2025-02-03,74.74
P00097,2025-02-04,70.04
P00097,2025-02-05,69.77
P00097,2025-02-06,63.05
P00097,2025-02-07,64.33
P00098,2025-02-01,146.81
P00098,2025-02-02,149.18
P00098,2025-02-03,129.39
P00098,2025-02-04,132.8
P00098,2025-02-05,119.36
P00098,2025-02-06,112.55
P00098,2025-02-07,109.41
P00099,2025-02-01,35.15
P00099,2025-02-02,32.54
P00099,2025-02-03,27.85
P00099,2025-02-04,28.41
P00099,2025-02-05,25.18
P00099,2025-02-06,22.47
P00099,2025-02-07,22.68
P00100,2025-02-01,166.09
P00100,2025-02-02,152.48
P00100,2025-02-03,156.45
P00100,2025-02-04,154.92
P00100,2025-02-05,140.24
P00100,2025-02-06,119.49
P00100,2025-02-07,124.22
P00101,2025-02-01,239.44
P00101,2025-02-02,207.62
P00101,2025-02-03,206.38
P00101,2025-02-04,195.59
P00101,2025-02-05,195.91
P00101,2025-02-06,193.58
P00101,2025-02-07,189.55
P00102,2025-02-01,219.55
P00102,2025-02-02,208.17
P00102,2025-02-03,209.96
P00102,2025-02-04,182.37
P00102,2025-02-05,163.1
P00102,2025-02-06,161.2
P00102,2025-02-07,146.89
P00103,2025-02-01,82.08
P00103,2025-02-02,79.31
P00103,2025-02-03,74.92
P00103,2025-02-04,71.64
P00103,2025-02-05,66.99
P00103,2025-02-06,66.94
P00103,2025-02-07,61.33
P00104,2025-02-01,36.73
P00104,2025-02-02,36.38
P00104,2025-02-03,32.89
P00104,2025-02-04,29.61
P00104,2025-02-05,25.88
P00104,2025-02-06,22.99
P00104,2025-02-07,20.09
P00105,2025-02-01,199.64
P00105,2025-02-02,191.09
P00105,2025-02-03,191.56
P00105,2025-02-04,169.92
P00105,2025-02-05,151.79
P00105,2025-02-06,143.72
P00105,2025-02-07,142.99
P00106,2025-02-01,169.1
P00106,2025-02-02,176.76
P00106,2025-02-03,168.79
P00106,2025-02-04,153.02
P00106,2025-02-05,133.14
P00106,2025-02-06,118.34
P00106,2025-02-07,105.97
P00107,2025-02-01,160.86
P00107,2025-02-02,142.5
P00107,2025-02-03,121.53
P00107,2025-02-04,116.28
P00107,2025-02-05,105.22
P00107,2025-02-06,109.94
P00107,2025-02-07,105.62
P00108,2025-02-01,77.18
P00108,2025-02-02,76.37
P00108,2025-02-03,66.84
P00108,2025-02-04,68.42
P00108,2025-02-05,64.87
P00108,2025-02-06,66.46
P00108,2025-02-07,64.12
P00109,2025-02-01,29.2
P00109,2025-02-02,27.56
P00109,2025-02-03,25.85
P00109,2025-02-04,22.93
P00109,2025-02-05,19.73
P00109,2025-02-06,20.48
P00109,2025-02-07,19.36
P00110,2025-02-01,169.46
P00110,2025-02-02,171.9
P00110,2025-02-03,159.89
P00110,2025-02-04,138.28
P00110,2025-02-05,134.95
P00110,2025-02-06,116.15
P00110,2025-02-07,102.19
P00111,2025-02-01,183.91
P00111,2025-02-02,177.03
P00111,2025-02-03,161.23
P00111,2025-02-04,169.1
P00111,2025-02-05,147.74
P00111,2025-02-06,148.17
P00111,2025-02-07,143.91
P00112,2025-02-01,248.92
P00112,2025-02-02,250.95
P00112,2025-02-03,224.63
P00112,2025-02-04,214.41
P00112,2025-02-05,201.57
P00112,2025-02-06,189.18
P00112,2025-02-07,193.35
P00113,2025-02-01,208.36
P00113,2025-02-02,218.36
P00113,2025-02-03,198.94
P00113,2025-02-04,193.81
P00113,2025-02-05,188.37
P00113,2025-02-06,188.0
P00113,2025-02-07,195.43
P00114,2025-02-01,196.09
P00114,2025-02-02,174.83
P00114,2025-02-03,155.98
P00114,2025-02-04,153.19
P00114,2025-02-05,135.02
P00114,2025-02-06,119.46
P00114,2025-02-07,103.33
P00115,2025-02-01,222.07
P00115,2025-02-02,188.88
P00115,2025-02-03,177.57
P00115,2025-02-04,172.02
P00115,2025-02-05,156.24
P00115,2025-02-06,140.04
P00115,2025-02-07,138.83
P00116,2025-02-01,166.32
P00116,2025-02-02,164.76
P00116,2025-02-03,155.01
P00116,2025-02-04,153.07
P00116,2025-02-05,158.39
P00116,2025-02-06,159.59
P00116,2025-02-07,155.6
P00117,2025-02-01,246.37
P00117,2025-02-02,241.99
P00117,2025-02-03,250.88
P00117,2025-02-04,234.58
P00117,2025-02-05,224.94
P00117,2025-02-06,220.33
P00117,2025-02-07,227.31
P00118,2025-02-01,148.69
P00118,2025-02-02,150.97
P00118,2025-02-03,130.48
P00118,2025-02-04,115.24
P00118,2025-02-05,105.04
P00118,2025-02-06,105.02
P00118,2025-02-07,101.22
P00119,2025-02-01,89.54
P00119,2025-02-02,81.28
P00119,2025-02-03,71.11
P00119,2025-02-04,70.24
P00119,2025-02-05,69.53
P00119,2025-02-06,72.21
P00119,2025-02-07,68.61
P00120,2025-02-01,157.51
P00120,2025-02-02,149.44
P00120,2025-02-03,129.43
P00120,2025-02-04,111.05
P00120,2025-02-05,103.99
P00120,2025-02-06,95.1
P00120,2025-02-07,85.6
P00121,2025-02-01,130.11
P00121,2025-02-02,112.97
P00121,2025-02-03,117.76
P00121,2025-02-04,119.78
P00121,2025-02-05,115.59
P00121,2025-02-06,120.23
P00121,2025-02-07,126.23
P00122,2025-02-01,41.43
P00122,2025-02-02,40.79
P00122,2025-02-03,36.87
P00122,2025-02-04,31.64
P00122,2025-02-05,31.68
P00122,2025-02-06,29.91
P00122,2025-02-07,29.32
P00123,2025-02-01,94.84
P00123,2025-02-02,97.99
P00123,2025-02-03,86.85
P00123,2025-02-04,83.99
P00123,2025-02-05,82.05
P00123,2025-02-06,77.81
P00123,2025-02-07,67.56
P00124,2025-02-01,200.41
P00124,2025-02-02,184.3
P00124,2025-02-03,168.94
P00124,2025-02-04,166.24
P00124,2025-02-05,169.82
P00124,2025-02-06,155.55
P00124,2025-02-07,153.8
P00125,2025-02-01,194.76
P00125,2025-02-02,176.77
P00125,2025-02-03,183.67
P00125,2025-02-04,186.01
P00125,2025-02-05,178.57
P00125,2025-02-06,168.03
P00125,2025-02-07,153.4
P00126,2025-02-01,236.73
P00126,2025-02-02,216.53
P00126,2025-02-03,226.07
P00126,2025-02-04,210.43
P00126,2025-02-05,200.52
P00126,2025-02-06,210.07
P00126,2025-02-07,206.19
P00127,2025-02-01,181.04
P00127,2025-02-02,173.53
P00127,2025-02-03,161.84
P00127,2025-02-04,143.64
P00127,2025-02-05,132.49
P00127,2025-02-06,132.66
P00127,2025-02-07,129.35
P00128,2025-02-01,169.74
P00128,2025-02-02,170.08
P00128,2025-02-03,151.49
P00128,2025-02-04,145.41
P00128,2025-02-05,150.58
P00128,2025-02-06,141.19
P00128,2025-02-07,139.73
P00129,2025-02-01,198.67
P00129,2025-02-02,173.69
P00129,2025-02-03,181.44
P00129,2025-02-04,176.32
P00129,2025-02-05,158.31
P00129,2025-02-06,139.58
P00129,2025-02-07,134.02
P00130,2025-02-01,118.29
P00130,2025-02-02,113.61
P00130,2025-02-03,98.69
P00130,2025-02-04,103.47
P00130,2025-02-05,106.84
P00130,2025-02-06,100.67
P00130,2025-02-07,87.93
P00131,2025-02-01,42.41
P00131,2025-02-02,43.11
P00131,2025-02-03,40.94
P00131,2025-02-04,40.67
P00131,2025-02-05,38.71
P00131,2025-02-06,35.02
P00131,2025-02-07,35.61
P00132,2025-02-01,148.57
P00132,2025-02-02,155.41
P00132,2025-02-03,139.67
P00132,2025-02-04,134.12
P00132,2025-02-05,124.29
P00132,2025-02-06,128.56
P00132,2025-02-07,122.34
P00133,2025-02-01,158.13
P00133,2025-02-02,162.22
P00133,2025-02-03,165.92
P00133,2025-02-04,150.2
P00133,2025-02-05,151.4
P00133,2025-02-06,141.25
P00133,2025-02-07,146.46
P00134,2025-02-01,111.63
P00134,2025-02-02,106.22
P00134,2025-02-03,107.72
P00134,2025-02-04,97.66
P00134,2025-02-05,88.84
P00134,2025-02-06,85.94
P00134,2025-02-07,90.22
P00135,2025-02-01,161.56
P00135,2025-02-02,153.15
P00135,2025-02-03,134.73
P00135,2025-02-04,129.03
P00135,2025-02-05,118.58
P00135,2025-02-06,113.88
P00135,2025-02-07,109.18
P00136,2025-02-01,28.83
P00136,2025-02-02,27.13
P00136,2025-02-03,24.81
P00136,2025-02-04,22.02
P00136,2025-02-05,21.79
P00136,2025-02-06,21.01
P00136,2025-02-07,18.84
P00137,2025-02-01,142.19
P00137,2025-02-02,142.92
P00137,2025-02-03,122.73
P00137,2025-02-04,122.6
P00137,2025-02-05,121.5
P00137,2025-02-06,122.99
P00137,2025-02-07,114.04
P00138,2025-02-01,167.78
P00138,2025-02-02,164.88
P00138,2025-02-03,167.21
P00138,2025-02-04,174.93
P00138,2025-02-05,166.02
P00138,2025-02-06,142.35
P00138,2025-02-07,135.3
P00139,2025-02-01,132.97
P00139,2025-02-02,128.72
P00139,2025-02-03,131.8
P00139,2025-02-04,135.07
P00139,2025-02-05,126.7
P00139,2025-02-06,121.02
P00139,2025-02-07,113.93
P00140,2025-02-01,159.93
P00140,2025-02-02,159.05
P00140,2025-02-03,148.23
P00140,2025-02-04,145.41
P00140,2025-02-05,128.09
P00140,2025-02-06,120.9
P00140,2025-02-07,126.2
P00141,2025-02-01,247.5
P00141,2025-02-02,227.13
P00141,2025-02-03,224.53
P00141,2025-02-04,220.03
P00141,2025-02-05,224.51
P00141,2025-02-06,229.11
P00141,2025-02-07,234.12
P00142,2025-02-01,113.42
P00142,2025-02-02,105.03
P00142,2025-02-03,95.93
P00142,2025-02-04,95.33
P00142,2025-02-05,95.51
P00142,2025-02-06,97.85
P00142,2025-02-07,83.88
P00143,2025-02-01,243.72
P00143,2025-02-02,210.5
P00143,2025-02-03,205.5
P00143,2025-02-04,212.53
P00143,2025-02-05,223.05
P00143,2025-02-06,222.91
P00143,2025-02-07,208.82
P00144,2025-02-01,21.4
P00144,2025-02-02,18.61
P00144,2025-02-03,18.18
P00144,2025-02-04,18.63
P00144,2025-02-05,17.49
P00144,2025-02-06,17.29
P00144,2025-02-07,17.82
P00145,2025-02-01,158.86
P00145,2025-02-02,136.49
P00145,2025-02-03,137.75
P00145,2025-02-04,125.17
P00145,2025-02-05,115.78
P00145,2025-02-06,101.78
P00145,2025-02-07,97.33
P00146,2025-02-01,169.42
P00146,2025-02-02,163.18
P00146,2025-02-03,164.57
P00146,2025-02-04,145.48
P00146,2025-02-05,125.96
P00146,2025-02-06,129.0
P00146,2025-02-07,125.64
P00147,2025-02-01,166.77
P00147,2025-02-02,149.79
P00147,2025-02-03,154.67
P00147,2025-02-04,135.9
P00147,2025-02-05,128.05
P00147,2025-02-06,115.35
P00147,2025-02-07,103.94
P00148,2025-02-01,187.71
P00148,2025-02-02,159.91
P00148,2025-02-03,161.66
P00148,2025-02-04,166.55
P00148,2025-02-05,164.14
P00148,2025-02-06,144.71
P00148,2025-02-07,135.79
P00149,2025-02-01,86.66
P00149,2025-02-02,79.65
P00149,2025-02-03,77.06
P00149,2025-02-04,75.35
P00149,2025-02-05,70.44
P00149,2025-02-06,63.4
P00149,2025-02-07,64.61
P00150,2025-02-01,206.98
P00150,2025-02-02,184.18
P00150,2025-02-03,170.72
P00150,2025-02-04,161.61
P00150,2025-02-05,145.04
P00150,2025-02-06,139.87
P00150,2025-02-07,134.97
P00151,2025-02-01,131.88
P00151,2025-02-02,138.28
P00151,2025-02-03,125.7
P00151,2025-02-04,131.43
P00151,2025-02-05,129.02
P00151,2025-02-06,116.75
P00151,2025-02-07,112.45
P00152,2025-02-01,217.32
P00152,2025-02-02,214.53
P00152,2025-02-03,214.3
P00152,2025-02-04,184.26
P00152,2025-02-05,178.97
P00152,2025-02-06,169.9
P00152,2025-02-07,175.14
P00153,2025-02-01,160.58
P00153,2025-02-02,145.68
P00153,2025-02-03,147.1
P00153,2025-02-04,142.89
P00153,2025-02-05,131.53
P00153,2025-02-06,128.55
P00153,2025-02-07,125.23
P00154,2025-02-01,95.24
P00154,2025-02-02,93.86
P00154,2025-02-03,93.31
P00154,2025-02-04,91.62
P00154,2025-02-05,93.24
P00154,2025-02-06,90.97
P00154,2025-02-07,93.76
P00155,2025-02-01,221.89
P00155,2025-02-02,217.29
P00155,2025-02-03,198.12
P00155,2025-02-04,185.87
P00155,2025-02-05,179.53
P00155,2025-02-06,178.9
P00155,2025-02-07,155.29
P00156,2025-02-01,168.59
P00156,2025-02-02,153.25
P00156,2025-02-03,153.17
P00156,2025-02-04,135.58
P00156,2025-02-05,118.83
P00156,2025-02-06,113.83
P00156,2025-02-07,118.87
P00157,2025-02-01,197.32
P00157,2025-02-02,188.67
P00157,2025-02-03,194.84
P00157,2025-02-04,197.98
P00157,2025-02-05,178.46
P00157,2025-02-06,181.13
P00157,2025-02-07,171.42
P00158,2025-02-01,240.36
P00158,2025-02-02,243.08
P00158,2025-02-03,242.91
P00158,2025-02-04,222.93
P00158,2025-02-05,194.63
P00158,2025-02-06,202.92
P00158,2025-02-07,178.19
P00159,2025-02-01,140.1
P00159,2025-02-02,146.17
P00159,2025-02-03,149.39
P00159,2025-02-04,148.62
P00159,2025-02-05,155.45
P00159,2025-02-06,162.2
P00159,2025-02-07,163.97
P00160,2025-02-01,49.87
P00160,2025-02-02,46.04
P00160,2025-02-03,46.41
P00160,2025-02-04,39.58
P00160,2025-02-05,37.89
P00160,2025-02-06,35.65
P00160,2025-02-07,35.1
P00161,2025-02-01,250.07
P00161,2025-02-02,246.19
P00161,2025-02-03,238.04
P00161,2025-02-04,241.49
P00161,2025-02-05,250.68
P00161,2025-02-06,218.51
P00161,2025-02-07,195.95
P00162,2025-02-01,213.61
P00162,2025-02-02,182.64
P00162,2025-02-03,187.54
P00162,2025-02-04,180.47
P00162,2025-02-05,186.43
P00162,2025-02-06,166.72
P00162,2025-02-07,143.82
P00163,2025-02-01,52.08
P00163,2025-02-02,52.85
P00163,2025-02-03,54.53
P00163,2025-02-04,49.65
P00163,2025-02-05,46.26
P00163,2025-02-06,40.61
P00163,2025-02-07,42.2
P00164,2025-02-01,51.03
P00164,2025-02-02,46.48
P00164,2025-02-03,44.09
P00164,2025-02-04,38.33
P00164,2025-02-05,39.38
P00164,2025-02-06,34.54
P00164,2025-02-07,32.49
P00165,2025-02-01,131.73
P00165,2025-02-02,129.64
P00165,2025-02-03,129.46
P00165,2025-02-04,134.53
P00165,2025-02-05,125.63
P00165,2025-02-06,125.44
P00165,2025-02-07,110.5
P00166,2025-02-01,102.38
P00166,2025-02-02,95.52
P00166,2025-02-03,83.08
P00166,2025-02-04,78.75
P00166,2025-02-05,73.37
P00166,2025-02-06,76.33
P00166,2025-02-07,65.38
P00167,2025-02-01,48.07
P00167,2025-02-02,44.42
P00167,2025-02-03,41.7
P00167,2025-02-04,43.37
P00167,2025-02-05,44.28
P00167,2025-02-06,38.52
P00167,2025-02-07,38.02
P00168,2025-02-01,86.84
P00168,2025-02-02,83.27
P00168,2025-02-03,87.06
P00168,2025-02-04,80.25
P00168,2025-02-05,74.6
P00168,2025-02-06,66.24
P00168,2025-02-07,57.92
P00169,2025-02-01,172.61
P00169,2025-02-02,175.99
P00169,2025-02-03,165.6
P00169,2025-02-04,162.71
P00169,2025-02-05,159.19
P00169,2025-02-06,154.32
P00169,2025-02-07,131.83
P00170,2025-02-01,184.68
P00170,2025-02-02,186.04
P00170,2025-02-03,167.2
P00170,2025-02-04,146.33
P00170,2025-02-05,140.9
P00170,2025-02-06,121.7
P00170,2025-02-07,122.07
P00171,2025-02-01,240.4
P00171,2025-02-02,214.3
P00171,2025-02-03,191.41
P00171,2025-02-04,195.99
P00171,2025-02-05,179.47
P00171,2025-02-06,157.85
P00171,2025-02-07,162.6
P00172,2025-02-01,192.76
P00172,2025-02-02,163.96
P00172,2025-02-03,167.51
P00172,2025-02-04,147.23
P00172,2025-02-05,128.97
P00172,2025-02-06,116.09
P00172,2025-02-07,102.73
P00173,2025-02-01,31.34
P00173,2025-02-02,30.78
P00173,2025-02-03,26.32
P00173,2025-02-04,22.45
P00173,2025-02-05,22.63
P00173,2025-02-06,20.31
P00173,2025-02-07,18.58
P00174,2025-02-01,201.56
P00174,2025-02-02,178.35
P00174,2025-02-03,153.47
P00174,2025-02-04,153.22
P00174,2025-02-05,146.36
P00174,2025-02-06,146.23
P00174,2025-02-07,138.22
P00175,2025-02-01,119.89
P00175,2025-02-02,120.56
P00175,2025-02-03,114.85
P00175,2025-02-04,100.13
P00175,2025-02-05,95.2
P00175,2025-02-06,98.92
P00175,2025-02-07,84.94
P00176,2025-02-01,169.56
P00176,2025-02-02,170.69
P00176,2025-02-03,174.68
P00176,2025-02-04,166.7
P00176,2025-02-05,156.97
P00176,2025-02-06,163.69
P00176,2025-02-07,141.13
P00177,2025-02-01,136.56
P00177,2025-02-02,129.16
P00177,2025-02-03,120.16
P00177,2025-02-04,118.62
P00177,2025-02-05,112.46
P00177,2025-02-06,116.05
P00177,2025-02-07,100.35
P00178,2025-02-01,144.61
P00178,2025-02-02,125.26
P00178,2025-02-03,121.71
P00178,2025-02-04,105.05
P00178,2025-02-05,95.07
P00178,2025-02-06,92.85
P00178,2025-02-07,89.11
P00179,2025-02-01,179.13
P00179,2025-02-02,163.91
P00179,2025-02-03,171.93
P00179,2025-02-04,164.38
P00179,2025-02-05,154.64
P00179,2025-02-06,150.17
P00179,2025-02-07,130.62
P00180,2025-02-01,40.38
P00180,2025-02-02,39.99
P00180,2025-02-03,40.81
P00180,2025-02-04,40.0
P00180,2025-02-05,40.15
P00180,2025-02-06,39.92
P00180,2025-02-07,35.65
P00181,2025-02-01,44.38
P00181,2025-02-02,41.73
P00181,2025-02-03,37.38
P00181,2025-02-04,34.31
P00181,2025-02-05,32.28
P00181,2025-02-06,30.12
P00181,2025-02-07,26.17
P00182,2025-02-01,106.06
P00182,2025-02-02,99.2
P00182,2025-02-03,97.52
P00182,2025-02-04,90.19
P00182,2025-02-05,79.41
P00182,2025-02-06,82.16
P00182,2025-02-07,70.94
P00183,2025-02-01,51.37
P00183,2025-02-02,52.21
P00183,2025-02-03,45.35
P00183,2025-02-04,39.42
P00183,2025-02-05,39.33
P00183,2025-02-06,39.82
P00183,2025-02-07,38.28
P00184,2025-02-01,249.86
P00184,2025-02-02,241.69
P00184,2025-02-03,232.58
P00184,2025-02-04,213.03
P00184,2025-02-05,186.28
P00184,2025-02-06,171.51
P00184,2025-02-07,168.61
P00185,2025-02-01,116.36
P00185,2025-02-02,116.37
P00185,2025-02-03,119.12
P00185,2025-02-04,118.43
P00185,2025-02-05,123.6
P00185,2025-02-06,119.9
P00185,2025-02-07,110.35
P00186,2025-02-01,61.21
P00186,2025-02-02,59.1
P00186,2025-02-03,52.75
P00186,2025-02-04,51.77
P00186,2025-02-05,46.33
P00186,2025-02-06,40.38
P00186,2025-02-07,41.15
P00187,2025-02-01,196.26
P00187,2025-02-02,181.25
P00187,2025-02-03,181.71
P00187,2025-02-04,175.32
P00187,2025-02-05,177.33
P00187,2025-02-06,180.7
P00187,2025-02-07,188.82
P00188,2025-02-01,117.91
P00188,2025-02-02,119.52
P00188,2025-02-03,116.26
P00188,2025-02-04,113.77
P00188,2025-02-05,97.3
P00188,2025-02-06,100.78
P00188,2025-02-07,102.38
P00189,2025-02-01,129.35
P00189,2025-02-02,116.87
P00189,2025-02-03,103.56
P00189,2025-02-04,102.58
P00189,2025-02-05,93.53
P00189,2025-02-06,85.86
P00189,2025-02-07,73.09
P00190,2025-02-01,225.13
P00190,2025-02-02,230.53
P00190,2025-02-03,222.06
P00190,2025-02-04,206.55
P00190,2025-02-05,181.43
P00190,2025-02-06,177.19
P00190,2025-02-07,151.7
P00191,2025-02-01,243.04
P00191,2025-02-02,242.85
P00191,2025-02-03,216.87
P00191,2025-02-04,202.55
P00191,2025-02-05,185.98
P00191,2025-02-06,171.85
P00191,2025-02-07,170.87
P00192,2025-02-01,91.83
P00192,2025-02-02,92.32
P00192,2025-02-03,88.95
P00192,2025-02-04,77.12
P00192,2025-02-05,66.36
P00192,2025-02-06,58.5
P00192,2025-02-07,56.95
P00193,2025-02-01,169.06
P00193,2025-02-02,166.49
P00193,2025-02-03,150.58
P00193,2025-02-04,147.93
P00193,2025-02-05,140.11
P00193,2025-02-06,131.48
P00193,2025-02-07,118.94
P00194,2025-02-01,178.35
P00194,2025-02-02,178.53
P00194,2025-02-03,155.81
P00194,2025-02-04,145.84
P00194,2025-02-05,132.23
P00194,2025-02-06,130.34
P00194,2025-02-07,123.47
P00195,2025-02-01,212.8
P00195,2025-02-02,209.27
P00195,2025-02-03,179.78
P00195,2025-02-04,167.03
P00195,2025-02-05,162.0
P00195,2025-02-06,137.95
P00195,2025-02-07,125.57
P00196,2025-02-01,92.82
P00196,2025-02-02,82.82
P00196,2025-02-03,72.67
P00196,2025-02-04,65.48
P00196,2025-02-05,59.96
P00196,2025-02-06,51.06
P00196,2025-02-07,51.03
P00197,2025-02-01,69.26
P00197,2025-02-02,61.3
P00197,2025-02-03,56.77
P00197,2025-02-04,56.24
P00197,2025-02-05,53.43
P00197,2025-02-06,54.32
P00197,2025-02-07,54.93
P00198,2025-02-01,127.52
P00198,2025-02-02,110.23
P00198,2025-02-03,112.69
P00198,2025-02-04,96.74
P00198,2025-02-05,82.59
P00198,2025-02-06,85.42
P00198,2025-02-07,87.34
P00199,2025-02-01,137.28
P00199,2025-02-02,132.5
P00199,2025-02-03,127.82
P00199,2025-02-04,126.78
P00199,2025-02-05,118.35
P00199,2025-02-06,103.32
P00199,2025-02-07,88.25
P00200,2025-02-01,93.94
P00200,2025-02-02,85.95
P00200,2025-02-03,86.83
P00200,2025-02-04,84.54
P00200,2025-02-05,85.93
P00200,2025-02-06,88.85
P00200,2025-02-07,77.09
P00201,2025-02-01,79.47
P00201,2025-02-02,80.97
P00201,2025-02-03,72.76
P00201,2025-02-04,70.42
P00201,2025-02-05,67.24
P00201,2025-02-06,62.48
P00201,2025-02-07,56.99
P00202,2025-02-01,85.55
P00202,2025-02-02,78.53
P00202,2025-02-03,71.98
P00202,2025-02-04,63.6
P00202,2025-02-05,60.55
P00202,2025-02-06,52.85
P00202,2025-02-07,50.31
P00203,2025-02-01,203.58
P00203,2025-02-02,209.93
P00203,2025-02-03,193.11
P00203,2025-02-04,192.24
P00203,2025-02-05,194.89
P00203,2025-02-06,197.43
P00203,2025-02-07,177.14
P00204,2025-02-01,48.86
P00204,2025-02-02,42.96
P00204,2025-02-03,38.21
P00204,2025-02-04,37.08
P00204,2025-02-05,37.16
P00204,2025-02-06,36.46
P00204,2025-02-07,32.28
P00205,2025-02-01,92.71
P00205,2025-02-02,93.13
P00205,2025-02-03,88.36
P00205,2025-02-04,88.44
P00205,2025-02-05,88.61
P00205,2025-02-06,83.27
P00205,2025-02-07,86.17
P00206,2025-02-01,151.79
P00206,2025-02-02,146.16
P00206,2025-02-03,142.81
P00206,2025-02-04,139.23
P00206,2025-02-05,142.41
P00206,2025-02-06,138.91
P00206,2025-02-07,122.27
P00207,2025-02-01,194.21
P00207,2025-02-02,167.73
P00207,2025-02-03,157.4
P00207,2025-02-04,143.32
P00207,2025-02-05,129.7
P00207,2025-02-06,111.7
P00207,2025-02-07,106.28
P00208,2025-02-01,62.65
P00208,2025-02-02,57.14
P00208,2025-02-03,53.73
P00208,2025-02-04,46.28
P00208,2025-02-05,47.04
P00208,2025-02-06,40.71
P00208,2025-02-07,41.64
P00209,2025-02-01,20.72
P00209,2025-02-02,21.16
P00209,2025-02-03,20.59
P00209,2025-02-04,19.59
P00209,2025-02-05,18.46
P00209,2025-02-06,17.74
P00209,2025-02-07,17.89
P00210,2025-02-01,229.83
P00210,2025-02-02,236.54
P00210,2025-02-03,222.34
P00210,2025-02-04,225.0
P00210,2025-02-05,220.58
P00210,2025-02-06,201.68
P00210,2025-02-07,190.61
P00211,2025-02-01,117.69
P00211,2025-02-02,103.59
P00211,2025-02-03,89.33
P00211,2025-02-04,77.78
P00211,2025-02-05,80.1
P00211,2025-02-06,73.59
P00211,2025-02-07,73.06
P00212,2025-02-01,204.15
P00212,2025-02-02,194.13
P00212,2025-02-03,171.71
P00212,2025-02-04,154.46
P00212,2025-02-05,144.81
P00212,2025-02-06,135.82
P00212,2025-02-07,129.65
P00213,2025-02-01,85.72
P00213,2025-02-02,75.58
P00213,2025-02-03,69.88
P00213,2025-02-04,63.35
P00213,2025-02-05,59.03
P00213,2025-02-06,54.17
P00213,2025-02-07,52.52
P00214,2025-02-01,76.7
P00214,2025-02-02,77.3
P00214,2025-02-03,75.71
P00214,2025-02-04,65.35
P00214,2025-02-05,56.78
P00214,2025-02-06,55.97
P00214,2025-02-07,50.76
P00215,2025-02-01,91.88
P00215,2025-02-02,91.4
P00215,2025-02-03,89.69
P00215,2025-02-04,92.49
P00215,2025-02-05,94.77
P00215,2025-02-06,86.87
P00215,2025-02-07,83.96
P00216,2025-02-01,84.96
P00216,2025-02-02,74.62
P00216,2025-02-03,68.65
P00216,2025-02-04,71.64
P00216,2025-02-05,70.9
P00216,2025-02-06,65.82
P00216,2025-02-07,63.78
P00217,2025-02-01,227.23
P00217,2025-02-02,235.77
P00217,2025-02-03,215.0
P00217,2025-02-04,198.95
P00217,2025-02-05,200.61
P00217,2025-02-06,203.15
P00217,2025-02-07,199.9
P00218,2025-02-01,61.6
P00218,2025-02-02,62.57
P00218,2025-02-03,62.43
P00218,2025-02-04,61.62
P00218,2025-02-05,58.86
P00218,2025-02-06,57.64
P00218,2025-02-07,53.88
P00219,2025-02-01,98.39
P00219,2025-02-02,90.75
P00219,2025-02-03,83.72
P00219,2025-02-04,74.18
P00219,2025-02-05,66.23
P00219,2025-02-06,68.85
P00219,2025-02-07,65.22
P00220,2025-02-01,69.7
P00220,2025-02-02,62.4
P00220,2025-02-03,54.76
P00220,2025-02-04,47.39
P00220,2025-02-05,48.28
P00220,2025-02-06,42.01
P00220,2025-02-07,42.19
P00221,2025-02-01,54.88
P00221,2025-02-02,55.81
P00221,2025-02-03,57.3
P00221,2025-02-04,49.14
P00221,2025-02-05,45.08
P00221,2025-02-06,45.23
P00221,2025-02-07,39.63
P00222,2025-02-01,133.95
P00222,2025-02-02,123.95
P00222,2025-02-03,109.38
P00222,2025-02-04,111.16
P00222,2025-02-05,111.63
P00222,2025-02-06,112.95
P00222,2025-02-07,99.75
P00223,2025-02-01,95.12
P00223,2025-02-02,89.18
P00223,2025-02-03,83.13
P00223,2025-02-04,81.91
P00223,2025-02-05,73.51
P00223,2025-02-06,69.01
P00223,2025-02-07,62.59
P00224,2025-02-01,170.97
P00224,2025-02-02,170.92
P00224,2025-02-03,160.63
P00224,2025-02-04,153.69
P00224,2025-02-05,140.15
P00224,2025-02-06,141.79
P00224,2025-02-07,133.82
P00225,2025-02-01,79.34
P00225,2025-02-02,80.69
P00225,2025-02-03,74.52
P00225,2025-02-04,77.46
P00225,2025-02-05,81.09
P00225,2025-02-06,76.41
P00225,2025-02-07,69.25
P00226,2025-02-01,90.21
P00226,2025-02-02,83.57
P00226,2025-02-03,79.85
P00226,2025-02-04,83.3
P00226,2025-02-05,84.41
P00226,2025-02-06,85.28
P00226,2025-02-07,74.85
P00227,2025-02-01,81.05
P00227,2025-02-02,72.95
P00227,2025-02-03,71.36
P00227,2025-02-04,73.13
P00227,2025-02-05,70.27
P00227,2025-02-06,61.17
P00227,2025-02-07,62.34
P00228,2025-02-01,204.02
P00228,2025-02-02,208.15
P00228,2025-02-03,188.79
P00228,2025-02-04,189.29
P00228,2025-02-05,171.22
P00228,2025-02-06,176.54
P00228,2025-02-07,155.26
P00229,2025-02-01,176.95
P00229,2025-02-02,165.89
P00229,2025-02-03,172.41
P00229,2025-02-04,154.2
P00229,2025-02-05,144.98
P00229,2025-02-06,133.37
P00229,2025-02-07,114.08
P00230,2025-02-01,65.76
P00230,2025-02-02,56.6
P00230,2025-02-03,53.79
P00230,2025-02-04,48.26
P00230,2025-02-05,50.62
P00230,2025-02-06,46.82
P00230,2025-02-07,40.06
P00231,2025-02-01,115.8
P00231,2025-02-02,119.99
P00231,2025-02-03,122.13
P00231,2025-02-04,119.69
P00231,2025-02-05,120.68
P00231,2025-02-06,105.9
P00231,2025-02-07,96.09
P00232,2025-02-01,187.89
P00232,2025-02-02,190.89
P00232,2025-02-03,188.83
P00232,2025-02-04,165.75
P00232,2025-02-05,164.28
P00232,2025-02-06,154.38
P00232,2025-02-07,131.39
P00233,2025-02-01,262.31
P00233,2025-02-02,227.12
P00233,2025-02-03,204.68
P00233,2025-02-04,208.16
P00233,2025-02-05,199.78
P00233,2025-02-06,198.87
P00233,2025-02-07,190.03
P00234,2025-02-01,252.83
P00234,2025-02-02,220.53
P00234,2025-02-03,200.16
P00234,2025-02-04,182.19
P00234,2025-02-05,156.6
P00234,2025-02-06,146.26
P00234,2025-02-07,147.54
P00235,2025-02-01,183.68
P00235,2025-02-02,172.92
P00235,2025-02-03,150.82
P00235,2025-02-04,155.5
P00235,2025-02-05,150.73
P00235,2025-02-06,128.62
P00235,2025-02-07,122.58
P00236,2025-02-01,59.5
P00236,2025-02-02,53.45
P00236,2025-02-03,46.97
P00236,2025-02-04,43.96
P00236,2025-02-05,42.77
P00236,2025-02-06,38.41
P00236,2025-02-07,35.85
P00237,2025-02-01,208.44
P00237,2025-02-02,204.87
P00237,2025-02-03,177.65
P00237,2025-02-04,185.63
P00237,2025-02-05,160.3
P00237,2025-02-06,153.12
P00237,2025-02-07,145.69
P00238,2025-02-01,208.61
P00238,2025-02-02,218.55
P00238,2025-02-03,209.99
P00238,2025-02-04,194.89
P00238,2025-02-05,183.98
P00238,2025-02-06,179.77
P00238,2025-02-07,188.08
P00239,2025-02-01,176.25
P00239,2025-02-02,158.75
P00239,2025-02-03,135.45
P00239,2025-02-04,136.49
P00239,2025-02-05,125.43
P00239,2025-02-06,125.0
P00239,2025-02-07,121.96
P00240,2025-02-01,62.8
P00240,2025-02-02,63.07
P00240,2025-02-03,62.88
P00240,2025-02-04,57.63
P00240,2025-02-05,49.5
P00240,2025-02-06,47.48
P00240,2025-02-07,48.08
P00241,2025-02-01,235.63
P00241,2025-02-02,208.54
P00241,2025-02-03,209.76
P00241,2025-02-04,197.79
P00241,2025-02-05,195.63
P00241,2025-02-06,191.0
P00241,2025-02-07,193.35
P00242,2025-02-01,186.28
P00242,2025-02-02,160.69
P00242,2025-02-03,161.53
P00242,2025-02-04,152.09
P00242,2025-02-05,138.2
P00242,2025-02-06,118.68
P00242,2025-02-07,105.61
P00243,2025-02-01,93.23
P00243,2025-02-02,80.03
P00243,2025-02-03,82.97
P00243,2025-02-04,79.08
P00243,2025-02-05,82.86
P00243,2025-02-06,79.43
P00243,2025-02-07,71.54
P00244,2025-02-01,94.82
P00244,2025-02-02,94.88
P00244,2025-02-03,84.27
P00244,2025-02-04,77.65
P00244,2025-02-05,78.13
P00244,2025-02-06,79.94
P00244,2025-02-07,73.26
P00245,2025-02-01,71.14
P00245,2025-02-02,62.24
P00245,2025-02-03,57.49
P00245,2025-02-04,59.09
P00245,2025-02-05,59.01
P00245,2025-02-06,60.72
P00245,2025-02-07,56.31
P00246,2025-02-01,110.73
P00246,2025-02-02,115.68
P00246,2025-02-03,109.81
P00246,2025-02-04,104.27
P00246,2025-02-05,107.91
P00246,2025-02-06,102.93
P00246,2025-02-07,103.98
P00247,2025-02-01,220.99
P00247,2025-02-02,219.98
P00247,2025-02-03,190.46
P00247,2025-02-04,184.84
P00247,2025-02-05,187.51
P00247,2025-02-06,179.84
P00247,2025-02-07,164.42
P00248,2025-02-01,187.55
P00248,2025-02-02,162.42
P00248,2025-02-03,159.53
P00248,2025-02-04,145.38
P00248,2025-02-05,141.09
P00248,2025-02-06,131.95
P00248,2025-02-07,130.36
P00249,2025-02-01,99.66
P00249,2025-02-02,91.72
P00249,2025-02-03,78.74
P00249,2025-02-04,80.63
P00249,2025-02-05,74.22
P00249,2025-02-06,77.9
P00249,2025-02-07,70.49
P00250,2025-02-01,89.32
P00250,2025-02-02,93.43
P00250,2025-02-03,97.13
P00250,2025-02-04,84.02
P00250,2025-02-05,82.13
P00250,2025-02-06,75.78
P00250,2025-02-07,76.55
P00251,2025-02-01,151.71
P00251,2025-02-02,149.57
P00251,2025-02-03,155.64
P00251,2025-02-04,136.74
P00251,2025-02-05,132.84
P00251,2025-02-06,133.67
P00251,2025-02-07,114.55
P00252,2025-02-01,140.43
P00252,2025-02-02,121.25
P00252,2025-02-03,121.94
P00252,2025-02-04,112.58
P00252,2025-02-05,104.31
P00252,2025-02-06,100.5
P00252,2025-02-07,97.59
P00253,2025-02-01,53.82
P00253,2025-02-02,53.06
P00253,2025-02-03,55.17
P00253,2025-02-04,51.0
P00253,2025-02-05,51.13
P00253,2025-02-06,49.33
P00253,2025-02-07,47.15
P00254,2025-02-01,21.53
P00254,2025-02-02,20.01
P00254,2025-02-03,19.61
P00254,2025-02-04,17.65
P00254,2025-02-05,15.4
P00254,2025-02-06,15.36
P00254,2025-02-07,14.59
P00255,2025-02-01,168.53
P00255,2025-02-02,156.29
P00255,2025-02-03,150.4
P00255,2025-02-04,135.71
P00255,2025-02-05,122.42
P00255,2025-02-06,114.98
P00255,2025-02-07,120.65
P00256,2025-02-01,28.37
P00256,2025-02-02,25.73
P00256,2025-02-03,26.59
P00256,2025-02-04,25.21
P00256,2025-02-05,22.05
P00256,2025-02-06,22.5
P00256,2025-02-07,21.16
P00257,2025-02-01,225.94
P00257,2025-02-02,232.66
P00257,2025-02-03,218.47
P00257,2025-02-04,189.54
P00257,2025-02-05,186.96
P00257,2025-02-06,190.53
P00257,2025-02-07,174.13
P00258,2025-02-01,198.39
P00258,2025-02-02,182.42
P00258,2025-02-03,157.43
P00258,2025-02-04,150.89
P00258,2025-02-05,155.16
P00258,2025-02-06,158.31
P00258,2025-02-07,157.1
P00259,2025-02-01,222.32
P00259,2025-02-02,230.2
P00259,2025-02-03,225.03
P00259,2025-02-04,227.0
P00259,2025-02-05,216.05
P00259,2025-02-06,188.89
P00259,2025-02-07,168.15
P00260,2025-02-01,176.82
P00260,2025-02-02,155.21
P00260,2025-02-03,156.46
P00260,2025-02-04,133.81
P00260,2025-02-05,128.57
P00260,2025-02-06,118.77
P00260,2025-02-07,120.04
P00261,2025-02-01,235.64
P00261,2025-02-02,226.29
P00261,2025-02-03,220.04
P00261,2025-02-04,190.83
P00261,2025-02-05,174.01
P00261,2025-02-06,182.7
P00261,2025-02-07,181.56
P00262,2025-02-01,150.77
P00262,2025-02-02,144.01
P00262,2025-02-03,144.56
P00262,2025-02-04,146.68
P00262,2025-02-05,126.84
P00262,2025-02-06,132.48
P00262,2025-02-07,129.63
P00263,2025-02-01,105.14
P00263,2025-02-02,98.83
P00263,2025-02-03,97.45
P00263,2025-02-04,89.55
P00263,2025-02-05,91.84
P00263,2025-02-06,92.4
P00263,2025-02-07,90.36
P00264,2025-02-01,199.65
P00264,2025-02-02,176.97
P00264,2025-02-03,184.62
P00264,2025-02-04,172.9
P00264,2025-02-05,178.46
P00264,2025-02-06,153.67
P00264,2025-02-07,134.44
P00265,2025-02-01,209.81
P00265,2025-02-02,184.76
P00265,2025-02-03,163.13
P00265,2025-02-04,149.19
P00265,2025-02-05,147.98
P00265,2025-02-06,136.02
P00265,2025-02-07,141.21
P00266,2025-02-01,147.47
P00266,2025-02-02,151.74
P00266,2025-02-03,154.65
P00266,2025-02-04,139.2
P00266,2025-02-05,136.0
P00266,2025-02-06,130.58
P00266,2025-02-07,114.26
P00267,2025-02-01,80.57
P00267,2025-02-02,73.36
P00267,2025-02-03,70.18
P00267,2025-02-04,66.71
P00267,2025-02-05,58.95
P00267,2025-02-06,61.21
P00267,2025-02-07,53.92
P00268,2025-02-01,99.98
P00268,2025-02-02,98.16
P00268,2025-02-03,97.58
P00268,2025-02-04,94.75
P00268,2025-02-05,96.5
P00268,2025-02-06,92.9
P00268,2025-02-07,94.3
P00269,2025-02-01,23.25
P00269,2025-02-02,19.89
P00269,2025-02-03,17.09
P00269,2025-02-04,16.72
P00269,2025-02-05,16.14
P00269,2025-02-06,15.82
P00269,2025-02-07,15.87
P00270,2025-02-01,239.87
P00270,2025-02-02,223.87
P00270,2025-02-03,218.9
P00270,2025-02-04,207.87
P00270,2025-02-05,202.76
P00270,2025-02-06,184.09
P00270,2025-02-07,191.7
P00271,2025-02-01,47.64
P00271,2025-02-02,45.1
P00271,2025-02-03,45.59
P00271,2025-02-04,45.0
P00271,2025-02-05,40.93
P00271,2025-02-06,35.39
P00271,2025-02-07,30.51
P00272,2025-02-01,189.33
P00272,2025-02-02,177.58
P00272,2025-02-03,168.14
P00272,2025-02-04,149.78
P00272,2025-02-05,145.49
P00272,2025-02-06,132.76
P00272,2025-02-07,131.92
P00273,2025-02-01,215.38
P00273,2025-02-02,214.7
P00273,2025-02-03,219.46
P00273,2025-02-04,229.35
P00273,2025-02-05,200.95
P00273,2025-02-06,185.7
P00273,2025-02-07,178.7
P00274,2025-02-01,48.4
P00274,2025-02-02,44.23
P00274,2025-02-03,41.72
P00274,2025-02-04,37.69
P00274,2025-02-05,33.91
P00274,2025-02-06,29.48
P00274,2025-02-07,26.77
P00275,2025-02-01,183.14
P00275,2025-02-02,169.74
P00275,2025-02-03,165.17
P00275,2025-02-04,148.6
P00275,2025-02-05,152.03
P00275,2025-02-06,134.08
P00275,2025-02-07,122.75
P00276,2025-02-01,233.03
P00276,2025-02-02,225.0
P00276,2025-02-03,205.32
P00276,2025-02-04,205.86
P00276,2025-02-05,195.5
P00276,2025-02-06,186.3
P00276,2025-02-07,176.94
P00277,2025-02-01,75.22
P00277,2025-02-02,68.58
P00277,2025-02-03,58.61
P00277,2025-02-04,60.9
P00277,2025-02-05,57.92
P00277,2025-02-06,60.43
P00277,2025-02-07,53.97
P00278,2025-02-01,54.69
P00278,2025-02-02,50.35
P00278,2025-02-03,43.31
P00278,2025-02-04,41.1
P00278,2025-02-05,42.19
P00278,2025-02-06,41.38
P00278,2025-02-07,39.07
P00279,2025-02-01,240.13
P00279,2025-02-02,229.89
P00279,2025-02-03,234.36
P00279,2025-02-04,219.4
P00279,2025-02-05,225.21
P00279,2025-02-06,224.2
P00279,2025-02-07,224.82
P00280,2025-02-01,81.63
P00280,2025-02-02,75.36
P00280,2025-02-03,70.09
P00280,2025-02-04,67.57
P00280,2025-02-05,60.07
P00280,2025-02-06,57.71
P00280,2025-02-07,49.9
P00281,2025-02-01,36.87
P00281,2025-02-02,35.06
P00281,2025-02-03,35.16
P00281,2025-02-04,31.85
P00281,2025-02-05,33.37
P00281,2025-02-06,32.91
P00281,2025-02-07,28.76
P00282,2025-02-01,134.51
P00282,2025-02-02,140.57
P00282,2025-02-03,130.56
P00282,2025-02-04,131.73
P00282,2025-02-05,120.9
P00282,2025-02-06,125.47
P00282,2025-02-07,125.59
P00283,2025-02-01,233.89
P00283,2025-02-02,208.12
P00283,2025-02-03,198.09
P00283,2025-02-04,188.19
P00283,2025-02-05,161.67
P00283,2025-02-06,141.85
P00283,2025-02-07,130.02
P00284,2025-02-01,188.72
P00284,2025-02-02,178.29
P00284,2025-02-03,167.84
P00284,2025-02-04,163.01
P00284,2025-02-05,155.37
P00284,2025-02-06,142.26
P00284,2025-02-07,138.36
P00285,2025-02-01,216.61
P00285,2025-02-02,191.16
P00285,2025-02-03,200.36
P00285,2025-02-04,199.93
P00285,2025-02-05,181.91
P00285,2025-02-06,166.86
P00285,2025-02-07,169.47
P00286,2025-02-01,210.07
P00286,2025-02-02,200.93
P00286,2025-02-03,199.27
P00286,2025-02-04,181.33
P00286,2025-02-05,183.71
P00286,2025-02-06,169.69
P00286,2025-02-07,167.1
P00287,2025-02-01,111.03
P00287,2025-02-02,116.14
P00287,2025-02-03,112.28
P00287,2025-02-04,113.33
P00287,2025-02-05,112.77
P00287,2025-02-06,111.37
P00287,2025-02-07,95.26
P00288,2025-02-01,99.9
P00288,2025-02-02,94.4
P00288,2025-02-03,98.5
P00288,2025-02-04,99.15
P00288,2025-02-05,99.67
P00288,2025-02-06,96.23
P00288,2025-02-07,95.68
P00289,2025-02-01,165.4
P00289,2025-02-02,159.89
P00289,2025-02-03,141.36
P00289,2025-02-04,137.94
P00289,2025-02-05,134.35
P00289,2025-02-06,136.8
P00289,2025-02-07,120.32
P00290,2025-02-01,237.69
P00290,2025-02-02,234.4
P00290,2025-02-03,200.72
P00290,2025-02-04,208.68
P00290,2025-02-05,181.96
P00290,2025-02-06,155.36
P00290,2025-02-07,141.8
P00291,2025-02-01,138.41
P00291,2025-02-02,121.84
P00291,2025-02-03,120.39
P00291,2025-02-04,112.21
P00291,2025-02-05,112.77
P00291,2025-02-06,116.62
P00291,2025-02-07,119.48
P00292,2025-02-01,232.18
P00292,2025-02-02,231.52
P00292,2025-02-03,199.68
P00292,2025-02-04,175.24
P00292,2025-02-05,156.22
P00292,2025-02-06,142.94
P00292,2025-02-07,140.43
P00293,2025-02-01,232.43
P00293,2025-02-02,221.99
P00293,2025-02-03,202.62
P00293,2025-02-04,179.25
P00293,2025-02-05,185.06
P00293,2025-02-06,169.97
P00293,2025-02-07,156.52
P00294,2025-02-01,179.22
P00294,2025-02-02,180.01
P00294,2025-02-03,178.96
P00294,2025-02-04,175.14
P00294,2025-02-05,173.15
P00294,2025-02-06,168.3
P00294,2025-02-07,149.53
P00295,2025-02-01,22.18
P00295,2025-02-02,19.95
P00295,2025-02-03,19.18
P00295,2025-02-04,17.17
P00295,2025-02-05,17.94
P00295,2025-02-06,16.32
P00295,2025-02-07,14.82
P00296,2025-02-01,38.89
P00296,2025-02-02,34.67
P00296,2025-02-03,34.36
P00296,2025-02-04,31.38
P00296,2025-02-05,28.86
P00296,2025-02-06,29.92
P00296,2025-02-07,30.19
P00297,2025-02-01,124.63
P00297,2025-02-02,112.75
P00297,2025-02-03,98.59
P00297,2025-02-04,97.14
P00297,2025-02-05,89.95
P00297,2025-02-06,94.09
P00297,2025-02-07,95.38
P00298,2025-02-01,215.69
P00298,2025-02-02,224.52
P00298,2025-02-03,226.97
P00298,2025-02-04,206.11
P00298,2025-02-05,187.05
P00298,2025-02-06,185.71
P00298,2025-02-07,170.72
P00299,2025-02-01,122.94
P00299,2025-02-02,115.38
P00299,2025-02-03,103.99
P00299,2025-02-04,98.36
P00299,2025-02-05,87.58
P00299,2025-02-06,83.88
P00299,2025-02-07,86.95
P00300,2025-02-01,100.14
P00300,2025-02-02,99.06
P00300,2025-02-03,86.92
P00300,2025-02-04,84.58
P00300,2025-02-05,81.82
P00300,2025-02-06,73.51
P00300,2025-02-07,72.33
P00301,2025-02-01,29.48
P00301,2025-02-02,28.19
P00301,2025-02-03,27.56
P00301,2025-02-04,23.72
P00301,2025-02-05,22.12
P00301,2025-02-06,21.98
P00301,2025-02-07,19.12
P00302,2025-02-01,178.7
P00302,2025-02-02,179.44
P00302,2025-02-03,152.71
P00302,2025-02-04,146.61
P00302,2025-02-05,151.86
P00302,2025-02-06,141.44
P00302,2025-02-07,146.67
P00303,2025-02-01,198.74
P00303,2025-02-02,203.84
P00303,2025-02-03,192.73
P00303,2025-02-04,171.51
P00303,2025-02-05,178.85
P00303,2025-02-06,163.51
P00303,2025-02-07,160.11
P00304,2025-02-01,196.81
P00304,2025-02-02,203.03
P00304,2025-02-03,176.21
P00304,2025-02-04,170.01
P00304,2025-02-05,162.7
P00304,2025-02-06,161.83
P00304,2025-02-07,167.87
P00305,2025-02-01,132.72
P00305,2025-02-02,137.05
P00305,2025-02-03,121.29
P00305,2025-02-04,124.5
P00305,2025-02-05,110.2
P00305,2025-02-06,113.94
P00305,2025-02-07,119.57
P00306,2025-02-01,235.37
P00306,2025-02-02,218.75
P00306,2025-02-03,207.61
P00306,2025-02-04,215.36
P00306,2025-02-05,224.5
P00306,2025-02-06,232.4
P00306,2025-02-07,238.29
P00307,2025-02-01,137.12
P00307,2025-02-02,116.81
P00307,2025-02-03,112.56
P00307,2025-02-04,98.09
P00307,2025-02-05,102.66
P00307,2025-02-06,93.1
P00307,2025-02-07,97.55
P00308,2025-02-01,217.87
P00308,2025-02-02,208.86
P00308,2025-02-03,198.16
P00308,2025-02-04,205.63
P00308,2025-02-05,209.79
P00308,2025-02-06,197.96
P00308,2025-02-07,175.9
P00309,2025-02-01,171.54
P00309,2025-02-02,149.67
P00309,2025-02-03,132.08
P00309,2025-02-04,124.39
P00309,2025-02-05,112.13
P00309,2025-02-06,99.49
P00309,2025-02-07,99.22
P00310,2025-02-01,45.71
P00310,2025-02-02,46.08
P00310,2025-02-03,44.4
P00310,2025-02-04,44.46
P00310,2025-02-05,39.35
P00310,2025-02-06,40.19
P00310,2025-02-07,41.37
P00311,2025-02-01,42.48
P00311,2025-02-02,43.13
P00311,2025-02-03,41.11
P00311,2025-02-04,35.66
P00311,2025-02-05,35.08
P00311,2025-02-06,31.11
P00311,2025-02-07,27.32
P00312,2025-02-01,116.21
P00312,2025-02-02,106.3
P00312,2025-02-03,95.63
P00312,2025-02-04,86.27
P00312,2025-02-05,77.39
P00312,2025-02-06,77.45
P00312,2025-02-07,80.61
P00313,2025-02-01,96.79
P00313,2025-02-02,88.12
P00313,2025-02-03,87.64
P00313,2025-02-04,74.69
P00313,2025-02-05,73.25
P00313,2025-02-06,72.41
P00313,2025-02-07,62.45
P00314,2025-02-01,198.62
P00314,2025-02-02,173.52
P00314,2025-02-03,158.14
P00314,2025-02-04,147.24
P00314,2025-02-05,139.95
P00314,2025-02-06,144.01
P00314,2025-02-07,142.67
P00315,2025-02-01,80.34
P00315,2025-02-02,73.29
P00315,2025-02-03,64.02
P00315,2025-02-04,66.15
P00315,2025-02-05,60.13
P00315,2025-02-06,58.5
P00315,2025-02-07,52.29
P00316,2025-02-01,141.86
P00316,2025-02-02,124.37
P00316,2025-02-03,109.52
P00316,2025-02-04,109.47
P00316,2025-02-05,106.31
P00316,2025-02-06,99.21
P00316,2025-02-07,95.23
P00317,2025-02-01,105.5
P00317,2025-02-02,99.61
P00317,2025-02-03,95.38
P00317,2025-02-04,93.74
P00317,2025-02-05,83.77
P00317,2025-02-06,75.35
P00317,2025-02-07,75.42
P00318,2025-02-01,223.66
P00318,2025-02-02,229.17
P00318,2025-02-03,198.55
P00318,2025-02-04,186.51
P00318,2025-02-05,184.79
P00318,2025-02-06,159.96
P00318,2025-02-07,154.01
P00319,2025-02-01,20.57
P00319,2025-02-02,17.74
P00319,2025-02-03,17.02
P00319,2025-02-04,16.19
P00319,2025-02-05,15.62
P00319,2025-02-06,13.75
P00319,2025-02-07,12.59
P00320,2025-02-01,171.28
P00320,2025-02-02,163.41
P00320,2025-02-03,142.7
P00320,2025-02-04,127.16
P00320,2025-02-05,122.92
P00320,2025-02-06,106.72
P00320,2025-02-07,101.61
P00321,2025-02-01,53.05
P00321,2025-02-02,53.67
P00321,2025-02-03,50.49
P00321,2025-02-04,48.1
P00321,2025-02-05,45.28
P00321,2025-02-06,39.01
P00321,2025-02-07,36.77
P00322,2025-02-01,38.95
P00322,2025-02-02,39.39
P00322,2025-02-03,39.18
P00322,2025-02-04,36.41
P00322,2025-02-05,36.89
P00322,2025-02-06,36.86
P00322,2025-02-07,35.59
P00323,2025-02-01,67.56
P00323,2025-02-02,58.04
P00323,2025-02-03,53.33
P00323,2025-02-04,46.01
P00323,2025-02-05,48.26
P00323,2025-02-06,50.04
P00323,2025-02-07,43.22
P00324,2025-02-01,233.74
P00324,2025-02-02,242.33
P00324,2025-02-03,207.52
P00324,2025-02-04,193.36
P00324,2025-02-05,194.09
P00324,2025-02-06,194.7
P00324,2025-02-07,203.59
P00325,2025-02-01,167.39
P00325,2025-02-02,163.9
P00325,2025-02-03,153.09
P00325,2025-02-04,160.53
P00325,2025-02-05,148.73
P00325,2025-02-06,152.29
P00325,2025-02-07,157.06
P00326,2025-02-01,209.62
P00326,2025-02-02,193.93
P00326,2025-02-03,191.32
P00326,2025-02-04,187.94
P00326,2025-02-05,180.02
P00326,2025-02-06,176.55
P00326,2025-02-07,162.35
P00327,2025-02-01,28.09
P00327,2025-02-02,24.88
P00327,2025-02-03,23.82
P00327,2025-02-04,22.77
P00327,2025-02-05,22.67
P00327,2025-02-06,20.28
P00327,2025-02-07,17.25
P00328,2025-02-01,67.73
P00328,2025-02-02,57.88
P00328,2025-02-03,52.65
P00328,2025-02-04,51.84
P00328,2025-02-05,49.71
P00328,2025-02-06,47.54
P00328,2025-02-07,48.24
P00329,2025-02-01,68.23
P00329,2025-02-02,61.37
P00329,2025-02-03,56.41
P00329,2025-02-04,51.06
P00329,2025-02-05,52.97
P00329,2025-02-06,52.71
P00329,2025-02-07,45.99
P00330,2025-02-01,39.44
P00330,2025-02-02,39.91
P00330,2025-02-03,37.27
P00330,2025-02-04,37.39
P00330,2025-02-05,38.39
P00330,2025-02-06,32.75
P00330,2025-02-07,29.19
P00331,2025-02-01,115.98
P00331,2025-02-02,100.92
P00331,2025-02-03,86.46
P00331,2025-02-04,83.83
P00331,2025-02-05,83.05
P00331,2025-02-06,71.4
P00331,2025-02-07,71.26
P00332,2025-02-01,173.32
P00332,2025-02-02,161.27
P00332,2025-02-03,144.64
P00332,2025-02-04,129.23
P00332,2025-02-05,132.17
P00332,2025-02-06,113.84
P00332,2025-02-07,108.24
P00333,2025-02-01,139.27
P00333,2025-02-02,126.44
P00333,2025-02-03,128.1
P00333,2025-02-04,127.63
P00333,2025-02-05,116.63
P00333,2025-02-06,113.08
P00333,2025-02-07,111.33
P00334,2025-02-01,146.16
P00334,2025-02-02,133.61
P00334,2025-02-03,121.63
P00334,2025-02-04,106.87
P00334,2025-02-05,104.95
P00334,2025-02-06,93.85
P00334,2025-02-07,85.41
P00335,2025-02-01,114.51
P00335,2025-02-02,98.73
P00335,2025-02-03,102.65
P00335,2025-02-04,105.31
P00335,2025-02-05,108.71
P00335,2025-02-06,106.01
P00335,2025-02-07,99.17
P00336,2025-02-01,212.21
P00336,2025-02-02,201.41
P00336,2025-02-03,210.36
P00336,2025-02-04,218.42
P00336,2025-02-05,214.98
P00336,2025-02-06,216.52
P00336,2025-02-07,197.84
P00337,2025-02-01,193.16
P00337,2025-02-02,180.27
P00337,2025-02-03,158.61
P00337,2025-02-04,146.76
P00337,2025-02-05,146.89
P00337,2025-02-06,138.77
P00337,2025-02-07,141.53
P00338,2025-02-01,200.07
P00338,2025-02-02,182.09
P00338,2025-02-03,180.55
P00338,2025-02-04,182.56
P00338,2025-02-05,188.58
P00338,2025-02-06,181.5
P00338,2025-02-07,189.41
P00339,2025-02-01,174.57
P00339,2025-02-02,167.84
P00339,2025-02-03,147.17
P00339,2025-02-04,132.24
P00339,2025-02-05,117.78
P00339,2025-02-06,115.35
P00339,2025-02-07,119.32
P00340,2025-02-01,96.63
P00340,2025-02-02,98.51
P00340,2025-02-03,85.56
P00340,2025-02-04,85.13
P00340,2025-02-05,75.6
P00340,2025-02-06,68.32
P00340,2025-02-07,67.28
P00341,2025-02-01,49.82
P00341,2025-02-02,48.35
P00341,2025-02-03,49.55
P00341,2025-02-04,43.98
P00341,2025-02-05,44.08
P00341,2025-02-06,43.85
P00341,2025-02-07,42.17
P00342,2025-02-01,171.01
P00342,2025-02-02,161.75
P00342,2025-02-03,165.61
P00342,2025-02-04,151.8
P00342,2025-02-05,158.09
P00342,2025-02-06,134.86
P00342,2025-02-07,139.91
P00343,2025-02-01,202.02
P00343,2025-02-02,210.59
P00343,2025-02-03,183.94
P00343,2025-02-04,193.12
P00343,2025-02-05,182.65
P00343,2025-02-06,164.11
P00343,2025-02-07,159.33
P00344,2025-02-01,190.16
P00344,2025-02-02,169.41
P00344,2025-02-03,175.0
P00344,2025-02-04,168.07
P00344,2025-02-05,168.93
P00344,2025-02-06,156.45
P00344,2025-02-07,149.68
P00345,2025-02-01,218.3
P00345,2025-02-02,201.24
P00345,2025-02-03,181.58
P00345,2025-02-04,172.97
P00345,2025-02-05,164.23
P00345,2025-02-06,142.83
P00345,2025-02-07,149.44
P00346,2025-02-01,38.27
P00346,2025-02-02,36.12
P00346,2025-02-03,36.77
P00346,2025-02-04,37.98
P00346,2025-02-05,35.1
P00346,2025-02-06,32.74
P00346,2025-02-07,31.51
P00347,2025-02-01,22.24
P00347,2025-02-02,19.89
P00347,2025-02-03,17.49
P00347,2025-02-04,15.78
P00347,2025-02-05,16.36
P00347,2025-02-06,15.8
P00347,2025-02-07,14.75
P00348,2025-02-01,74.07
P00348,2025-02-02,65.22
P00348,2025-02-03,59.74
P00348,2025-02-04,55.32
P00348,2025-02-05,56.24
P00348,2025-02-06,53.42
P00348,2025-02-07,52.4
P00349,2025-02-01,210.2
P00349,2025-02-02,207.46
P00349,2025-02-03,187.02
P00349,2025-02-04,189.7
P00349,2025-02-05,197.91
P00349,2025-02-06,193.62
P00349,2025-02-07,183.57
P00350,2025-02-01,43.07
P00350,2025-02-02,38.06
P00350,2025-02-03,38.4
P00350,2025-02-04,33.94
P00350,2025-02-05,33.74
P00350,2025-02-06,31.97
P00350,2025-02-07,33.04
P00351,2025-02-01,192.22
P00351,2025-02-02,184.23
P00351,2025-02-03,180.24
P00351,2025-02-04,155.32
P00351,2025-02-05,133.07
P00351,2025-02-06,135.64
P00351,2025-02-07,140.94
P00352,2025-02-01,219.85
P00352,2025-02-02,216.25
P00352,2025-02-03,216.87
P00352,2025-02-04,202.23
P00352,2025-02-05,205.97
P00352,2025-02-06,184.61
P00352,2025-02-07,183.03
P00353,2025-02-01,24.24
P00353,2025-02-02,20.65
P00353,2025-02-03,19.64
P00353,2025-02-04,18.16
P00353,2025-02-05,17.68
P00353,2025-02-06,17.39
P00353,2025-02-07,16.93
P00354,2025-02-01,86.48
P00354,2025-02-02,81.87
P00354,2025-02-03,77.58
P00354,2025-02-04,66.05
P00354,2025-02-05,63.43
P00354,2025-02-06,54.07
P00354,2025-02-07,51.68
P00355,2025-02-01,239.26
P00355,2025-02-02,216.52
P00355,2025-02-03,226.37
P00355,2025-02-04,193.19
P00355,2025-02-05,195.63
P00355,2025-02-06,192.66
P00355,2025-02-07,194.82
P00356,2025-02-01,215.3
P00356,2025-02-02,222.18
P00356,2025-02-03,193.61
P00356,2025-02-04,168.3
P00356,2025-02-05,148.07
P00356,2025-02-06,131.54
P00356,2025-02-07,125.66
P00357,2025-02-01,74.24
P00357,2025-02-02,75.21
P00357,2025-02-03,67.95
P00357,2025-02-04,63.15
P00357,2025-02-05,58.39
P00357,2025-02-06,54.37
P00357,2025-02-07,52.36
P00358,2025-02-01,240.78
P00358,2025-02-02,252.35
P00358,2025-02-03,225.9
P00358,2025-02-04,222.92
P00358,2025-02-05,227.28
P00358,2025-02-06,222.9
P00358,2025-02-07,227.72
P00359,2025-02-01,162.4
P00359,2025-02-02,162.71
P00359,2025-02-03,141.35
P00359,2025-02-04,130.87
P00359,2025-02-05,125.71
P00359,2025-02-06,108.26
P00359,2025-02-07,92.23
P00360,2025-02-01,219.82
P00360,2025-02-02,194.38
P00360,2025-02-03,184.66
P00360,2025-02-04,172.99
P00360,2025-02-05,174.18
P00360,2025-02-06,167.77
P00360,2025-02-07,171.39
P00361,2025-02-01,209.36
P00361,2025-02-02,181.95
P00361,2025-02-03,173.88
P00361,2025-02-04,149.28
P00361,2025-02-05,133.2
P00361,2025-02-06,136.35
P00361,2025-02-07,140.1
P00362,2025-02-01,109.92
P00362,2025-02-02,103.89
P00362,2025-02-03,89.27
P00362,2025-02-04,77.21
P00362,2025-02-05,79.92
P00362,2025-02-06,82.31
P00362,2025-02-07,79.24
P00363,2025-02-01,85.68
P00363,2025-02-02,73.39
P00363,2025-02-03,76.01
P00363,2025-02-04,69.39
P00363,2025-02-05,72.32
P00363,2025-02-06,69.96
P00363,2025-02-07,69.99
P00364,2025-02-01,250.89
P00364,2025-02-02,249.02
P00364,2025-02-03,231.5
P00364,2025-02-04,200.34
P00364,2025-02-05,176.8
P00364,2025-02-06,158.78
P00364,2025-02-07,161.47
P00365,2025-02-01,113.11
P00365,2025-02-02,104.95
P00365,2025-02-03,108.03
P00365,2025-02-04,98.99
P00365,2025-02-05,99.1
P00365,2025-02-06,87.01
P00365,2025-02-07,91.16
P00366,2025-02-01,77.97
P00366,2025-02-02,77.57
P00366,2025-02-03,73.7
P00366,2025-02-04,77.01
P00366,2025-02-05,66.29
P00366,2025-02-06,62.14
P00366,2025-02-07,63.24
P00367,2025-02-01,103.35
P00367,2025-02-02,94.89
P00367,2025-02-03,95.25
P00367,2025-02-04,99.15
P00367,2025-02-05,92.14
P00367,2025-02-06,92.57
P00367,2025-02-07,79.23
P00368,2025-02-01,46.13
P00368,2025-02-02,41.73
P00368,2025-02-03,43.75
P00368,2025-02-04,41.48
P00368,2025-02-05,38.21
P00368,2025-02-06,39.67
P00368,2025-02-07,37.15
P00369,2025-02-01,108.49
P00369,2025-02-02,106.96
P00369,2025-02-03,105.05
P00369,2025-02-04,91.09
P00369,2025-02-05,88.7
P00369,2025-02-06,89.55
P00369,2025-02-07,88.89
P00370,2025-02-01,218.0
P00370,2025-02-02,188.88
P00370,2025-02-03,166.37
P00370,2025-02-04,165.09
P00370,2025-02-05,161.26
P00370,2025-02-06,160.93
P00370,2025-02-07,146.98
P00371,2025-02-01,64.69
P00371,2025-02-02,56.37
P00371,2025-02-03,47.97
P00371,2025-02-04,43.73
P00371,2025-02-05,40.32
P00371,2025-02-06,36.45
P00371,2025-02-07,31.95
P00372,2025-02-01,119.86
P00372,2025-02-02,106.37
P00372,2025-02-03,99.96
P00372,2025-02-04,96.06
P00372,2025-02-05,89.49
P00372,2025-02-06,76.54
P00372,2025-02-07,70.48
P00373,2025-02-01,202.51
P00373,2025-02-02,175.9
P00373,2025-02-03,170.55
P00373,2025-02-04,156.03
P00373,2025-02-05,144.65
P00373,2025-02-06,131.4
P00373,2025-02-07,121.88
P00374,2025-02-01,156.23
P00374,2025-02-02,135.44
P00374,2025-02-03,139.53
P00374,2025-02-04,143.86
P00374,2025-02-05,150.42
P00374,2025-02-06,145.06
P00374,2025-02-07,128.22
P00375,2025-02-01,135.14
P00375,2025-02-02,125.16
P00375,2025-02-03,109.86
P00375,2025-02-04,100.0
P00375,2025-02-05,94.86
P00375,2025-02-06,81.83
P00375,2025-02-07,76.67
P00376,2025-02-01,238.74
P00376,2025-02-02,223.04
P00376,2025-02-03,211.18
P00376,2025-02-04,182.75
P00376,2025-02-05,164.54
P00376,2025-02-06,147.97
P00376,2025-02-07,144.27
P00377,2025-02-01,175.32
P00377,2025-02-02,169.84
P00377,2025-02-03,151.01
P00377,2025-02-04,131.59
P00377,2025-02-05,119.87
P00377,2025-02-06,124.64
P00377,2025-02-07,114.23
P00378,2025-02-01,112.32
P00378,2025-02-02,109.4
P00378,2025-02-03,110.58
P00378,2025-02-04,101.28
P00378,2025-02-05,92.87
P00378,2025-02-06,94.09
P00378,2025-02-07,96.15
P00379,2025-02-01,208.15
P00379,2025-02-02,217.48
P00379,2025-02-03,190.78
P00379,2025-02-04,174.4
P00379,2025-02-05,181.28
P00379,2025-02-06,161.37
P00379,2025-02-07,147.3
P00380,2025-02-01,200.26
P00380,2025-02-02,208.85
P00380,2025-02-03,217.99
P00380,2025-02-04,198.0
P00380,2025-02-05,195.82
P00380,2025-02-06,185.68
P00380,2025-02-07,179.21
P00381,2025-02-01,232.8
P00381,2025-02-02,209.17
P00381,2025-02-03,193.53
P00381,2025-02-04,196.1
P00381,2025-02-05,182.1
P00381,2025-02-06,158.93
P00381,2025-02-07,153.01
P00382,2025-02-01,120.41
P00382,2025-02-02,116.61
P00382,2025-02-03,111.84
P00382,2025-02-04,110.31
P00382,2025-02-05,105.9
P00382,2025-02-06,110.2
P00382,2025-02-07,103.84
P00383,2025-02-01,18.78
P00383,2025-02-02,18.62
P00383,2025-02-03,17.46
P00383,2025-02-04,15.86
P00383,2025-02-05,15.68
P00383,2025-02-06,15.9
P00383,2025-02-07,16.05
P00384,2025-02-01,39.72
P00384,2025-02-02,37.01
P00384,2025-02-03,35.15
P00384,2025-02-04,34.33
P00384,2025-02-05,30.84
P00384,2025-02-06,30.28
P00384,2025-02-07,30.07
P00385,2025-02-01,95.46
P00385,2025-02-02,96.21
P00385,2025-02-03,83.2
P00385,2025-02-04,87.21
P00385,2025-02-05,82.49
P00385,2025-02-06,76.73
P00385,2025-02-07,72.99
P00386,2025-02-01,253.9
P00386,2025-02-02,262.55
P00386,2025-02-03,259.49
P00386,2025-02-04,248.78
P00386,2025-02-05,250.81
P00386,2025-02-06,231.22
P00386,2025-02-07,237.95
P00387,2025-02-01,179.8
P00387,2025-02-02,172.14
P00387,2025-02-03,168.29
P00387,2025-02-04,145.91
P00387,2025-02-05,146.46
P00387,2025-02-06,143.75
P00387,2025-02-07,132.39
P00388,2025-02-01,191.68
P00388,2025-02-02,187.73
P00388,2025-02-03,161.23
P00388,2025-02-04,168.76
P00388,2025-02-05,166.31
P00388,2025-02-06,154.66
P00388,2025-02-07,154.74
P00389,2025-02-01,144.82
P00389,2025-02-02,151.07
P00389,2025-02-03,141.42
P00389,2025-02-04,120.51
P00389,2025-02-05,108.67
P00389,2025-02-06,103.47
P00389,2025-02-07,98.69
P00390,2025-02-01,153.82
P00390,2025-02-02,148.61
P00390,2025-02-03,143.42
P00390,2025-02-04,134.69
P00390,2025-02-05,125.02
P00390,2025-02-06,125.58
P00390,2025-02-07,121.53
P00391,2025-02-01,91.94
P00391,2025-02-02,87.35
P00391,2025-02-03,80.27
P00391,2025-02-04,68.62
P00391,2025-02-05,59.76
P00391,2025-02-06,55.77
P00391,2025-02-07,58.13
P00392,2025-02-01,210.56
P00392,2025-02-02,183.86
P00392,2025-02-03,190.87
P00392,2025-02-04,167.65
P00392,2025-02-05,152.96
P00392,2025-02-06,143.95
P00392,2025-02-07,128.31
P00393,2025-02-01,116.13
P00393,2025-02-02,109.93
P00393,2025-02-03,103.91
P00393,2025-02-04,97.43
P00393,2025-02-05,96.39
P00393,2025-02-06,88.08
P00393,2025-02-07,80.16
P00394,2025-02-01,238.23
P00394,2025-02-02,241.1
P00394,2025-02-03,210.48
P00394,2025-02-04,214.66
P00394,2025-02-05,210.28
P00394,2025-02-06,207.22
P00394,2025-02-07,182.95
P00395,2025-02-01,86.95
P00395,2025-02-02,91.02
P00395,2025-02-03,81.81
P00395,2025-02-04,72.39
P00395,2025-02-05,63.85
P00395,2025-02-06,61.42
P00395,2025-02-07,63.98
P00396,2025-02-01,126.55
P00396,2025-02-02,113.44
P00396,2025-02-03,105.61
P00396,2025-02-04,93.66
P00396,2025-02-05,91.61
P00396,2025-02-06,85.79
P00396,2025-02-07,73.42
P00397,2025-02-01,170.69
P00397,2025-02-02,166.05
P00397,2025-02-03,147.7
P00397,2025-02-04,143.04
P00397,2025-02-05,132.71
P00397,2025-02-06,131.51
P00397,2025-02-07,117.2
P00398,2025-02-01,81.19
P00398,2025-02-02,81.23
P00398,2025-02-03,82.18
P00398,2025-02-04,70.88
P00398,2025-02-05,61.69
P00398,2025-02-06,63.19
P00398,2025-02-07,56.07
P00399,2025-02-01,123.86
P00399,2025-02-02,113.36
P00399,2025-02-03,106.73
P00399,2025-02-04,96.32
P00399,2025-02-05,98.49
P00399,2025-02-06,94.11
P00399,2025-02-07,92.02
P00400,2025-02-01,16.58
P00400,2025-02-02,16.07
P00400,2025-02-03,15.62
P00400,2025-02-04,15.11
P00400,2025-02-05,13.89
P00400,2025-02-06,14.16
P00400,2025-02-07,13.78
P00401,2025-02-01,120.37
P00401,2025-02-02,121.9
P00401,2025-02-03,120.83
P00401,2025-02-04,109.89
P00401,2025-02-05,106.91
P00401,2025-02-06,92.69
P00401,2025-02-07,81.27
P00402,2025-02-01,198.48
P00402,2025-02-02,173.39
P00402,2025-02-03,157.97
P00402,2025-02-04,140.06
P00402,2025-02-05,138.48
P00402,2025-02-06,131.86
P00402,2025-02-07,123.11
P00403,2025-02-01,44.2
P00403,2025-02-02,38.79
P00403,2025-02-03,35.95
P00403,2025-02-04,31.89
P00403,2025-02-05,31.16
P00403,2025-02-06,30.81
P00403,2025-02-07,30.16
P00404,2025-02-01,156.9
P00404,2025-02-02,164.74
P00404,2025-02-03,158.31
P00404,2025-02-04,150.07
P00404,2025-02-05,131.77
P00404,2025-02-06,120.29
P00404,2025-02-07,113.1
P00405,2025-02-01,201.2
P00405,2025-02-02,173.18
P00405,2025-02-03,159.64
P00405,2025-02-04,136.0
P00405,2025-02-05,119.31
P00405,2025-02-06,120.87
P00405,2025-02-07,126.04
P00406,2025-02-01,163.62
P00406,2025-02-02,155.62
P00406,2025-02-03,147.68
P00406,2025-02-04,145.75
P00406,2025-02-05,136.0
P00406,2025-02-06,138.45
P00406,2025-02-07,131.21
P00407,2025-02-01,180.43
P00407,2025-02-02,156.35
P00407,2025-02-03,133.86
P00407,2025-02-04,134.16
P00407,2025-02-05,121.87
P00407,2025-02-06,110.29
P00407,2025-02-07,105.61
P00408,2025-02-01,164.15
P00408,2025-02-02,145.05
P00408,2025-02-03,136.56
P00408,2025-02-04,136.36
P00408,2025-02-05,136.79
P00408,2025-02-06,131.31
P00408,2025-02-07,114.59
P00409,2025-02-01,142.58
P00409,2025-02-02,124.45
P00409,2025-02-03,125.08
P00409,2025-02-04,126.91
P00409,2025-02-05,117.19
P00409,2025-02-06,118.89
P00409,2025-02-07,102.05
P00410,2025-02-01,136.97
P00410,2025-02-02,136.12
P00410,2025-02-03,130.58
P00410,2025-02-04,136.84
P00410,2025-02-05,119.12
P00410,2025-02-06,121.03
P00410,2025-02-07,121.06
P00411,2025-02-01,127.65
P00411,2025-02-02,116.1
P00411,2025-02-03,121.89
P00411,2025-02-04,114.57
P00411,2025-02-05,105.37
P00411,2025-02-06,106.78
P00411,2025-02-07,100.14
P00412,2025-02-01,144.72
P00412,2025-02-02,151.78
P00412,2025-02-03,152.56
P00412,2025-02-04,136.91
P00412,2025-02-05,138.57
P00412,2025-02-06,134.08
P00412,2025-02-07,123.37
P00413,2025-02-01,38.03
P00413,2025-02-02,37.73
P00413,2025-02-03,36.85
P00413,2025-02-04,32.55
P00413,2025-02-05,28.57
P00413,2025-02-06,25.47
P00413,2025-02-07,22.7
P00414,2025-02-01,219.41
P00414,2025-02-02,189.1
P00414,2025-02-03,174.0
P00414,2025-02-04,157.68
P00414,2025-02-05,151.02
P00414,2025-02-06,138.14
P00414,2025-02-07,136.87
P00415,2025-02-01,189.72
P00415,2025-02-02,172.24
P00415,2025-02-03,155.61
P00415,2025-02-04,158.97
P00415,2025-02-05,166.46
P00415,2025-02-06,164.11
P00415,2025-02-07,142.62
P00416,2025-02-01,181.69
P00416,2025-02-02,189.42
P00416,2025-02-03,190.77
P00416,2025-02-04,197.21
P00416,2025-02-05,206.77
P00416,2025-02-06,211.61
P00416,2025-02-07,185.24
P00417,2025-02-01,55.78
P00417,2025-02-02,57.07
P00417,2025-02-03,51.36
P00417,2025-02-04,50.96
P00417,2025-02-05,51.76
P00417,2025-02-06,51.88
P00417,2025-02-07,51.11
P00418,2025-02-01,30.46
P00418,2025-02-02,28.87
P00418,2025-02-03,27.87
P00418,2025-02-04,25.19
P00418,2025-02-05,23.5
P00418,2025-02-06,22.1
P00418,2025-02-07,21.59
P00419,2025-02-01,164.17
P00419,2025-02-02,168.44
P00419,2025-02-03,146.31
P00419,2025-02-04,139.45
P00419,2025-02-05,126.29
P00419,2025-02-06,131.0
P00419,2025-02-07,121.02
P00420,2025-02-01,126.25
P00420,2025-02-02,131.31
P00420,2025-02-03,120.21
P00420,2025-02-04,102.24
P00420,2025-02-05,102.73
P00420,2025-02-06,102.38
P00420,2025-02-07,101.99
P00421,2025-02-01,154.27
P00421,2025-02-02,145.27
P00421,2025-02-03,142.78
P00421,2025-02-04,131.59
P00421,2025-02-05,113.52
P00421,2025-02-06,108.63
P00421,2025-02-07,97.07
P00422,2025-02-01,238.99
P00422,2025-02-02,223.68
P00422,2025-02-03,199.61
P00422,2025-02-04,180.39
P00422,2025-02-05,183.22
P00422,2025-02-06,168.11
P00422,2025-02-07,162.32
P00423,2025-02-01,40.65
P00423,2025-02-02,39.16
P00423,2025-02-03,37.09
P00423,2025-02-04,34.08
P00423,2025-02-05,33.62
P00423,2025-02-06,28.9
P00423,2025-02-07,25.14
P00424,2025-02-01,11.86
P00424,2025-02-02,11.94
P00424,2025-02-03,11.25
P00424,2025-02-04,9.84
P00424,2025-02-05,10.05
P00424,2025-02-06,9.43
P00424,2025-02-07,8.02
P00425,2025-02-01,96.47
P00425,2025-02-02,100.48
P00425,2025-02-03,89.47
P00425,2025-02-04,88.37
P00425,2025-02-05,77.45
P00425,2025-02-06,75.9
P00425,2025-02-07,66.93
P00426,2025-02-01,104.42
P00426,2025-02-02,108.24
P00426,2025-02-03,97.94
P00426,2025-02-04,96.07
P00426,2025-02-05,86.47
P00426,2025-02-06,79.93
P00426,2025-02-07,82.39
P00427,2025-02-01,146.19
P00427,2025-02-02,129.1
P00427,2025-02-03,119.97
P00427,2025-02-04,109.3
P00427,2025-02-05,108.19
P00427,2025-02-06,97.03
P00427,2025-02-07,95.2
P00428,2025-02-01,47.35
P00428,2025-02-02,46.91
P00428,2025-02-03,39.88
P00428,2025-02-04,37.7
P00428,2025-02-05,33.05
P00428,2025-02-06,29.59
P00428,2025-02-07,29.18
P00429,2025-02-01,43.61
P00429,2025-02-02,37.15
P00429,2025-02-03,36.75
P00429,2025-02-04,37.24
P00429,2025-02-05,39.01
P00429,2025-02-06,36.45
P00429,2025-02-07,31.95
P00430,2025-02-01,137.83
P00430,2025-02-02,119.11
P00430,2025-02-03,110.37
P00430,2025-02-04,109.95
P00430,2025-02-05,95.71
P00430,2025-02-06,87.35
P00430,2025-02-07,89.64
P00431,2025-02-01,176.05
P00431,2025-02-02,154.47
P00431,2025-02-03,155.19
P00431,2025-02-04,155.29
P00431,2025-02-05,136.13
P00431,2025-02-06,142.74
P00431,2025-02-07,125.41
P00432,2025-02-01,120.57
P00432,2025-02-02,115.28
P00432,2025-02-03,98.18
P00432,2025-02-04,96.22
P00432,2025-02-05,90.26
P00432,2025-02-06,89.76
P00432,2025-02-07,87.57
P00433,2025-02-01,121.0
P00433,2025-02-02,106.51
P00433,2025-02-03,99.3
P00433,2025-02-04,98.04
P00433,2025-02-05,100.2
P00433,2025-02-06,86.91
P00433,2025-02-07,75.62
P00434,2025-02-01,162.67
P00434,2025-02-02,162.75
P00434,2025-02-03,157.53
P00434,2025-02-04,146.0
P00434,2025-02-05,152.23
P00434,2025-02-06,138.97
P00434,2025-02-07,122.01
P00435,2025-02-01,242.72
P00435,2025-02-02,219.76
P00435,2025-02-03,190.5
P00435,2025-02-04,183.01
P00435,2025-02-05,177.52
P00435,2025-02-06,172.46
P00435,2025-02-07,173.46
P00436,2025-02-01,245.73
P00436,2025-02-02,242.8
P00436,2025-02-03,247.55
P00436,2025-02-04,243.02
P00436,2025-02-05,221.23
P00436,2025-02-06,210.95
P00436,2025-02-07,200.8
P00437,2025-02-01,171.51
P00437,2025-02-02,171.44
P00437,2025-02-03,155.86
P00437,2025-02-04,134.18
P00437,2025-02-05,138.15
P00437,2025-02-06,143.81
P00437,2025-02-07,136.47
P00438,2025-02-01,68.76
P00438,2025-02-02,60.0
P00438,2025-02-03,56.99
P00438,2025-02-04,55.21
P00438,2025-02-05,52.76
P00438,2025-02-06,55.16
P00438,2025-02-07,57.77
P00439,2025-02-01,195.69
P00439,2025-02-02,202.89
P00439,2025-02-03,177.81
P00439,2025-02-04,181.75
P00439,2025-02-05,175.15
P00439,2025-02-06,161.68
P00439,2025-02-07,159.51
P00440,2025-02-01,245.57
P00440,2025-02-02,246.2
P00440,2025-02-03,256.27
P00440,2025-02-04,257.31
P00440,2025-02-05,219.57
P00440,2025-02-06,189.6
P00440,2025-02-07,171.1
P00441,2025-02-01,118.63
P00441,2025-02-02,101.78
P00441,2025-02-03,87.74
P00441,2025-02-04,88.43
P00441,2025-02-05,84.13
P00441,2025-02-06,82.09
P00441,2025-02-07,78.0
P00442,2025-02-01,57.42
P00442,2025-02-02,53.58
P00442,2025-02-03,53.06
P00442,2025-02-04,45.98
P00442,2025-02-05,44.02
P00442,2025-02-06,42.84
P00442,2025-02-07,38.79
P00443,2025-02-01,152.34
P00443,2025-02-02,138.93
P00443,2025-02-03,132.3
P00443,2025-02-04,117.83
P00443,2025-02-05,119.2
P00443,2025-02-06,114.11
P00443,2025-02-07,105.91
P00444,2025-02-01,204.32
P00444,2025-02-02,199.59
P00444,2025-02-03,202.96
P00444,2025-02-04,200.16
P00444,2025-02-05,172.78
P00444,2025-02-06,171.01
P00444,2025-02-07,170.32
P00445,2025-02-01,65.37
P00445,2025-02-02,66.63
P00445,2025-02-03,57.41
P00445,2025-02-04,49.79
P00445,2025-02-05,46.65
P00445,2025-02-06,43.88
P00445,2025-02-07,42.64
P00446,2025-02-01,66.78
P00446,2025-02-02,60.89
P00446,2025-02-03,60.79
P00446,2025-02-04,60.68
P00446,2025-02-05,53.03
P00446,2025-02-06,52.58
P00446,2025-02-07,52.07
P00447,2025-02-01,240.74
P00447,2025-02-02,212.52
P00447,2025-02-03,221.15
P00447,2025-02-04,211.11
P00447,2025-02-05,212.5
P00447,2025-02-06,211.26
P00447,2025-02-07,186.63
P00448,2025-02-01,225.76
P00448,2025-02-02,197.63
P00448,2025-02-03,198.86
P00448,2025-02-04,179.72
P00448,2025-02-05,184.62
P00448,2025-02-06,185.41
P00448,2025-02-07,158.69
P00449,2025-02-01,201.35
P00449,2025-02-02,203.65
P00449,2025-02-03,184.18
P00449,2025-02-04,158.91
P00449,2025-02-05,157.71
P00449,2025-02-06,152.24
P00449,2025-02-07,131.75
P00450,2025-02-01,31.27
P00450,2025-02-02,29.43
P00450,2025-02-03,27.14
P00450,2025-02-04,25.78
P00450,2025-02-05,24.84
P00450,2025-02-06,22.94
P00450,2025-02-07,20.67
P00451,2025-02-01,187.78
P00451,2025-02-02,163.48
P00451,2025-02-03,157.72
P00451,2025-02-04,156.86
P00451,2025-02-05,140.5
P00451,2025-02-06,133.72
P00451,2025-02-07,114.84
P00452,2025-02-01,89.7
P00452,2025-02-02,91.73
P00452,2025-02-03,82.46
P00452,2025-02-04,77.87
P00452,2025-02-05,72.15
P00452,2025-02-06,63.49
P00452,2025-02-07,65.79
P00453,2025-02-01,114.82
P00453,2025-02-02,117.29
P00453,2025-02-03,112.67
P00453,2025-02-04,116.36
P00453,2025-02-05,116.14
P00453,2025-02-06,108.46
P00453,2025-02-07,99.17
P00454,2025-02-01,180.53
P00454,2025-02-02,168.48
P00454,2025-02-03,167.48
P00454,2025-02-04,151.44
P00454,2025-02-05,131.08
P00454,2025-02-06,121.19
P00454,2025-02-07,115.18
P00455,2025-02-01,183.31
P00455,2025-02-02,188.88
P00455,2025-02-03,167.32
P00455,2025-02-04,169.14
P00455,2025-02-05,176.97
P00455,2025-02-06,184.19
P00455,2025-02-07,159.1
P00456,2025-02-01,76.6
P00456,2025-02-02,72.24
P00456,2025-02-03,65.48
P00456,2025-02-04,66.72
P00456,2025-02-05,61.08
P00456,2025-02-06,58.67
P00456,2025-02-07,49.96
P00457,2025-02-01,226.74
P00457,2025-02-02,201.83
P00457,2025-02-03,194.31
P00457,2025-02-04,176.97
P00457,2025-02-05,172.46
P00457,2025-02-06,162.59
P00457,2025-02-07,157.44
P00458,2025-02-01,238.63
P00458,2025-02-02,226.38
P00458,2025-02-03,227.4
P00458,2025-02-04,202.18
P00458,2025-02-05,208.26
P00458,2025-02-06,208.7
P00458,2025-02-07,187.63
P00459,2025-02-01,71.69
P00459,2025-02-02,61.03
P00459,2025-02-03,56.88
P00459,2025-02-04,51.0
P00459,2025-02-05,46.88
P00459,2025-02-06,47.72
P00459,2025-02-07,48.93
P00460,2025-02-01,72.86
P00460,2025-02-02,75.79
P00460,2025-02-03,64.44
P00460,2025-02-04,63.25
P00460,2025-02-05,64.5
P00460,2025-02-06,64.21
P00460,2025-02-07,55.91
P00461,2025-02-01,173.59
P00461,2025-02-02,165.95
P00461,2025-02-03,148.96
P00461,2025-02-04,141.27
P00461,2025-02-05,121.77
P00461,2025-02-06,127.78
P00461,2025-02-07,126.8
P00462,2025-02-01,150.19
P00462,2025-02-02,130.46
P00462,2025-02-03,134.93
P00462,2025-02-04,138.9
P00462,2025-02-05,132.5
P00462,2025-02-06,131.2
P00462,2025-02-07,121.29
P00463,2025-02-01,166.13
P00463,2025-02-02,173.59
P00463,2025-02-03,150.5
P00463,2025-02-04,130.8
P00463,2025-02-05,114.67
P00463,2025-02-06,116.27
P00463,2025-02-07,100.57
P00464,2025-02-01,92.82
P00464,2025-02-02,89.44
P00464,2025-02-03,83.8
P00464,2025-02-04,87.39
P00464,2025-02-05,78.42
P00464,2025-02-06,70.75
P00464,2025-02-07,64.59
P00465,2025-02-01,171.8
P00465,2025-02-02,173.55
P00465,2025-02-03,171.84
P00465,2025-02-04,171.34
P00465,2025-02-05,156.54
P00465,2025-02-06,141.57
P00465,2025-02-07,122.45
P00466,2025-02-01,150.49
P00466,2025-02-02,134.02
P00466,2025-02-03,134.82
P00466,2025-02-04,130.36
P00466,2025-02-05,114.86
P00466,2025-02-06,101.41
P00466,2025-02-07,95.65
P00467,2025-02-01,188.13
P00467,2025-02-02,175.21
P00467,2025-02-03,167.71
P00467,2025-02-04,174.91
P00467,2025-02-05,155.94
P00467,2025-02-06,142.16
P00467,2025-02-07,128.37
P00468,2025-02-01,211.82
P00468,2025-02-02,185.13
P00468,2025-02-03,163.2
P00468,2025-02-04,161.11
P00468,2025-02-05,163.57
P00468,2025-02-06,161.83
P00468,2025-02-07,138.86
P00469,2025-02-01,252.14
P00469,2025-02-02,256.47
P00469,2025-02-03,234.81
P00469,2025-02-04,203.87
P00469,2025-02-05,183.41
P00469,2025-02-06,168.95
P00469,2025-02-07,160.96
P00470,2025-02-01,78.37
P00470,2025-02-02,77.23
P00470,2025-02-03,69.66
P00470,2025-02-04,73.01
P00470,2025-02-05,62.51
P00470,2025-02-06,58.19
P00470,2025-02-07,54.72
P00471,2025-02-01,164.47
P00471,2025-02-02,164.41
P00471,2025-02-03,147.96
P00471,2025-02-04,139.44
P00471,2025-02-05,140.94
P00471,2025-02-06,123.74
P00471,2025-02-07,105.47
P00472,2025-02-01,110.71
P00472,2025-02-02,112.49
P00472,2025-02-03,117.72
P00472,2025-02-04,103.14
P00472,2025-02-05,104.66
P00472,2025-02-06,96.75
P00472,2025-02-07,94.43
P00473,2025-02-01,134.05
P00473,2025-02-02,131.23
P00473,2025-02-03,126.83
P00473,2025-02-04,114.37
P00473,2025-02-05,115.81
P00473,2025-02-06,98.94
P00473,2025-02-07,85.37
P00474,2025-02-01,79.0
P00474,2025-02-02,81.41
P00474,2025-02-03,76.42
P00474,2025-02-04,66.93
P00474,2025-02-05,69.01
P00474,2025-02-06,70.11
P00474,2025-02-07,64.24
P00475,2025-02-01,50.14
P00475,2025-02-02,43.05
P00475,2025-02-03,40.56
P00475,2025-02-04,35.84
P00475,2025-02-05,34.58
P00475,2025-02-06,35.08
P00475,2025-02-07,32.59
P00476,2025-02-01,51.9
P00476,2025-02-02,44.42
P00476,2025-02-03,43.83
P00476,2025-02-04,38.77
P00476,2025-02-05,34.62
P00476,2025-02-06,30.72
P00476,2025-02-07,27.83
P00477,2025-02-01,247.17
P00477,2025-02-02,253.77
P00477,2025-02-03,217.46
P00477,2025-02-04,211.77
P00477,2025-02-05,190.41
P00477,2025-02-06,173.09
P00477,2025-02-07,161.39
P00478,2025-02-01,130.42
P00478,2025-02-02,125.22
P00478,2025-02-03,107.96
P00478,2025-02-04,97.81
P00478,2025-02-05,85.82
P00478,2025-02-06,76.37
P00478,2025-02-07,78.43
P00479,2025-02-01,170.31
P00479,2025-02-02,162.67
P00479,2025-02-03,158.79
P00479,2025-02-04,160.45
P00479,2025-02-05,161.89
P00479,2025-02-06,169.64
P00479,2025-02-07,170.72
P00480,2025-02-01,24.35
P00480,2025-02-02,22.45
P00480,2025-02-03,21.53
P00480,2025-02-04,20.39
P00480,2025-02-05,21.05
P00480,2025-02-06,20.01
P00480,2025-02-07,18.56
P00481,2025-02-01,34.85
P00481,2025-02-02,30.88
P00481,2025-02-03,28.22
P00481,2025-02-04,25.22
P00481,2025-02-05,25.96
P00481,2025-02-06,26.11
P00481,2025-02-07,22.5
P00482,2025-02-01,29.04
P00482,2025-02-02,30.44
P00482,2025-02-03,29.1
P00482,2025-02-04,29.2
P00482,2025-02-05,30.66
P00482,2025-02-06,32.03
P00482,2025-02-07,27.87
P00483,2025-02-01,138.67
P00483,2025-02-02,136.09
P00483,2025-02-03,122.93
P00483,2025-02-04,124.56
P00483,2025-02-05,128.73
P00483,2025-02-06,110.86
P00483,2025-02-07,116.32
P00484,2025-02-01,41.66
P00484,2025-02-02,37.24
P00484,2025-02-03,37.96
P00484,2025-02-04,38.32
P00484,2025-02-05,35.29
P00484,2025-02-06,35.92
P00484,2025-02-07,36.6
P00485,2025-02-01,143.19
P00485,2025-02-02,126.75
P00485,2025-02-03,122.76
P00485,2025-02-04,124.14
P00485,2025-02-05,122.84
P00485,2025-02-06,126.87
P00485,2025-02-07,108.56
P00486,2025-02-01,152.79
P00486,2025-02-02,151.28
P00486,2025-02-03,157.26
P00486,2025-02-04,151.4
P00486,2025-02-05,145.74
P00486,2025-02-06,129.37
P00486,2025-02-07,135.53
P00487,2025-02-01,68.91
P00487,2025-02-02,70.72
P00487,2025-02-03,67.07
P00487,2025-02-04,61.16
P00487,2025-02-05,57.99
P00487,2025-02-06,50.34
P00487,2025-02-07,45.13
P00488,2025-02-01,161.23
P00488,2025-02-02,144.1
P00488,2025-02-03,137.66
P00488,2025-02-04,117.03
P00488,2025-02-05,120.96
P00488,2025-02-06,107.69
P00488,2025-02-07,94.35
P00489,2025-02-01,52.31
P00489,2025-02-02,51.96
P00489,2025-02-03,53.71
P00489,2025-02-04,54.72
P00489,2025-02-05,50.05
P00489,2025-02-06,42.76
P00489,2025-02-07,41.36
P00490,2025-02-01,236.78
P00490,2025-02-02,244.7
P00490,2025-02-03,245.89
P00490,2025-02-04,250.63
P00490,2025-02-05,256.18
P00490,2025-02-06,266.97
P00490,2025-02-07,246.87
P00491,2025-02-01,29.56
P00491,2025-02-02,30.69
P00491,2025-02-03,28.51
P00491,2025-02-04,24.81
P00491,2025-02-05,22.59
P00491,2025-02-06,19.82
P00491,2025-02-07,17.47
P00492,2025-02-01,195.3
P00492,2025-02-02,203.06
P00492,2025-02-03,204.76
P00492,2025-02-04,213.39
P00492,2025-02-05,209.09
P00492,2025-02-06,185.01
P00492,2025-02-07,193.1
P00493,2025-02-01,71.44
P00493,2025-02-02,70.63
P00493,2025-02-03,73.16
P00493,2025-02-04,73.7
P00493,2025-02-05,65.94
P00493,2025-02-06,63.82
P00493,2025-02-07,56.49
P00494,2025-02-01,241.01
P00494,2025-02-02,219.65
P00494,2025-02-03,216.95
P00494,2025-02-04,189.93
P00494,2025-02-05,189.13
P00494,2025-02-06,196.65
P00494,2025-02-07,204.46
P00495,2025-02-01,193.73
P00495,2025-02-02,179.84
P00495,2025-02-03,188.63
P00495,2025-02-04,196.75
P00495,2025-02-05,168.51
P00495,2025-02-06,163.54
P00495,2025-02-07,169.13
P00496,2025-02-01,87.11
P00496,2025-02-02,90.9
P00496,2025-02-03,81.28
P00496,2025-02-04,78.28
P00496,2025-02-05,81.2
P00496,2025-02-06,71.3
P00496,2025-02-07,71.23
P00497,2025-02-01,151.34
P00497,2025-02-02,135.84
P00497,2025-02-03,142.15
P00497,2025-02-04,125.6
P00497,2025-02-05,129.0
P00497,2025-02-06,111.94
P00497,2025-02-07,111.02
P00498,2025-02-01,192.46
P00498,2025-02-02,188.19
P00498,2025-02-03,193.33
P00498,2025-02-04,181.6
P00498,2025-02-05,163.99
P00498,2025-02-06,147.58
P00498,2025-02-07,127.44
P00499,2025-02-01,148.45
P00499,2025-02-02,133.8
P00499,2025-02-03,116.62
P00499,2025-02-04,99.16
P00499,2025-02-05,91.94
P00499,2025-02-06,91.62
P00499,2025-02-07,95.63
P00500,2025-02-01,70.35
P00500,2025-02-02,72.24
P00500,2025-02-03,68.53
P00500,2025-02-04,63.44
P00500,2025-02-05,60.85
P00500,2025-02-06,52.96
P00500,2025-02-07,50.09
P00501,2025-02-01,204.47
P00501,2025-02-02,209.13
P00501,2025-02-03,204.99
P00501,2025-02-04,202.41
P00501,2025-02-05,178.63
P00501,2025-02-06,154.47
P00501,2025-02-07,157.43
P00502,2025-02-01,203.95
P00502,2025-02-02,185.39
P00502,2025-02-03,169.4
P00502,2025-02-04,176.23
P00502,2025-02-05,152.41
P00502,2025-02-06,134.73
P00502,2025-02-07,124.64
P00503,2025-02-01,80.56
P00503,2025-02-02,80.27
P00503,2025-02-03,77.01
P00503,2025-02-04,79.29
P00503,2025-02-05,68.87
P00503,2025-02-06,66.72
P00503,2025-02-07,64.9
P00504,2025-02-01,125.91
P00504,2025-02-02,119.18
P00504,2025-02-03,102.04
P00504,2025-02-04,105.97
P00504,2025-02-05,93.57
P00504,2025-02-06,96.19
P00504,2025-02-07,84.78
P00505,2025-02-01,238.17
P00505,2025-02-02,207.27
P00505,2025-02-03,184.7
P00505,2025-02-04,164.01
P00505,2025-02-05,162.28
P00505,2025-02-06,161.37
P00505,2025-02-07,160.72
P00506,2025-02-01,142.01
P00506,2025-02-02,128.24
P00506,2025-02-03,116.22
P00506,2025-02-04,104.31
P00506,2025-02-05,89.7
P00506,2025-02-06,86.5
P00506,2025-02-07,88.05
P00507,2025-02-01,253.44
P00507,2025-02-02,223.21
P00507,2025-02-03,205.84
P00507,2025-02-04,192.57
P00507,2025-02-05,175.03
P00507,2025-02-06,171.95
P00507,2025-02-07,166.8
P00508,2025-02-01,98.73
P00508,2025-02-02,87.86
P00508,2025-02-03,75.13
P00508,2025-02-04,66.43
P00508,2025-02-05,60.34
P00508,2025-02-06,52.28
P00508,2025-02-07,53.26
P00509,2025-02-01,105.97
P00509,2025-02-02,96.61
P00509,2025-02-03,89.8
P00509,2025-02-04,85.11
P00509,2025-02-05,83.6
P00509,2025-02-06,72.58
P00509,2025-02-07,69.59
P00510,2025-02-01,163.87
P00510,2025-02-02,145.35
P00510,2025-02-03,149.29
P00510,2025-02-04,137.93
P00510,2025-02-05,129.54
P00510,2025-02-06,116.93
P00510,2025-02-07,110.27
P00511,2025-02-01,72.08
P00511,2025-02-02,64.53
P00511,2025-02-03,58.32
P00511,2025-02-04,50.29
P00511,2025-02-05,50.31
P00511,2025-02-06,49.48
P00511,2025-02-07,42.91
P00512,2025-02-01,168.88
P00512,2025-02-02,155.16
P00512,2025-02-03,148.69
P00512,2025-02-04,155.25
P00512,2025-02-05,150.27
P00512,2025-02-06,144.37
P00512,2025-02-07,146.99
P00513,2025-02-01,173.48
P00513,2025-02-02,175.85
P00513,2025-02-03,164.2
P00513,2025-02-04,157.16
P00513,2025-02-05,160.83
P00513,2025-02-06,151.98
P00513,2025-02-07,155.98
P00514,2025-02-01,160.32
P00514,2025-02-02,151.54
P00514,2025-02-03,131.2
P00514,2025-02-04,135.21
P00514,2025-02-05,134.24
P00514,2025-02-06,127.58
P00514,2025-02-07,131.42
P00515,2025-02-01,68.27
P00515,2025-02-02,68.96
P00515,2025-02-03,67.96
P00515,2025-02-04,66.2
P00515,2025-02-05,57.86
P00515,2025-02-06,57.94
P00515,2025-02-07,51.25
P00516,2025-02-01,116.6
P00516,2025-02-02,122.07
P00516,2025-02-03,127.49
P00516,2025-02-04,128.98
P00516,2025-02-05,112.89
P00516,2025-02-06,105.52
P00516,2025-02-07,110.55
P00517,2025-02-01,121.37
P00517,2025-02-02,113.73
P00517,2025-02-03,119.35
P00517,2025-02-04,116.42
P00517,2025-02-05,118.38
P00517,2025-02-06,106.73
P00517,2025-02-07,110.16
P00518,2025-02-01,189.06
P00518,2025-02-02,195.27
P00518,2025-02-03,168.6
P00518,2025-02-04,156.4
P00518,2025-02-05,145.37
P00518,2025-02-06,133.05
P00518,2025-02-07,120.44
P00519,2025-02-01,66.4
P00519,2025-02-02,62.52
P00519,2025-02-03,64.06
P00519,2025-02-04,64.53
P00519,2025-02-05,62.89
P00519,2025-02-06,60.03
P00519,2025-02-07,56.06
P00520,2025-02-01,51.28
P00520,2025-02-02,47.84
P00520,2025-02-03,42.08
P00520,2025-02-04,40.72
P00520,2025-02-05,40.79
P00520,2025-02-06,42.34
P00520,2025-02-07,43.82
P00521,2025-02-01,34.81
P00521,2025-02-02,33.51
P00521,2025-02-03,29.16
P00521,2025-02-04,26.45
P00521,2025-02-05,25.32
P00521,2025-02-06,23.26
P00521,2025-02-07,21.68
P00522,2025-02-01,159.85
P00522,2025-02-02,148.12
P00522,2025-02-03,140.29
P00522,2025-02-04,136.33
P00522,2025-02-05,116.9
P00522,2025-02-06,105.8
P00522,2025-02-07,92.97
P00523,2025-02-01,249.93
P00523,2025-02-02,242.86
P00523,2025-02-03,240.12
P00523,2025-02-04,205.96
P00523,2025-02-05,211.71
P00523,2025-02-06,193.99
P00523,2025-02-07,174.11
P00524,2025-02-01,170.7
P00524,2025-02-02,170.55
P00524,2025-02-03,176.38
P00524,2025-02-04,181.57
P00524,2025-02-05,155.07
P00524,2025-02-06,157.16
P00524,2025-02-07,143.11
P00525,2025-02-01,101.16
P00525,2025-02-02,91.66
P00525,2025-02-03,86.92
P00525,2025-02-04,85.98
P00525,2025-02-05,74.77
P00525,2025-02-06,76.55
P00525,2025-02-07,67.12
P00526,2025-02-01,120.43
P00526,2025-02-02,125.83
P00526,2025-02-03,118.11
P00526,2025-02-04,119.9
P00526,2025-02-05,108.38
P00526,2025-02-06,101.16
P00526,2025-02-07,99.05
P00527,2025-02-01,208.2
P00527,2025-02-02,184.8
P00527,2025-02-03,164.89
P00527,2025-02-04,167.33
P00527,2025-02-05,167.03
P00527,2025-02-06,167.35
P00527,2025-02-07,171.27
P00528,2025-02-01,109.15
P00528,2025-02-02,110.7
P00528,2025-02-03,105.5
P00528,2025-02-04,93.03
P00528,2025-02-05,84.86
P00528,2025-02-06,80.73
P00528,2025-02-07,70.81
P00529,2025-02-01,178.51
P00529,2025-02-02,182.13
P00529,2025-02-03,186.84
P00529,2025-02-04,159.9
P00529,2025-02-05,142.08
P00529,2025-02-06,144.44
P00529,2025-02-07,146.95
P00530,2025-02-01,172.02
P00530,2025-02-02,154.8
P00530,2025-02-03,145.71
P00530,2025-02-04,150.61
P00530,2025-02-05,149.24
P00530,2025-02-06,135.03
P00530,2025-02-07,137.02
P00531,2025-02-01,55.74
P00531,2025-02-02,53.01
P00531,2025-02-03,51.8
P00531,2025-02-04,45.31
P00531,2025-02-05,38.79
P00531,2025-02-06,35.86
P00531,2025-02-07,34.74
P00532,2025-02-01,132.83
P00532,2025-02-02,117.62
P00532,2025-02-03,120.45
P00532,2025-02-04,116.52
P00532,2025-02-05,107.19
P00532,2025-02-06,94.62
P00532,2025-02-07,97.35
P00533,2025-02-01,189.31
P00533,2025-02-02,189.27
P00533,2025-02-03,186.96
P00533,2025-02-04,169.58
P00533,2025-02-05,157.25
P00533,2025-02-06,138.79
P00533,2025-02-07,133.86
P00534,2025-02-01,218.62
P00534,2025-02-02,228.02
P00534,2025-02-03,232.9
P00534,2025-02-04,228.12
P00534,2025-02-05,224.82
P00534,2025-02-06,203.2
P00534,2025-02-07,189.36
P00535,2025-02-01,184.68
P00535,2025-02-02,157.72
P00535,2025-02-03,158.68
P00535,2025-02-04,159.24
P00535,2025-02-05,135.64
P00535,2025-02-06,140.02
P00535,2025-02-07,137.15
P00536,2025-02-01,196.0
P00536,2025-02-02,190.16
P00536,2025-02-03,161.96
P00536,2025-02-04,145.84
P00536,2025-02-05,147.45
P00536,2025-02-06,134.34
P00536,2025-02-07,140.17
P00537,2025-02-01,63.44
P00537,2025-02-02,62.08
P00537,2025-02-03,58.03
P00537,2025-02-04,53.69
P00537,2025-02-05,49.38
P00537,2025-02-06,44.46
P00537,2025-02-07,41.94
P00538,2025-02-01,86.5
P00538,2025-02-02,85.24
P00538,2025-02-03,86.51
P00538,2025-02-04,80.41
P00538,2025-02-05,69.99
P00538,2025-02-06,66.65
P00538,2025-02-07,65.48
P00539,2025-02-01,141.2
P00539,2025-02-02,143.83
P00539,2025-02-03,133.02
P00539,2025-02-04,130.29
P00539,2025-02-05,126.62
P00539,2025-02-06,115.19
P00539,2025-02-07,100.4
P00540,2025-02-01,44.22
P00540,2025-02-02,38.15
P00540,2025-02-03,39.97
P00540,2025-02-04,39.1
P00540,2025-02-05,39.97
P00540,2025-02-06,36.06
P00540,2025-02-07,35.78
P00541,2025-02-01,69.7
P00541,2025-02-02,71.68
P00541,2025-02-03,65.21
P00541,2025-02-04,57.38
P00541,2025-02-05,57.56
P00541,2025-02-06,59.28
P00541,2025-02-07,59.94
P00542,2025-02-01,187.62
P00542,2025-02-02,189.58
P00542,2025-02-03,183.89
P00542,2025-02-04,180.6
P00542,2025-02-05,178.1
P00542,2025-02-06,177.08
P00542,2025-02-07,173.73
P00543,2025-02-01,96.29
P00543,2025-02-02,101.06
P00543,2025-02-03,91.14
P00543,2025-02-04,85.1
P00543,2025-02-05,78.94
P00543,2025-02-06,67.66
P00543,2025-02-07,67.09
P00544,2025-02-01,162.16
P00544,2025-02-02,156.39
P00544,2025-02-03,138.87
P00544,2025-02-04,138.22
P00544,2025-02-05,123.63
P00544,2025-02-06,118.3
P00544,2025-02-07,119.13
P00545,2025-02-01,84.73
P00545,2025-02-02,87.38
P00545,2025-02-03,86.01
P00545,2025-02-04,81.84
P00545,2025-02-05,83.4
P00545,2025-02-06,84.91
P00545,2025-02-07,87.06
P00546,2025-02-01,52.61
P00546,2025-02-02,46.62
P00546,2025-02-03,40.54
P00546,2025-02-04,35.5
P00546,2025-02-05,32.01
P00546,2025-02-06,32.38
P00546,2025-02-07,32.46
P00547,2025-02-01,137.61
P00547,2025-02-02,122.01
P00547,2025-02-03,120.29
P00547,2025-02-04,110.32
P00547,2025-02-05,95.74
P00547,2025-02-06,88.18
P00547,2025-02-07,88.08
P00548,2025-02-01,239.56
P00548,2025-02-02,218.34
P00548,2025-02-03,220.0
P00548,2025-02-04,201.58
P00548,2025-02-05,181.85
P00548,2025-02-06,165.27
P00548,2025-02-07,168.62
P00549,2025-02-01,219.06
P00549,2025-02-02,206.82
P00549,2025-02-03,211.63
P00549,2025-02-04,204.59
P00549,2025-02-05,212.54
P00549,2025-02-06,183.69
P00549,2025-02-07,188.81
P00550,2025-02-01,71.13
P00550,2025-02-02,67.58
P00550,2025-02-03,69.17
P00550,2025-02-04,64.07
P00550,2025-02-05,58.28
P00550,2025-02-06,50.17
P00550,2025-02-07,51.22
P00551,2025-02-01,160.53
P00551,2025-02-02,140.86
P00551,2025-02-03,125.37
P00551,2025-02-04,116.82
P00551,2025-02-05,112.6
P00551,2025-02-06,116.13
P00551,2025-02-07,109.34
P00552,2025-02-01,183.64
P00552,2025-02-02,167.71
P00552,2025-02-03,166.56
P00552,2025-02-04,167.52
P00552,2025-02-05,158.73
P00552,2025-02-06,154.95
P00552,2025-02-07,137.19
P00553,2025-02-01,253.49
P00553,2025-02-02,247.63
P00553,2025-02-03,210.72
P00553,2025-02-04,190.64
P00553,2025-02-05,191.07
P00553,2025-02-06,168.85
P00553,2025-02-07,169.34
P00554,2025-02-01,210.62
P00554,2025-02-02,199.65
P00554,2025-02-03,200.19
P00554,2025-02-04,173.69
P00554,2025-02-05,168.98
P00554,2025-02-06,165.04
P00554,2025-02-07,153.6
P00555,2025-02-01,123.1
P00555,2025-02-02,128.4
P00555,2025-02-03,118.98
P00555,2025-02-04,102.03
P00555,2025-02-05,90.79
P00555,2025-02-06,83.95
P00555,2025-02-07,71.59
P00556,2025-02-01,85.02
P00556,2025-02-02,77.75
P00556,2025-02-03,79.04
P00556,2025-02-04,70.2
P00556,2025-02-05,69.17
P00556,2025-02-06,67.46
P00556,2025-02-07,60.7
P00557,2025-02-01,146.21
P00557,2025-02-02,144.56
P00557,2025-02-03,132.83
P00557,2025-02-04,116.33
P00557,2025-02-05,107.8
P00557,2025-02-06,104.32
P00557,2025-02-07,92.16
P00558,2025-02-01,76.22
P00558,2025-02-02,77.35
P00558,2025-02-03,70.36
P00558,2025-02-04,63.9
P00558,2025-02-05,63.62
P00558,2025-02-06,61.67
P00558,2025-02-07,56.59
P00559,2025-02-01,67.15
P00559,2025-02-02,69.0
P00559,2025-02-03,72.39
P00559,2025-02-04,66.49
P00559,2025-02-05,68.5
P00559,2025-02-06,63.15
P00559,2025-02-07,56.06
P00560,2025-02-01,211.77
P00560,2025-02-02,220.16
P00560,2025-02-03,227.57
P00560,2025-02-04,211.79
P00560,2025-02-05,189.7
P00560,2025-02-06,188.83
P00560,2025-02-07,165.46
P00561,2025-02-01,202.69
P00561,2025-02-02,202.04
P00561,2025-02-03,195.56
P00561,2025-02-04,172.84
P00561,2025-02-05,159.59
P00561,2025-02-06,156.42
P00561,2025-02-07,134.13
P00562,2025-02-01,100.76
P00562,2025-02-02,103.31
P00562,2025-02-03,93.1
P00562,2025-02-04,89.09
P00562,2025-02-05,76.59
P00562,2025-02-06,80.34
P00562,2025-02-07,78.93
P00563,2025-02-01,39.81
P00563,2025-02-02,39.04
P00563,2025-02-03,33.34
P00563,2025-02-04,32.94
P00563,2025-02-05,30.74
P00563,2025-02-06,28.47
P00563,2025-02-07,27.32
P00564,2025-02-01,105.51
P00564,2025-02-02,99.69
P00564,2025-02-03,87.79
P00564,2025-02-04,86.83
P00564,2025-02-05,84.75
P00564,2025-02-06,77.14
P00564,2025-02-07,75.78
P00565,2025-02-01,114.33
P00565,2025-02-02,112.33
P00565,2025-02-03,101.55
P00565,2025-02-04,98.62
P00565,2025-02-05,86.53
P00565,2025-02-06,87.93
P00565,2025-02-07,76.59
P00566,2025-02-01,147.61
P00566,2025-02-02,146.69
P00566,2025-02-03,128.14
P00566,2025-02-04,111.84
P00566,2025-02-05,97.44
P00566,2025-02-06,86.7
P00566,2025-02-07,77.16
P00567,2025-02-01,194.26
P00567,2025-02-02,175.34
P00567,2025-02-03,167.38
P00567,2025-02-04,149.02
P00567,2025-02-05,147.63
P00567,2025-02-06,134.21
P00567,2025-02-07,115.14
P00568,2025-02-01,174.18
P00568,2025-02-02,165.34
P00568,2025-02-03,147.41
P00568,2025-02-04,152.81
P00568,2025-02-05,139.99
P00568,2025-02-06,119.07
P00568,2025-02-07,117.2
P00569,2025-02-01,211.38
P00569,2025-02-02,218.01
P00569,2025-02-03,221.73
P00569,2025-02-04,218.14
P00569,2025-02-05,191.93
P00569,2025-02-06,166.6
P00569,2025-02-07,158.66
P00570,2025-02-01,70.72
P00570,2025-02-02,70.35
P00570,2025-02-03,61.22
P00570,2025-02-04,55.17
P00570,2025-02-05,49.45
P00570,2025-02-06,51.81
P00570,2025-02-07,47.11
P00571,2025-02-01,233.46
P00571,2025-02-02,220.12
P00571,2025-02-03,191.5
P00571,2025-02-04,169.47
P00571,2025-02-05,145.39
P00571,2025-02-06,132.03
P00571,2025-02-07,133.39
P00572,2025-02-01,138.17
P00572,2025-02-02,126.09
P00572,2025-02-03,125.8
P00572,2025-02-04,109.32
P00572,2025-02-05,109.5
P00572,2025-02-06,94.08
P00572,2025-02-07,96.0
P00573,2025-02-01,41.2
P00573,2025-02-02,40.49
P00573,2025-02-03,35.8
P00573,2025-02-04,32.99
P00573,2025-02-05,30.93
P00573,2025-02-06,30.14
P00573,2025-02-07,30.91
P00574,2025-02-01,224.32
P00574,2025-02-02,194.84
P00574,2025-02-03,197.37
P00574,2025-02-04,174.98
P00574,2025-02-05,162.76
P00574,2025-02-06,169.67
P00574,2025-02-07,153.44
P00575,2025-02-01,232.83
P00575,2025-02-02,215.87
P00575,2025-02-03,220.22
P00575,2025-02-04,222.42
P00575,2025-02-05,217.92
P00575,2025-02-06,219.96
P00575,2025-02-07,191.94
P00576,2025-02-01,100.97
P00576,2025-02-02,99.88
P00576,2025-02-03,86.07
P00576,2025-02-04,89.38
P00576,2025-02-05,78.82
P00576,2025-02-06,73.56
P00576,2025-02-07,71.22
P00577,2025-02-01,28.02
P00577,2025-02-02,28.31
P00577,2025-02-03,27.9
P00577,2025-02-04,24.73
P00577,2025-02-05,22.9
P00577,2025-02-06,21.11
P00577,2025-02-07,18.07
P00578,2025-02-01,119.03
P00578,2025-02-02,117.47
P00578,2025-02-03,119.55
P00578,2025-02-04,124.89
P00578,2025-02-05,109.42
P00578,2025-02-06,113.15
P00578,2025-02-07,98.73
P00579,2025-02-01,161.25
P00579,2025-02-02,150.33
P00579,2025-02-03,129.16
P00579,2025-02-04,116.54
P00579,2025-02-05,106.38
P00579,2025-02-06,105.41
P00579,2025-02-07,103.89
P00580,2025-02-01,56.23
P00580,2025-02-02,56.43
P00580,2025-02-03,54.47
P00580,2025-02-04,52.45
P00580,2025-02-05,54.84
P00580,2025-02-06,53.96
P00580,2025-02-07,49.52
P00581,2025-02-01,36.6
P00581,2025-02-02,34.94
P00581,2025-02-03,34.59
P00581,2025-02-04,30.06
P00581,2025-02-05,29.53
P00581,2025-02-06,26.57
P00581,2025-02-07,24.42
P00582,2025-02-01,115.52
P00582,2025-02-02,113.82
P00582,2025-02-03,105.51
P00582,2025-02-04,107.39
P00582,2025-02-05,103.27
P00582,2025-02-06,108.18
P00582,2025-02-07,93.13
P00583,2025-02-01,159.15
P00583,2025-02-02,155.76
P00583,2025-02-03,137.28
P00583,2025-02-04,139.99
P00583,2025-02-05,142.84
P00583,2025-02-06,146.25
P00583,2025-02-07,126.5
P00584,2025-02-01,195.94
P00584,2025-02-02,185.82
P00584,2025-02-03,166.9
P00584,2025-02-04,174.25
P00584,2025-02-05,149.87
P00584,2025-02-06,134.06
P00584,2025-02-07,131.2
P00585,2025-02-01,53.02
P00585,2025-02-02,49.34
P00585,2025-02-03,44.26
P00585,2025-02-04,41.68
P00585,2025-02-05,42.11
P00585,2025-02-06,39.57
P00585,2025-02-07,40.41
P00586,2025-02-01,61.61
P00586,2025-02-02,57.88
P00586,2025-02-03,50.57
P00586,2025-02-04,48.01
P00586,2025-02-05,47.08
P00586,2025-02-06,40.98
P00586,2025-02-07,38.21
P00587,2025-02-01,204.57
P00587,2025-02-02,196.68
P00587,2025-02-03,167.18
P00587,2025-02-04,145.14
P00587,2025-02-05,140.91
P00587,2025-02-06,137.22
P00587,2025-02-07,125.0
P00588,2025-02-01,174.81
P00588,2025-02-02,166.36
P00588,2025-02-03,148.29
P00588,2025-02-04,145.96
P00588,2025-02-05,151.81
P00588,2025-02-06,140.07
P00588,2025-02-07,120.58
P00589,2025-02-01,139.81
P00589,2025-02-02,125.07
P00589,2025-02-03,117.68
P00589,2025-02-04,113.21
P00589,2025-02-05,110.26
P00589,2025-02-06,104.15
P00589,2025-02-07,102.22
P00590,2025-02-01,197.53
P00590,2025-02-02,196.18
P00590,2025-02-03,171.23
P00590,2025-02-04,171.55
P00590,2025-02-05,153.43
P00590,2025-02-06,140.89
P00590,2025-02-07,143.14
P00591,2025-02-01,131.86
P00591,2025-02-02,137.52
P00591,2025-02-03,124.92
P00591,2025-02-04,119.22
P00591,2025-02-05,118.08
P00591,2025-02-06,101.45
P00591,2025-02-07,89.56
P00592,2025-02-01,116.2
P00592,2025-02-02,102.03
P00592,2025-02-03,101.35
P00592,2025-02-04,100.77
P00592,2025-02-05,87.81
P00592,2025-02-06,85.37
P00592,2025-02-07,75.77
P00593,2025-02-01,176.64
P00593,2025-02-02,183.01
P00593,2025-02-03,169.94
P00593,2025-02-04,159.98
P00593,2025-02-05,160.99
P00593,2025-02-06,159.92
P00593,2025-02-07,139.38
P00594,2025-02-01,190.75
P00594,2025-02-02,177.95
P00594,2025-02-03,184.24
P00594,2025-02-04,187.46
P00594,2025-02-05,181.42
P00594,2025-02-06,182.22
P00594,2025-02-07,171.31
P00595,2025-02-01,156.08
P00595,2025-02-02,153.22
P00595,2025-02-03,159.54
P00595,2025-02-04,139.9
P00595,2025-02-05,132.87
P00595,2025-02-06,127.03
P00595,2025-02-07,109.21
P00596,2025-02-01,200.81
P00596,2025-02-02,208.25
P00596,2025-02-03,211.95
P00596,2025-02-04,200.63
P00596,2025-02-05,190.93
P00596,2025-02-06,197.47
P00596,2025-02-07,174.85
P00597,2025-02-01,22.82
P00597,2025-02-02,22.04
P00597,2025-02-03,21.95
P00597,2025-02-04,19.22
P00597,2025-02-05,17.83
P00597,2025-02-06,17.3
P00597,2025-02-07,17.76
P00598,2025-02-01,107.97
P00598,2025-02-02,102.66
P00598,2025-02-03,95.16
P00598,2025-02-04,99.53
P00598,2025-02-05,102.83
P00598,2025-02-06,103.08
P00598,2025-02-07,93.26
P00599,2025-02-01,62.49
P00599,2025-02-02,65.16
P00599,2025-02-03,68.03
P00599,2025-02-04,63.99
P00599,2025-02-05,56.1
P00599,2025-02-06,52.32
P00599,2025-02-07,51.8
P00600,2025-02-01,98.54
P00600,2025-02-02,98.51
P00600,2025-02-03,89.62
P00600,2025-02-04,88.75
P00600,2025-02-05,90.72
P00600,2025-02-06,90.03
P00600,2025-02-07,93.37
P00601,2025-02-01,185.91
P00601,2025-02-02,181.54
P00601,2025-02-03,161.6
P00601,2025-02-04,157.53
P00601,2025-02-05,143.06
P00601,2025-02-06,131.48
P00601,2025-02-07,129.44
P00602,2025-02-01,103.81
P00602,2025-02-02,108.61
P00602,2025-02-03,106.44
P00602,2025-02-04,110.87
P00602,2025-02-05,105.41
P00602,2025-02-06,104.24
P00602,2025-02-07,95.33
P00603,2025-02-01,85.03
P00603,2025-02-02,74.24
P00603,2025-02-03,68.33
P00603,2025-02-04,64.65
P00603,2025-02-05,62.33
P00603,2025-02-06,61.3
P00603,2025-02-07,57.22
P00604,2025-02-01,177.55
P00604,2025-02-02,177.47
P00604,2025-02-03,180.71
P00604,2025-02-04,163.94
P00604,2025-02-05,167.13
P00604,2025-02-06,169.08
P00604,2025-02-07,161.39
P00605,2025-02-01,175.0
P00605,2025-02-02,149.63
P00605,2025-02-03,131.53
P00605,2025-02-04,129.43
P00605,2025-02-05,115.19
P00605,2025-02-06,115.19
P00605,2025-02-07,101.62
P00606,2025-02-01,196.1
P00606,2025-02-02,177.93
P00606,2025-02-03,160.16
P00606,2025-02-04,163.02
P00606,2025-02-05,161.08
P00606,2025-02-06,146.43
P00606,2025-02-07,146.54
P00607,2025-02-01,217.88
P00607,2025-02-02,186.61
P00607,2025-02-03,189.0
P00607,2025-02-04,164.52
P00607,2025-02-05,168.4
P00607,2025-02-06,168.05
P00607,2025-02-07,171.91
P00608,2025-02-01,62.91
P00608,2025-02-02,62.81
P00608,2025-02-03,60.44
P00608,2025-02-04,54.25
P00608,2025-02-05,54.62
P00608,2025-02-06,55.15
P00608,2025-02-07,50.05
P00609,2025-02-01,96.24
P00609,2025-02-02,94.59
P00609,2025-02-03,97.93
P00609,2025-02-04,90.83
P00609,2025-02-05,94.58
P00609,2025-02-06,98.85
P00609,2025-02-07,90.2
P00610,2025-02-01,241.24
P00610,2025-02-02,231.69
P00610,2025-02-03,197.54
P00610,2025-02-04,177.84
P00610,2025-02-05,173.24
P00610,2025-02-06,174.31
P00610,2025-02-07,178.5
P00611,2025-02-01,202.52
P00611,2025-02-02,205.76
P00611,2025-02-03,212.41
P00611,2025-02-04,210.48
P00611,2025-02-05,206.17
P00611,2025-02-06,206.38
P00611,2025-02-07,197.99
P00612,2025-02-01,106.28
P00612,2025-02-02,103.16
P00612,2025-02-03,103.7
P00612,2025-02-04,108.14
P00612,2025-02-05,98.28
P00612,2025-02-06,87.03
P00612,2025-02-07,85.86
P00613,2025-02-01,138.87
P00613,2025-02-02,123.23
P00613,2025-02-03,109.03
P00613,2025-02-04,103.88
P00613,2025-02-05,96.13
P00613,2025-02-06,89.95
P00613,2025-02-07,86.47
P00614,2025-02-01,225.78
P00614,2025-02-02,197.79
P00614,2025-02-03,191.22
P00614,2025-02-04,172.29
P00614,2025-02-05,157.84
P00614,2025-02-06,156.57
P00614,2025-02-07,137.93
P00615,2025-02-01,91.62
P00615,2025-02-02,80.69
P00615,2025-02-03,73.79
P00615,2025-02-04,63.47
P00615,2025-02-05,65.79
P00615,2025-02-06,64.02
P00615,2025-02-07,62.89
P00616,2025-02-01,25.51
P00616,2025-02-02,24.19
P00616,2025-02-03,23.33
P00616,2025-02-04,21.5
P00616,2025-02-05,21.65
P00616,2025-02-06,19.78
P00616,2025-02-07,17.68
P00617,2025-02-01,195.12
P00617,2025-02-02,173.03
P00617,2025-02-03,149.43
P00617,2025-02-04,142.11
P00617,2025-02-05,132.62
P00617,2025-02-06,126.97
P00617,2025-02-07,110.26
P00618,2025-02-01,29.61
P00618,2025-02-02,26.48
P00618,2025-02-03,23.64
P00618,2025-02-04,21.66
P00618,2025-02-05,19.97
P00618,2025-02-06,17.85
P00618,2025-02-07,17.86
P00619,2025-02-01,185.65
P00619,2025-02-02,177.5
P00619,2025-02-03,186.26
P00619,2025-02-04,189.01
P00619,2025-02-05,197.75
P00619,2025-02-06,168.44
P00619,2025-02-07,165.71
P00620,2025-02-01,116.02
P00620,2025-02-02,108.96
P00620,2025-02-03,112.33
P00620,2025-02-04,109.27
P00620,2025-02-05,106.45
P00620,2025-02-06,110.9
P00620,2025-02-07,109.4
P00621,2025-02-01,65.55
P00621,2025-02-02,59.92
P00621,2025-02-03,61.91
P00621,2025-02-04,64.32
P00621,2025-02-05,59.64
P00621,2025-02-06,57.14
P00621,2025-02-07,51.8
P00622,2025-02-01,230.49
P00622,2025-02-02,237.93
P00622,2025-02-03,241.36
P00622,2025-02-04,223.26
P00622,2025-02-05,225.62
P00622,2025-02-06,211.88
P00622,2025-02-07,181.96
P00623,2025-02-01,38.08
P00623,2025-02-02,39.21
P00623,2025-02-03,34.84
P00623,2025-02-04,33.19
P00623,2025-02-05,34.51
P00623,2025-02-06,30.49
P00623,2025-02-07,31.75
P00624,2025-02-01,178.32
P00624,2025-02-02,170.76
P00624,2025-02-03,145.4
P00624,2025-02-04,125.49
P00624,2025-02-05,123.49
P00624,2025-02-06,124.07
P00624,2025-02-07,126.92
P00625,2025-02-01,199.54
P00625,2025-02-02,186.54
P00625,2025-02-03,162.44
P00625,2025-02-04,155.54
P00625,2025-02-05,154.07
P00625,2025-02-06,161.04
P00625,2025-02-07,161.85
P00626,2025-02-01,182.09
P00626,2025-02-02,178.32
P00626,2025-02-03,185.09
P00626,2025-02-04,184.97
P00626,2025-02-05,162.91
P00626,2025-02-06,153.44
P00626,2025-02-07,140.6
P00627,2025-02-01,214.4
P00627,2025-02-02,185.99
P00627,2025-02-03,160.11
P00627,2025-02-04,161.53
P00627,2025-02-05,155.33
P00627,2025-02-06,149.89
P00627,2025-02-07,134.23
P00628,2025-02-01,142.11
P00628,2025-02-02,128.14
P00628,2025-02-03,118.86
P00628,2025-02-04,116.01
P00628,2025-02-05,108.66
P00628,2025-02-06,92.73
P00628,2025-02-07,91.31
P00629,2025-02-01,246.54
P00629,2025-02-02,235.93
P00629,2025-02-03,230.81
P00629,2025-02-04,224.73
P00629,2025-02-05,225.0
P00629,2025-02-06,217.6
P00629,2025-02-07,215.46
P00630,2025-02-01,104.3
P00630,2025-02-02,90.17
P00630,2025-02-03,93.38
P00630,2025-02-04,81.36
P00630,2025-02-05,81.96
P00630,2025-02-06,74.61
P00630,2025-02-07,64.71
P00631,2025-02-01,88.42
P00631,2025-02-02,88.69
P00631,2025-02-03,83.15
P00631,2025-02-04,77.25
P00631,2025-02-05,75.87
P00631,2025-02-06,71.68
P00631,2025-02-07,68.58
P00632,2025-02-01,198.84
P00632,2025-02-02,174.44
P00632,2025-02-03,161.91
P00632,2025-02-04,163.45
P00632,2025-02-05,156.77
P00632,2025-02-06,163.36
P00632,2025-02-07,143.56
P00633,2025-02-01,159.49
P00633,2025-02-02,157.17
P00633,2025-02-03,162.33
P00633,2025-02-04,163.79
P00633,2025-02-05,163.11
P00633,2025-02-06,150.82
P00633,2025-02-07,156.84
P00634,2025-02-01,75.88
P00634,2025-02-02,72.9
P00634,2025-02-03,70.06
P00634,2025-02-04,61.28
P00634,2025-02-05,52.15
P00634,2025-02-06,50.55
P00634,2025-02-07,48.4
P00635,2025-02-01,146.9
P00635,2025-02-02,152.69
P00635,2025-02-03,139.09
P00635,2025-02-04,139.04
P00635,2025-02-05,143.31
P00635,2025-02-06,131.67
P00635,2025-02-07,122.79
P00636,2025-02-01,242.19
P00636,2025-02-02,237.15
P00636,2025-02-03,225.89
P00636,2025-02-04,199.28
P00636,2025-02-05,178.19
P00636,2025-02-06,181.21
P00636,2025-02-07,161.07
P00637,2025-02-01,107.59
P00637,2025-02-02,95.35
P00637,2025-02-03,96.3
P00637,2025-02-04,98.27
P00637,2025-02-05,100.26
P00637,2025-02-06,103.92
P00637,2025-02-07,109.0
P00638,2025-02-01,244.05
P00638,2025-02-02,229.96
P00638,2025-02-03,220.75
P00638,2025-02-04,200.47
P00638,2025-02-05,173.1
P00638,2025-02-06,150.53
P00638,2025-02-07,149.8
P00639,2025-02-01,189.25
P00639,2025-02-02,179.3
P00639,2025-02-03,164.27
P00639,2025-02-04,143.84
P00639,2025-02-05,141.12
P00639,2025-02-06,122.78
P00639,2025-02-07,119.58
P00640,2025-02-01,207.49
P00640,2025-02-02,213.72
P00640,2025-02-03,195.25
P00640,2025-02-04,183.56
P00640,2025-02-05,178.65
P00640,2025-02-06,162.77
P00640,2025-02-07,157.37
P00641,2025-02-01,71.54
P00641,2025-02-02,68.9
P00641,2025-02-03,63.59
P00641,2025-02-04,58.07
P00641,2025-02-05,54.33
P00641,2025-02-06,46.23
P00641,2025-02-07,41.57
P00642,2025-02-01,146.11
P00642,2025-02-02,130.67
P00642,2025-02-03,130.4
P00642,2025-02-04,122.21
P00642,2025-02-05,124.41
P00642,2025-02-06,109.09
P00642,2025-02-07,108.72
P00643,2025-02-01,58.02
P00643,2025-02-02,59.5
P00643,2025-02-03,56.08
P00643,2025-02-04,51.69
P00643,2025-02-05,47.09
P00643,2025-02-06,45.22
P00643,2025-02-07,40.03
P00644,2025-02-01,171.48
P00644,2025-02-02,166.56
P00644,2025-02-03,169.62
P00644,2025-02-04,173.31
P00644,2025-02-05,152.17
P00644,2025-02-06,145.74
P00644,2025-02-07,131.55
P00645,2025-02-01,134.82
P00645,2025-02-02,138.5
P00645,2025-02-03,119.84
P00645,2025-02-04,103.67
P00645,2025-02-05,88.51
P00645,2025-02-06,84.21
P00645,2025-02-07,72.1
P00646,2025-02-01,36.76
P00646,2025-02-02,35.52
P00646,2025-02-03,33.07
P00646,2025-02-04,32.01
P00646,2025-02-05,33.01
P00646,2025-02-06,31.7
P00646,2025-02-07,30.39
P00647,2025-02-01,93.31
P00647,2025-02-02,97.95
P00647,2025-02-03,92.51
P00647,2025-02-04,92.98
P00647,2025-02-05,85.84
P00647,2025-02-06,76.8
P00647,2025-02-07,77.14
P00648,2025-02-01,81.55
P00648,2025-02-02,81.28
P00648,2025-02-03,73.82
P00648,2025-02-04,69.61
P00648,2025-02-05,66.27
P00648,2025-02-06,61.59
P00648,2025-02-07,58.54
P00649,2025-02-01,172.3
P00649,2025-02-02,169.29
P00649,2025-02-03,172.61
P00649,2025-02-04,174.56
P00649,2025-02-05,169.81
P00649,2025-02-06,149.97
P00649,2025-02-07,142.9
P00650,2025-02-01,92.26
P00650,2025-02-02,86.65
P00650,2025-02-03,76.76
P00650,2025-02-04,79.81
P00650,2025-02-05,78.36
P00650,2025-02-06,81.77
P00650,2025-02-07,81.54
P00651,2025-02-01,164.05
P00651,2025-02-02,155.31
P00651,2025-02-03,143.16
P00651,2025-02-04,127.95
P00651,2025-02-05,121.24
P00651,2025-02-06,104.58
P00651,2025-02-07,96.62
P00652,2025-02-01,109.73
P00652,2025-02-02,94.21
P00652,2025-02-03,83.97
P00652,2025-02-04,86.62
P00652,2025-02-05,79.89
P00652,2025-02-06,75.41
P00652,2025-02-07,70.96
P00653,2025-02-01,31.33
P00653,2025-02-02,26.92
P00653,2025-02-03,28.16
P00653,2025-02-04,25.76
P00653,2025-02-05,25.52
P00653,2025-02-06,24.35
P00653,2025-02-07,24.74
P00654,2025-02-01,238.41
P00654,2025-02-02,242.46
P00654,2025-02-03,218.86
P00654,2025-02-04,209.86
P00654,2025-02-05,185.68
P00654,2025-02-06,182.1
P00654,2025-02-07,168.09
P00655,2025-02-01,117.38
P00655,2025-02-02,115.11
P00655,2025-02-03,117.08
P00655,2025-02-04,111.62
P00655,2025-02-05,103.28
P00655,2025-02-06,106.53
P00655,2025-02-07,101.55
P00656,2025-02-01,12.66
P00656,2025-02-02,11.65
P00656,2025-02-03,11.92
P00656,2025-02-04,11.29
P00656,2025-02-05,10.69
P00656,2025-02-06,10.38
P00656,2025-02-07,9.86
P00657,2025-02-01,185.47
P00657,2025-02-02,162.8
P00657,2025-02-03,143.77
P00657,2025-02-04,124.42
P00657,2025-02-05,121.77
P00657,2025-02-06,108.66
P00657,2025-02-07,96.42
P00658,2025-02-01,72.94
P00658,2025-02-02,67.28
P00658,2025-02-03,66.84
P00658,2025-02-04,58.4
P00658,2025-02-05,52.33
P00658,2025-02-06,52.97
P00658,2025-02-07,52.65
P00659,2025-02-01,162.37
P00659,2025-02-02,153.65
P00659,2025-02-03,145.32
P00659,2025-02-04,129.65
P00659,2025-02-05,114.38
P00659,2025-02-06,116.29
P00659,2025-02-07,99.37
P00660,2025-02-01,232.36
P00660,2025-02-02,199.51
P00660,2025-02-03,192.47
P00660,2025-02-04,169.8
P00660,2025-02-05,165.71
P00660,2025-02-06,142.15
P00660,2025-02-07,137.1
P00661,2025-02-01,121.24
P00661,2025-02-02,104.41
P00661,2025-02-03,94.14
P00661,2025-02-04,83.41
P00661,2025-02-05,86.88
P00661,2025-02-06,84.26
P00661,2025-02-07,81.12
P00662,2025-02-01,115.18
P00662,2025-02-02,98.33
P00662,2025-02-03,97.73
P00662,2025-02-04,96.0
P00662,2025-02-05,87.04
P00662,2025-02-06,75.48
P00662,2025-02-07,70.94
P00663,2025-02-01,180.18
P00663,2025-02-02,188.93
P00663,2025-02-03,193.36
P00663,2025-02-04,170.95
P00663,2025-02-05,173.7
P00663,2025-02-06,168.52
P00663,2025-02-07,170.02
P00664,2025-02-01,163.44
P00664,2025-02-02,165.74
P00664,2025-02-03,146.91
P00664,2025-02-04,144.26
P00664,2025-02-05,130.25
P00664,2025-02-06,129.58
P00664,2025-02-07,119.02
P00665,2025-02-01,149.91
P00665,2025-02-02,141.02
P00665,2025-02-03,136.52
P00665,2025-02-04,122.32
P00665,2025-02-05,113.4
P00665,2025-02-06,98.85
P00665,2025-02-07,88.02
P00666,2025-02-01,137.0
P00666,2025-02-02,140.0
P00666,2025-02-03,133.12
P00666,2025-02-04,124.33
P00666,2025-02-05,109.4
P00666,2025-02-06,95.1
P00666,2025-02-07,89.89
P00667,2025-02-01,116.79
P00667,2025-02-02,113.63
P00667,2025-02-03,97.47
P00667,2025-02-04,98.13
P00667,2025-02-05,93.29
P00667,2025-02-06,81.49
P00667,2025-02-07,77.13
P00668,2025-02-01,165.76
P00668,2025-02-02,145.22
P00668,2025-02-03,140.96
P00668,2025-02-04,143.15
P00668,2025-02-05,147.36
P00668,2025-02-06,148.09
P00668,2025-02-07,145.11
P00669,2025-02-01,181.61
P00669,2025-02-02,173.33
P00669,2025-02-03,160.17
P00669,2025-02-04,137.54
P00669,2025-02-05,131.48
P00669,2025-02-06,117.79
P00669,2025-02-07,119.02
P00670,2025-02-01,126.23
P00670,2025-02-02,127.23
P00670,2025-02-03,117.85
P00670,2025-02-04,114.06
P00670,2025-02-05,113.86
P00670,2025-02-06,114.12
P00670,2025-02-07,112.9
P00671,2025-02-01,20.64
P00671,2025-02-02,17.95
P00671,2025-02-03,15.74
P00671,2025-02-04,14.88
P00671,2025-02-05,13.34
P00671,2025-02-06,13.63
P00671,2025-02-07,12.36
P00672,2025-02-01,248.33
P00672,2025-02-02,254.63
P00672,2025-02-03,237.25
P00672,2025-02-04,210.63
P00672,2025-02-05,208.91
P00672,2025-02-06,210.56
P00672,2025-02-07,203.32
P00673,2025-02-01,125.27
P00673,2025-02-02,109.43
P00673,2025-02-03,93.17
P00673,2025-02-04,91.39
P00673,2025-02-05,90.25
P00673,2025-02-06,82.41
P00673,2025-02-07,76.02
P00674,2025-02-01,204.82
P00674,2025-02-02,180.44
P00674,2025-02-03,176.89
P00674,2025-02-04,159.33
P00674,2025-02-05,162.68
P00674,2025-02-06,152.06
P00674,2025-02-07,140.37
P00675,2025-02-01,202.22
P00675,2025-02-02,183.03
P00675,2025-02-03,180.49
P00675,2025-02-04,180.67
P00675,2025-02-05,168.5
P00675,2025-02-06,169.64
P00675,2025-02-07,160.56
P00676,2025-02-01,59.0
P00676,2025-02-02,54.52
P00676,2025-02-03,52.39
P00676,2025-02-04,47.19
P00676,2025-02-05,43.01
P00676,2025-02-06,39.52
P00676,2025-02-07,39.17
P00677,2025-02-01,121.49
P00677,2025-02-02,121.14
P00677,2025-02-03,123.68
P00677,2025-02-04,121.44
P00677,2025-02-05,121.39
P00677,2025-02-06,114.02
P00677,2025-02-07,112.86
P00678,2025-02-01,221.38
P00678,2025-02-02,195.34
P00678,2025-02-03,174.42
P00678,2025-02-04,162.23
P00678,2025-02-05,148.88
P00678,2025-02-06,142.94
P00678,2025-02-07,141.43
P00679,2025-02-01,180.9
P00679,2025-02-02,179.34
P00679,2025-02-03,158.2
P00679,2025-02-04,164.99
P00679,2025-02-05,140.42
P00679,2025-02-06,121.92
P00679,2025-02-07,107.18
P00680,2025-02-01,125.59
P00680,2025-02-02,130.01
P00680,2025-02-03,121.83
P00680,2025-02-04,105.12
P00680,2025-02-05,94.01
P00680,2025-02-06,81.41
P00680,2025-02-07,69.81
P00681,2025-02-01,210.25
P00681,2025-02-02,194.87
P00681,2025-02-03,204.01
P00681,2025-02-04,198.46
P00681,2025-02-05,189.37
P00681,2025-02-06,187.92
P00681,2025-02-07,182.19
P00682,2025-02-01,172.7
P00682,2025-02-02,179.46
P00682,2025-02-03,181.98
P00682,2025-02-04,177.99
P00682,2025-02-05,166.92
P00682,2025-02-06,148.62
P00682,2025-02-07,145.85
P00683,2025-02-01,190.4
P00683,2025-02-02,192.45
P00683,2025-02-03,174.59
P00683,2025-02-04,149.58
P00683,2025-02-05,145.08
P00683,2025-02-06,138.28
P00683,2025-02-07,123.95
P00684,2025-02-01,85.68
P00684,2025-02-02,75.73
P00684,2025-02-03,64.92
P00684,2025-02-04,58.29
P00684,2025-02-05,49.55
P00684,2025-02-06,43.68
P00684,2025-02-07,45.84
P00685,2025-02-01,204.29
P00685,2025-02-02,205.5
P00685,2025-02-03,189.19
P00685,2025-02-04,175.76
P00685,2025-02-05,170.0
P00685,2025-02-06,162.1
P00685,2025-02-07,161.68
P00686,2025-02-01,175.57
P00686,2025-02-02,151.64
P00686,2025-02-03,131.63
P00686,2025-02-04,119.38
P00686,2025-02-05,121.28
P00686,2025-02-06,125.28
P00686,2025-02-07,115.21
P00687,2025-02-01,220.94
P00687,2025-02-02,230.36
P00687,2025-02-03,208.55
P00687,2025-02-04,202.56
P00687,2025-02-05,180.06
P00687,2025-02-06,186.53
P00687,2025-02-07,180.0
P00688,2025-02-01,103.75
P00688,2025-02-02,93.61
P00688,2025-02-03,87.19
P00688,2025-02-04,75.97
P00688,2025-02-05,65.67
P00688,2025-02-06,59.68
P00688,2025-02-07,62.03
P00689,2025-02-01,78.16
P00689,2025-02-02,78.99
P00689,2025-02-03,82.26
P00689,2025-02-04,84.33
P00689,2025-02-05,85.4
P00689,2025-02-06,82.41
P00689,2025-02-07,81.49
P00690,2025-02-01,62.74
P00690,2025-02-02,65.45
P00690,2025-02-03,63.0
P00690,2025-02-04,63.25
P00690,2025-02-05,63.34
P00690,2025-02-06,66.02
P00690,2025-02-07,62.18
P00691,2025-02-01,144.88
P00691,2025-02-02,136.5
P00691,2025-02-03,132.05
P00691,2025-02-04,112.96
P00691,2025-02-05,98.64
P00691,2025-02-06,85.18
P00691,2025-02-07,83.2
P00692,2025-02-01,76.93
P00692,2025-02-02,80.69
P00692,2025-02-03,79.51
P00692,2025-02-04,71.24
P00692,2025-02-05,65.05
P00692,2025-02-06,67.72
P00692,2025-02-07,64.56
P00693,2025-02-01,192.45
P00693,2025-02-02,163.96
P00693,2025-02-03,166.65
P00693,2025-02-04,149.93
P00693,2025-02-05,130.23
P00693,2025-02-06,128.24
P00693,2025-02-07,130.06
P00694,2025-02-01,27.56
P00694,2025-02-02,23.85
P00694,2025-02-03,24.72
P00694,2025-02-04,23.37
P00694,2025-02-05,21.52
P00694,2025-02-06,22.14
P00694,2025-02-07,20.01
P00695,2025-02-01,170.46
P00695,2025-02-02,177.18
P00695,2025-02-03,174.81
P00695,2025-02-04,180.4
P00695,2025-02-05,171.34
P00695,2025-02-06,152.48
P00695,2025-02-07,152.04
P00696,2025-02-01,203.03
P00696,2025-02-02,208.01
P00696,2025-02-03,185.41
P00696,2025-02-04,165.12
P00696,2025-02-05,148.6
P00696,2025-02-06,144.69
P00696,2025-02-07,127.5
P00697,2025-02-01,94.76
P00697,2025-02-02,82.57
P00697,2025-02-03,85.38
P00697,2025-02-04,84.11
P00697,2025-02-05,82.65
P00697,2025-02-06,80.4
P00697,2025-02-07,80.63
P00698,2025-02-01,149.16
P00698,2025-02-02,142.94
P00698,2025-02-03,122.71
P00698,2025-02-04,116.14
P00698,2025-02-05,113.14
P00698,2025-02-06,107.31
P00698,2025-02-07,112.36
P00699,2025-02-01,62.36
P00699,2025-02-02,64.19
P00699,2025-02-03,65.71
P00699,2025-02-04,62.3
P00699,2025-02-05,65.22
P00699,2025-02-06,67.39
P00699,2025-02-07,61.06
P00700,2025-02-01,242.3
P00700,2025-02-02,216.72
P00700,2025-02-03,209.21
P00700,2025-02-04,180.09
P00700,2025-02-05,181.86
P00700,2025-02-06,171.98
P00700,2025-02-07,164.78
P00701,2025-02-01,30.25
P00701,2025-02-02,28.75
P00701,2025-02-03,26.7
P00701,2025-02-04,26.36
P00701,2025-02-05,23.33
P00701,2025-02-06,24.39
P00701,2025-02-07,24.14
P00702,2025-02-01,221.95
P00702,2025-02-02,209.08
P00702,2025-02-03,206.54
P00702,2025-02-04,176.05
P00702,2025-02-05,157.06
P00702,2025-02-06,151.75
P00702,2025-02-07,138.86
P00703,2025-02-01,105.39
P00703,2025-02-02,102.5
P00703,2025-02-03,92.45
P00703,2025-02-04,88.73
P00703,2025-02-05,79.63
P00703,2025-02-06,75.19
P00703,2025-02-07,73.13
P00704,2025-02-01,77.04
P00704,2025-02-02,71.12
P00704,2025-02-03,67.55
P00704,2025-02-04,60.26
P00704,2025-02-05,59.67
P00704,2025-02-06,55.16
P00704,2025-02-07,56.31
P00705,2025-02-01,183.79
P00705,2025-02-02,166.5
P00705,2025-02-03,147.52
P00705,2025-02-04,129.26
P00705,2025-02-05,124.76
P00705,2025-02-06,111.75
P00705,2025-02-07,97.22
P00706,2025-02-01,159.11
P00706,2025-02-02,143.83
P00706,2025-02-03,129.04
P00706,2025-02-04,120.84
P00706,2025-02-05,111.92
P00706,2025-02-06,98.4
P00706,2025-02-07,102.52
P00707,2025-02-01,56.8
P00707,2025-02-02,49.98
P00707,2025-02-03,50.54
P00707,2025-02-04,44.74
P00707,2025-02-05,42.5
P00707,2025-02-06,44.59
P00707,2025-02-07,45.48
P00708,2025-02-01,50.55
P00708,2025-02-02,48.19
P00708,2025-02-03,47.91
P00708,2025-02-04,48.25
P00708,2025-02-05,43.91
P00708,2025-02-06,42.26
P00708,2025-02-07,40.72
P00709,2025-02-01,186.15
P00709,2025-02-02,173.06
P00709,2025-02-03,171.0
P00709,2025-02-04,147.4
P00709,2025-02-05,149.28
P00709,2025-02-06,141.12
P00709,2025-02-07,137.73
P00710,2025-02-01,74.89
P00710,2025-02-02,70.39
P00710,2025-02-03,64.54
P00710,2025-02-04,59.52
P00710,2025-02-05,57.26
P00710,2025-02-06,59.34
P00710,2025-02-07,53.5
P00711,2025-02-01,249.91
P00711,2025-02-02,213.41
P00711,2025-02-03,186.57
P00711,2025-02-04,190.95
P00711,2025-02-05,199.09
P00711,2025-02-06,177.15
P00711,2025-02-07,170.98
P00712,2025-02-01,66.08
P00712,2025-02-02,64.75
P00712,2025-02-03,57.3
P00712,2025-02-04,57.65
P00712,2025-02-05,53.1
P00712,2025-02-06,52.28
P00712,2025-02-07,49.54
P00713,2025-02-01,251.94
P00713,2025-02-02,251.26
P00713,2025-02-03,258.28
P00713,2025-02-04,239.22
P00713,2025-02-05,217.05
P00713,2025-02-06,211.92
P00713,2025-02-07,186.27
P00714,2025-02-01,145.64
P00714,2025-02-02,128.68
P00714,2025-02-03,130.17
P00714,2025-02-04,119.43
P00714,2025-02-05,116.59
P00714,2025-02-06,112.43
P00714,2025-02-07,114.65
P00715,2025-02-01,151.55
P00715,2025-02-02,130.98
P00715,2025-02-03,115.58
P00715,2025-02-04,103.52
P00715,2025-02-05,94.55
P00715,2025-02-06,85.88
P00715,2025-02-07,77.59
P00716,2025-02-01,40.77
P00716,2025-02-02,39.91
P00716,2025-02-03,36.09
P00716,2025-02-04,33.89
P00716,2025-02-05,34.65
P00716,2025-02-06,31.97
P00716,2025-02-07,30.93
P00717,2025-02-01,97.81
P00717,2025-02-02,102.03
P00717,2025-02-03,95.17
P00717,2025-02-04,84.39
P00717,2025-02-05,72.12
P00717,2025-02-06,71.8
P00717,2025-02-07,70.54
P00718,2025-02-01,125.93
P00718,2025-02-02,130.73
P00718,2025-02-03,129.44
P00718,2025-02-04,112.1
P00718,2025-02-05,99.03
P00718,2025-02-06,86.22
P00718,2025-02-07,74.39
P00719,2025-02-01,246.51
P00719,2025-02-02,252.85
P00719,2025-02-03,242.66
P00719,2025-02-04,207.54
P00719,2025-02-05,192.89
P00719,2025-02-06,193.47
P00719,2025-02-07,167.67
P00720,2025-02-01,233.6
P00720,2025-02-02,210.82
P00720,2025-02-03,185.74
P00720,2025-02-04,182.2
P00720,2025-02-05,187.14
P00720,2025-02-06,170.65
P00720,2025-02-07,153.5
P00721,2025-02-01,154.82
P00721,2025-02-02,140.4
P00721,2025-02-03,136.93
P00721,2025-02-04,119.99
P00721,2025-02-05,122.11
P00721,2025-02-06,104.49
P00721,2025-02-07,102.68
P00722,2025-02-01,92.67
P00722,2025-02-02,94.72
P00722,2025-02-03,86.67
P00722,2025-02-04,81.92
P00722,2025-02-05,85.61
P00722,2025-02-06,82.02
P00722,2025-02-07,74.19
P00723,2025-02-01,173.26
P00723,2025-02-02,162.69
P00723,2025-02-03,169.83
P00723,2025-02-04,168.05
P00723,2025-02-05,148.79
P00723,2025-02-06,144.25
P00723,2025-02-07,140.82
P00724,2025-02-01,43.59
P00724,2025-02-02,42.59
P00724,2025-02-03,41.01
P00724,2025-02-04,39.15
P00724,2025-02-05,38.29
P00724,2025-02-06,34.92
P00724,2025-02-07,32.11
P00725,2025-02-01,135.75
P00725,2025-02-02,130.04
P00725,2025-02-03,131.46
P00725,2025-02-04,123.36
P00725,2025-02-05,113.88
P00725,2025-02-06,102.72
P00725,2025-02-07,93.55
P00726,2025-02-01,53.56
P00726,2025-02-02,45.53
P00726,2025-02-03,46.13
P00726,2025-02-04,47.03
P00726,2025-02-05,43.21
P00726,2025-02-06,40.78
P00726,2025-02-07,34.73
P00727,2025-02-01,99.45
P00727,2025-02-02,102.87
P00727,2025-02-03,106.92
P00727,2025-02-04,101.08
P00727,2025-02-05,86.1
P00727,2025-02-06,80.6
P00727,2025-02-07,73.23
P00728,2025-02-01,197.74
P00728,2025-02-02,177.22
P00728,2025-02-03,150.89
P00728,2025-02-04,139.53
P00728,2025-02-05,130.09
P00728,2025-02-06,125.16
P00728,2025-02-07,116.27
P00729,2025-02-01,23.39
P00729,2025-02-02,20.65
P00729,2025-02-03,20.6
P00729,2025-02-04,19.12
P00729,2025-02-05,17.7
P00729,2025-02-06,15.98
P00729,2025-02-07,14.93
P00730,2025-02-01,144.93
P00730,2025-02-02,130.13
P00730,2025-02-03,130.51
P00730,2025-02-04,134.69
P00730,2025-02-05,136.24
P00730,2025-02-06,134.46
P00730,2025-02-07,121.95
P00731,2025-02-01,21.05
P00731,2025-02-02,21.02
P00731,2025-02-03,21.27
P00731,2025-02-04,19.84
P00731,2025-02-05,20.25
P00731,2025-02-06,17.95
P00731,2025-02-07,16.3
P00732,2025-02-01,96.49
P00732,2025-02-02,94.31
P00732,2025-02-03,91.82
P00732,2025-02-04,83.04
P00732,2025-02-05,80.93
P00732,2025-02-06,71.83
P00732,2025-02-07,61.33
P00733,2025-02-01,249.06
P00733,2025-02-02,214.17
P00733,2025-02-03,204.96
P00733,2025-02-04,181.84
P00733,2025-02-05,158.28
P00733,2025-02-06,143.06
P00733,2025-02-07,142.06
P00734,2025-02-01,206.64
P00734,2025-02-02,205.69
P00734,2025-02-03,184.41
P00734,2025-02-04,162.31
P00734,2025-02-05,153.99
P00734,2025-02-06,141.42
P00734,2025-02-07,129.02
P00735,2025-02-01,35.15
P00735,2025-02-02,35.5
P00735,2025-02-03,37.26
P00735,2025-02-04,35.13
P00735,2025-02-05,35.42
P00735,2025-02-06,32.45
P00735,2025-02-07,33.06
P00736,2025-02-01,227.61
P00736,2025-02-02,236.79
P00736,2025-02-03,203.93
P00736,2025-02-04,204.98
P00736,2025-02-05,177.16
P00736,2025-02-06,167.24
P00736,2025-02-07,148.58
P00737,2025-02-01,130.02
P00737,2025-02-02,132.4
P00737,2025-02-03,134.18
P00737,2025-02-04,136.28
P00737,2025-02-05,119.16
P00737,2025-02-06,119.59
P00737,2025-02-07,107.61
P00738,2025-02-01,187.28
P00738,2025-02-02,188.08
P00738,2025-02-03,176.53
P00738,2025-02-04,176.09
P00738,2025-02-05,150.86
P00738,2025-02-06,142.14
P00738,2025-02-07,142.74
P00739,2025-02-01,238.69
P00739,2025-02-02,227.76
P00739,2025-02-03,238.33
P00739,2025-02-04,225.12
P00739,2025-02-05,222.03
P00739,2025-02-06,202.59
P00739,2025-02-07,185.29
P00740,2025-02-01,93.17
P00740,2025-02-02,90.92
P00740,2025-02-03,78.05
P00740,2025-02-04,80.98
P00740,2025-02-05,77.27
P00740,2025-02-06,69.59
P00740,2025-02-07,68.04
P00741,2025-02-01,89.42
P00741,2025-02-02,79.56
P00741,2025-02-03,81.75
P00741,2025-02-04,83.61
P00741,2025-02-05,74.71
P00741,2025-02-06,65.19
P00741,2025-02-07,63.66
P00742,2025-02-01,125.41
P00742,2025-02-02,114.74
P00742,2025-02-03,101.37
P00742,2025-02-04,91.76
P00742,2025-02-05,80.19
P00742,2025-02-06,80.82
P00742,2025-02-07,68.84
P00743,2025-02-01,181.87
P00743,2025-02-02,156.12
P00743,2025-02-03,157.17
P00743,2025-02-04,148.53
P00743,2025-02-05,143.96
P00743,2025-02-06,133.06
P00743,2025-02-07,115.48
P00744,2025-02-01,254.56
P00744,2025-02-02,224.4
P00744,2025-02-03,194.84
P00744,2025-02-04,189.72
P00744,2025-02-05,196.58
P00744,2025-02-06,206.29
P00744,2025-02-07,201.14
P00745,2025-02-01,55.61
P00745,2025-02-02,47.93
P00745,2025-02-03,46.92
P00745,2025-02-04,46.46
P00745,2025-02-05,46.85
P00745,2025-02-06,41.0
P00745,2025-02-07,36.76
P00746,2025-02-01,238.78
P00746,2025-02-02,249.84
P00746,2025-02-03,251.77
P00746,2025-02-04,252.11
P00746,2025-02-05,254.91
P00746,2025-02-06,239.04
P00746,2025-02-07,212.41
P00747,2025-02-01,78.86
P00747,2025-02-02,77.9
P00747,2025-02-03,71.8
P00747,2025-02-04,62.96
P00747,2025-02-05,64.83
P00747,2025-02-06,61.4
P00747,2025-02-07,57.56
P00748,2025-02-01,64.18
P00748,2025-02-02,58.34
P00748,2025-02-03,57.72
P00748,2025-02-04,51.25
P00748,2025-02-05,45.48
P00748,2025-02-06,41.82
P00748,2025-02-07,41.67
P00749,2025-02-01,142.03
P00749,2025-02-02,128.55
P00749,2025-02-03,130.64
P00749,2025-02-04,134.94
P00749,2025-02-05,129.66
P00749,2025-02-06,112.0
P00749,2025-02-07,98.67
P00750,2025-02-01,222.96
P00750,2025-02-02,202.7
P00750,2025-02-03,182.97
P00750,2025-02-04,168.96
P00750,2025-02-05,143.64
P00750,2025-02-06,140.42
P00750,2025-02-07,130.0
P00751,2025-02-01,21.99
P00751,2025-02-02,19.51
P00751,2025-02-03,16.66
P00751,2025-02-04,17.02
P00751,2025-02-05,17.11
P00751,2025-02-06,15.36
P00751,2025-02-07,15.27
P00752,2025-02-01,49.21
P00752,2025-02-02,48.31
P00752,2025-02-03,46.27
P00752,2025-02-04,42.92
P00752,2025-02-05,40.98
P00752,2025-02-06,38.91
P00752,2025-02-07,37.37
P00753,2025-02-01,145.67
P00753,2025-02-02,141.68
P00753,2025-02-03,129.57
P00753,2025-02-04,126.74
P00753,2025-02-05,110.53
P00753,2025-02-06,105.52
P00753,2025-02-07,91.1
P00754,2025-02-01,112.3
P00754,2025-02-02,114.21
P00754,2025-02-03,100.04
P00754,2025-02-04,102.51
P00754,2025-02-05,91.28
P00754,2025-02-06,86.45
P00754,2025-02-07,75.19
P00755,2025-02-01,107.93
P00755,2025-02-02,104.07
P00755,2025-02-03,105.87
P00755,2025-02-04,103.92
P00755,2025-02-05,99.26
P00755,2025-02-06,98.29
P00755,2025-02-07,88.58
P00756,2025-02-01,88.41
P00756,2025-02-02,81.63
P00756,2025-02-03,79.28
P00756,2025-02-04,68.51
P00756,2025-02-05,70.98
P00756,2025-02-06,63.3
P00756,2025-02-07,60.03
P00757,2025-02-01,109.38
P00757,2025-02-02,112.44
P00757,2025-02-03,97.37
P00757,2025-02-04,98.36
P00757,2025-02-05,84.8
P00757,2025-02-06,81.54
P00757,2025-02-07,84.61
P00758,2025-02-01,138.58
P00758,2025-02-02,129.32
P00758,2025-02-03,119.47
P00758,2025-02-04,118.48
P00758,2025-02-05,120.23
P00758,2025-02-06,108.59
P00758,2025-02-07,93.18
P00759,2025-02-01,99.78
P00759,2025-02-02,86.22
P00759,2025-02-03,78.53
P00759,2025-02-04,81.59
P00759,2025-02-05,85.03
P00759,2025-02-06,73.93
P00759,2025-02-07,73.56
P00760,2025-02-01,41.09
P00760,2025-02-02,39.3
P00760,2025-02-03,34.89
P00760,2025-02-04,33.33
P00760,2025-02-05,29.99
P00760,2025-02-06,29.24
P00760,2025-02-07,25.9
P00761,2025-02-01,85.57
P00761,2025-02-02,85.56
P00761,2025-02-03,79.83
P00761,2025-02-04,69.54
P00761,2025-02-05,67.99
P00761,2025-02-06,62.66
P00761,2025-02-07,59.01
P00762,2025-02-01,134.59
P00762,2025-02-02,132.31
P00762,2025-02-03,135.82
P00762,2025-02-04,119.98
P00762,2025-02-05,106.31
P00762,2025-02-06,98.9
P00762,2025-02-07,90.74
P00763,2025-02-01,193.02
P00763,2025-02-02,170.17
P00763,2025-02-03,178.63
P00763,2025-02-04,167.66
P00763,2025-02-05,154.33
P00763,2025-02-06,140.91
P00763,2025-02-07,147.71
P00764,2025-02-01,138.56
P00764,2025-02-02,126.77
P00764,2025-02-03,117.18
P00764,2025-02-04,117.51
P00764,2025-02-05,110.0
P00764,2025-02-06,109.47
P00764,2025-02-07,106.37
P00765,2025-02-01,59.07
P00765,2025-02-02,56.86
P00765,2025-02-03,50.76
P00765,2025-02-04,50.92
P00765,2025-02-05,52.71
P00765,2025-02-06,47.48
P00765,2025-02-07,49.49
P00766,2025-02-01,214.14
P00766,2025-02-02,201.18
P00766,2025-02-03,186.98
P00766,2025-02-04,186.09
P00766,2025-02-05,194.76
P00766,2025-02-06,188.75
P00766,2025-02-07,179.98
P00767,2025-02-01,32.45
P00767,2025-02-02,34.03
P00767,2025-02-03,30.98
P00767,2025-02-04,28.19
P00767,2025-02-05,25.21
P00767,2025-02-06,25.74
P00767,2025-02-07,21.99
P00768,2025-02-01,62.92
P00768,2025-02-02,63.83
P00768,2025-02-03,63.06
P00768,2025-02-04,57.08
P00768,2025-02-05,54.84
P00768,2025-02-06,52.72
P00768,2025-02-07,54.57
P00769,2025-02-01,124.57
P00769,2025-02-02,109.74
P00769,2025-02-03,94.11
P00769,2025-02-04,86.69
P00769,2025-02-05,76.09
P00769,2025-02-06,70.26
P00769,2025-02-07,67.9
P00770,2025-02-01,108.56
P00770,2025-02-02,97.33
P00770,2025-02-03,98.52
P00770,2025-02-04,85.55
P00770,2025-02-05,79.56
P00770,2025-02-06,82.23
P00770,2025-02-07,81.97
P00771,2025-02-01,51.64
P00771,2025-02-02,51.37
P00771,2025-02-03,51.81
P00771,2025-02-04,45.83
P00771,2025-02-05,46.52
P00771,2025-02-06,45.96
P00771,2025-02-07,44.36
P00772,2025-02-01,99.07
P00772,2025-02-02,102.19
P00772,2025-02-03,99.03
P00772,2025-02-04,90.13
P00772,2025-02-05,89.78
P00772,2025-02-06,86.66
P00772,2025-02-07,75.02
P00773,2025-02-01,118.36
P00773,2025-02-02,101.93
P00773,2025-02-03,102.36
P00773,2025-02-04,94.13
P00773,2025-02-05,95.39
P00773,2025-02-06,89.03
P00773,2025-02-07,91.13
P00774,2025-02-01,123.24
P00774,2025-02-02,126.19
P00774,2025-02-03,112.98
P00774,2025-02-04,110.78
P00774,2025-02-05,107.51
P00774,2025-02-06,91.63
P00774,2025-02-07,92.13
P00775,2025-02-01,249.32
P00775,2025-02-02,230.99
P00775,2025-02-03,210.42
P00775,2025-02-04,180.59
P00775,2025-02-05,173.0
P00775,2025-02-06,152.23
P00775,2025-02-07,144.69
P00776,2025-02-01,235.95
P00776,2025-02-02,210.98
P00776,2025-02-03,181.46
P00776,2025-02-04,180.79
P00776,2025-02-05,167.88
P00776,2025-02-06,157.66
P00776,2025-02-07,152.78
P00777,2025-02-01,231.73
P00777,2025-02-02,220.36
P00777,2025-02-03,197.09
P00777,2025-02-04,178.95
P00777,2025-02-05,166.22
P00777,2025-02-06,145.68
P00777,2025-02-07,126.23
P00778,2025-02-01,198.31
P00778,2025-02-02,191.23
P00778,2025-02-03,164.43
P00778,2025-02-04,152.89
P00778,2025-02-05,132.56
P00778,2025-02-06,125.98
P00778,2025-02-07,126.58
P00779,2025-02-01,196.12
P00779,2025-02-02,171.82
P00779,2025-02-03,150.68
P00779,2025-02-04,144.93
P00779,2025-02-05,137.33
P00779,2025-02-06,134.65
P00779,2025-02-07,119.73
P00780,2025-02-01,215.91
P00780,2025-02-02,210.12
P00780,2025-02-03,209.52
P00780,2025-02-04,188.41
P00780,2025-02-05,162.85
P00780,2025-02-06,163.72
P00780,2025-02-07,149.75
P00781,2025-02-01,116.72
P00781,2025-02-02,120.79
P00781,2025-02-03,104.84
P00781,2025-02-04,103.2
P00781,2025-02-05,96.46
P00781,2025-02-06,88.71
P00781,2025-02-07,81.09
P00782,2025-02-01,165.16
P00782,2025-02-02,160.0
P00782,2025-02-03,136.77
P00782,2025-02-04,124.59
P00782,2025-02-05,130.51
P00782,2025-02-06,127.02
P00782,2025-02-07,133.12
P00783,2025-02-01,188.09
P00783,2025-02-02,176.51
P00783,2025-02-03,155.18
P00783,2025-02-04,133.3
P00783,2025-02-05,135.12
P00783,2025-02-06,120.25
P00783,2025-02-07,111.2
P00784,2025-02-01,217.56
P00784,2025-02-02,217.9
P00784,2025-02-03,222.38
P00784,2025-02-04,194.02
P00784,2025-02-05,167.03
P00784,2025-02-06,173.68
P00784,2025-02-07,179.82
P00785,2025-02-01,70.62
P00785,2025-02-02,72.3
P00785,2025-02-03,73.31
P00785,2025-02-04,62.51
P00785,2025-02-05,61.81
P00785,2025-02-06,53.91
P00785,2025-02-07,50.68
P00786,2025-02-01,115.41
P00786,2025-02-02,98.62
P00786,2025-02-03,87.95
P00786,2025-02-04,84.22
P00786,2025-02-05,75.02
P00786,2025-02-06,71.62
P00786,2025-02-07,64.58
P00787,2025-02-01,170.67
P00787,2025-02-02,161.56
P00787,2025-02-03,160.91
P00787,2025-02-04,141.32
P00787,2025-02-05,139.87
P00787,2025-02-06,119.4
P00787,2025-02-07,115.41
P00788,2025-02-01,62.86
P00788,2025-02-02,61.77
P00788,2025-02-03,53.04
P00788,2025-02-04,46.89
P00788,2025-02-05,42.52
P00788,2025-02-06,42.85
P00788,2025-02-07,41.72
P00789,2025-02-01,83.88
P00789,2025-02-02,72.19
P00789,2025-02-03,70.81
P00789,2025-02-04,60.31
P00789,2025-02-05,55.95
P00789,2025-02-06,50.59
P00789,2025-02-07,51.62
P00790,2025-02-01,246.93
P00790,2025-02-02,242.49
P00790,2025-02-03,248.03
P00790,2025-02-04,211.77
P00790,2025-02-05,216.74
P00790,2025-02-06,212.38
P00790,2025-02-07,190.34
P00791,2025-02-01,30.46
P00791,2025-02-02,28.21
P00791,2025-02-03,29.49
P00791,2025-02-04,25.65
P00791,2025-02-05,23.42
P00791,2025-02-06,23.97
P00791,2025-02-07,22.92
P00792,2025-02-01,186.75
P00792,2025-02-02,165.7
P00792,2025-02-03,157.44
P00792,2025-02-04,148.25
P00792,2025-02-05,153.48
P00792,2025-02-06,131.12
P00792,2025-02-07,117.94
P00793,2025-02-01,23.25
P00793,2025-02-02,22.22
P00793,2025-02-03,20.37
P00793,2025-02-04,18.92
P00793,2025-02-05,16.68
P00793,2025-02-06,15.33
P00793,2025-02-07,14.11
P00794,2025-02-01,45.66
P00794,2025-02-02,44.52
P00794,2025-02-03,39.95
P00794,2025-02-04,41.77
P00794,2025-02-05,39.69
P00794,2025-02-06,40.18
P00794,2025-02-07,39.18
P00795,2025-02-01,228.34
P00795,2025-02-02,234.22
P00795,2025-02-03,240.8
P00795,2025-02-04,243.92
P00795,2025-02-05,208.77
P00795,2025-02-06,200.63
P00795,2025-02-07,181.78
P00796,2025-02-01,62.61
P00796,2025-02-02,55.12
P00796,2025-02-03,56.74
P00796,2025-02-04,55.68
P00796,2025-02-05,48.31
P00796,2025-02-06,44.76
P00796,2025-02-07,46.65
P00797,2025-02-01,57.78
P00797,2025-02-02,56.19
P00797,2025-02-03,54.79
P00797,2025-02-04,49.06
P00797,2025-02-05,44.06
P00797,2025-02-06,38.8
P00797,2025-02-07,40.51
P00798,2025-02-01,142.77
P00798,2025-02-02,147.33
P00798,2025-02-03,134.93
P00798,2025-02-04,129.32
P00798,2025-02-05,115.27
P00798,2025-02-06,101.17
P00798,2025-02-07,96.95
P00799,2025-02-01,202.69
P00799,2025-02-02,204.72
P00799,2025-02-03,209.33
P00799,2025-02-04,190.87
P00799,2025-02-05,189.16
P00799,2025-02-06,180.6
P00799,2025-02-07,158.4
P00800,2025-02-01,43.42
P00800,2025-02-02,45.55
P00800,2025-02-03,47.61
P00800,2025-02-04,41.85
P00800,2025-02-05,43.38
P00800,2025-02-06,44.83
P00800,2025-02-07,40.95
P00801,2025-02-01,167.75
P00801,2025-02-02,161.29
P00801,2025-02-03,167.7
P00801,2025-02-04,146.52
P00801,2025-02-05,133.85
P00801,2025-02-06,137.32
P00801,2025-02-07,136.69
P00802,2025-02-01,163.05
P00802,2025-02-02,163.55
P00802,2025-02-03,167.81
P00802,2025-02-04,156.53
P00802,2025-02-05,145.93
P00802,2025-02-06,136.97
P00802,2025-02-07,142.0
P00803,2025-02-01,201.71
P00803,2025-02-02,207.52
P00803,2025-02-03,215.13
P00803,2025-02-04,194.64
P00803,2025-02-05,195.77
P00803,2025-02-06,170.59
P00803,2025-02-07,151.3
P00804,2025-02-01,195.74
P00804,2025-02-02,196.23
P00804,2025-02-03,190.81
P00804,2025-02-04,172.37
P00804,2025-02-05,166.06
P00804,2025-02-06,148.82
P00804,2025-02-07,133.41
P00805,2025-02-01,104.16
P00805,2025-02-02,102.86
P00805,2025-02-03,94.82
P00805,2025-02-04,93.65
P00805,2025-02-05,88.53
P00805,2025-02-06,84.14
P00805,2025-02-07,81.7
P00806,2025-02-01,48.16
P00806,2025-02-02,47.79
P00806,2025-02-03,44.2
P00806,2025-02-04,45.1
P00806,2025-02-05,42.77
P00806,2025-02-06,37.53
P00806,2025-02-07,33.35
P00807,2025-02-01,140.27
P00807,2025-02-02,120.13
P00807,2025-02-03,120.48
P00807,2025-02-04,102.77
P00807,2025-02-05,92.9
P00807,2025-02-06,86.64
P00807,2025-02-07,86.51
P00808,2025-02-01,100.26
P00808,2025-02-02,105.04
P00808,2025-02-03,105.2
P00808,2025-02-04,90.81
P00808,2025-02-05,94.03
P00808,2025-02-06,98.46
P00808,2025-02-07,100.77
P00809,2025-02-01,174.37
P00809,2025-02-02,165.3
P00809,2025-02-03,151.25
P00809,2025-02-04,142.4
P00809,2025-02-05,128.07
P00809,2025-02-06,119.23
P00809,2025-02-07,102.34
P00810,2025-02-01,47.48
P00810,2025-02-02,47.34
P00810,2025-02-03,43.84
P00810,2025-02-04,40.01
P00810,2025-02-05,38.9
P00810,2025-02-06,38.84
P00810,2025-02-07,37.63
P00811,2025-02-01,22.75
P00811,2025-02-02,21.73
P00811,2025-02-03,22.28
P00811,2025-02-04,22.44
P00811,2025-02-05,21.41
P00811,2025-02-06,20.13
P00811,2025-02-07,20.44
P00812,2025-02-01,71.53
P00812,2025-02-02,61.41
P00812,2025-02-03,64.43
P00812,2025-02-04,61.45
P00812,2025-02-05,57.09
P00812,2025-02-06,56.92
P00812,2025-02-07,54.73
P00813,2025-02-01,47.11
P00813,2025-02-02,44.91
P00813,2025-02-03,43.84
P00813,2025-02-04,37.7
P00813,2025-02-05,34.24
P00813,2025-02-06,31.83
P00813,2025-02-07,28.99
P00814,2025-02-01,108.58
P00814,2025-02-02,110.27
P00814,2025-02-03,103.9
P00814,2025-02-04,97.09
P00814,2025-02-05,94.43
P00814,2025-02-06,81.3
P00814,2025-02-07,77.51
P00815,2025-02-01,45.68
P00815,2025-02-02,40.13
P00815,2025-02-03,40.77
P00815,2025-02-04,38.34
P00815,2025-02-05,38.13
P00815,2025-02-06,33.27
P00815,2025-02-07,33.46
P00816,2025-02-01,233.48
P00816,2025-02-02,242.25
P00816,2025-02-03,239.64
P00816,2025-02-04,210.18
P00816,2025-02-05,196.04
P00816,2025-02-06,184.31
P00816,2025-02-07,163.26
P00817,2025-02-01,249.84
P00817,2025-02-02,241.86
P00817,2025-02-03,240.05
P00817,2025-02-04,213.74
P00817,2025-02-05,201.12
P00817,2025-02-06,181.01
P00817,2025-02-07,178.9
P00818,2025-02-01,255.25
P00818,2025-02-02,263.27
P00818,2025-02-03,265.72
P00818,2025-02-04,264.04
P00818,2025-02-05,230.96
P00818,2025-02-06,201.59
P00818,2025-02-07,189.47
P00819,2025-02-01,199.47
P00819,2025-02-02,184.03
P00819,2025-02-03,175.71
P00819,2025-02-04,162.85
P00819,2025-02-05,164.19
P00819,2025-02-06,156.36
P00819,2025-02-07,162.61
P00820,2025-02-01,192.52
P00820,2025-02-02,178.22
P00820,2025-02-03,165.05
P00820,2025-02-04,165.65
P00820,2025-02-05,171.03
P00820,2025-02-06,164.72
P00820,2025-02-07,161.74
P00821,2025-02-01,206.97
P00821,2025-02-02,182.14
P00821,2025-02-03,186.47
P00821,2025-02-04,165.17
P00821,2025-02-05,163.92
P00821,2025-02-06,153.09
P00821,2025-02-07,139.6
P00822,2025-02-01,161.11
P00822,2025-02-02,161.71
P00822,2025-02-03,151.89
P00822,2025-02-04,148.14
P00822,2025-02-05,129.4
P00822,2025-02-06,113.4
P00822,2025-02-07,100.99
P00823,2025-02-01,185.82
P00823,2025-02-02,181.08
P00823,2025-02-03,163.08
P00823,2025-02-04,153.58
P00823,2025-02-05,156.82
P00823,2025-02-06,150.34
P00823,2025-02-07,127.96
P00824,2025-02-01,42.78
P00824,2025-02-02,43.92
P00824,2025-02-03,39.42
P00824,2025-02-04,38.15
P00824,2025-02-05,36.06
P00824,2025-02-06,33.61
P00824,2025-02-07,29.1
P00825,2025-02-01,115.74
P00825,2025-02-02,112.27
P00825,2025-02-03,100.92
P00825,2025-02-04,96.83
P00825,2025-02-05,94.31
P00825,2025-02-06,90.68
P00825,2025-02-07,92.04
P00826,2025-02-01,101.74
P00826,2025-02-02,87.47
P00826,2025-02-03,76.94
P00826,2025-02-04,75.45
P00826,2025-02-05,64.69
P00826,2025-02-06,66.03
P00826,2025-02-07,64.93
P00827,2025-02-01,198.55
P00827,2025-02-02,202.05
P00827,2025-02-03,183.8
P00827,2025-02-04,190.06
P00827,2025-02-05,163.41
P00827,2025-02-06,152.53
P00827,2025-02-07,135.09
P00828,2025-02-01,154.37
P00828,2025-02-02,151.96
P00828,2025-02-03,147.74
P00828,2025-02-04,146.01
P00828,2025-02-05,141.48
P00828,2025-02-06,142.54
P00828,2025-02-07,126.22
P00829,2025-02-01,224.15
P00829,2025-02-02,210.94
P00829,2025-02-03,203.72
P00829,2025-02-04,211.11
P00829,2025-02-05,183.38
P00829,2025-02-06,166.85
P00829,2025-02-07,154.12
P00830,2025-02-01,74.51
P00830,2025-02-02,68.98
P00830,2025-02-03,59.57
P00830,2025-02-04,55.73
P00830,2025-02-05,53.51
P00830,2025-02-06,48.62
P00830,2025-02-07,42.64
P00831,2025-02-01,237.7
P00831,2025-02-02,235.07
P00831,2025-02-03,212.71
P00831,2025-02-04,203.23
P00831,2025-02-05,194.07
P00831,2025-02-06,191.97
P00831,2025-02-07,186.67
P00832,2025-02-01,209.99
P00832,2025-02-02,183.08
P00832,2025-02-03,182.34
P00832,2025-02-04,177.93
P00832,2025-02-05,186.37
P00832,2025-02-06,176.44
P00832,2025-02-07,174.28
P00833,2025-02-01,65.5
P00833,2025-02-02,67.91
P00833,2025-02-03,71.12
P00833,2025-02-04,64.54
P00833,2025-02-05,62.72
P00833,2025-02-06,57.28
P00833,2025-02-07,54.71
P00834,2025-02-01,91.39
P00834,2025-02-02,95.87
P00834,2025-02-03,88.27
P00834,2025-02-04,77.32
P00834,2025-02-05,74.42
P00834,2025-02-06,70.99
P00834,2025-02-07,69.31
P00835,2025-02-01,130.39
P00835,2025-02-02,123.68
P00835,2025-02-03,109.58
P00835,2025-02-04,106.5
P00835,2025-02-05,105.62
P00835,2025-02-06,110.46
P00835,2025-02-07,93.93
P00836,2025-02-01,79.66
P00836,2025-02-02,68.09
P00836,2025-02-03,66.39
P00836,2025-02-04,58.0
P00836,2025-02-05,59.14
P00836,2025-02-06,59.73
P00836,2025-02-07,62.7
P00837,2025-02-01,44.41
P00837,2025-02-02,41.43
P00837,2025-02-03,37.98
P00837,2025-02-04,36.54
P00837,2025-02-05,35.72
P00837,2025-02-06,30.44
P00837,2025-02-07,27.1
P00838,2025-02-01,39.63
P00838,2025-02-02,35.92
P00838,2025-02-03,36.21
P00838,2025-02-04,33.01
P00838,2025-02-05,31.4
P00838,2025-02-06,28.72
P00838,2025-02-07,24.45
P00839,2025-02-01,192.16
P00839,2025-02-02,189.69
P00839,2025-02-03,174.19
P00839,2025-02-04,173.3
P00839,2025-02-05,168.66
P00839,2025-02-06,144.34
P00839,2025-02-07,127.76
P00840,2025-02-01,117.8
P00840,2025-02-02,107.92
P00840,2025-02-03,99.03
P00840,2025-02-04,97.49
P00840,2025-02-05,100.73
P00840,2025-02-06,101.68
P00840,2025-02-07,99.56
P00841,2025-02-01,62.4
P00841,2025-02-02,59.05
P00841,2025-02-03,57.6
P00841,2025-02-04,59.24
P00841,2025-02-05,56.72
P00841,2025-02-06,52.01
P00841,2025-02-07,52.36
P00842,2025-02-01,136.49
P00842,2025-02-02,127.32
P00842,2025-02-03,127.13
P00842,2025-02-04,129.29
P00842,2025-02-05,117.64
P00842,2025-02-06,117.05
P00842,2025-02-07,106.88
P00843,2025-02-01,211.65
P00843,2025-02-02,202.59
P00843,2025-02-03,180.64
P00843,2025-02-04,178.31
P00843,2025-02-05,180.08
P00843,2025-02-06,185.05
P00843,2025-02-07,170.38
P00844,2025-02-01,54.23
P00844,2025-02-02,56.61
P00844,2025-02-03,51.29
P00844,2025-02-04,43.92
P00844,2025-02-05,45.97
P00844,2025-02-06,44.83
P00844,2025-02-07,45.66
P00845,2025-02-01,219.05
P00845,2025-02-02,211.21
P00845,2025-02-03,195.98
P00845,2025-02-04,189.91
P00845,2025-02-05,194.26
P00845,2025-02-06,194.32
P00845,2025-02-07,192.58
P00846,2025-02-01,182.31
P00846,2025-02-02,166.43
P00846,2025-02-03,142.52
P00846,2025-02-04,132.94
P00846,2025-02-05,126.21
P00846,2025-02-06,113.28
P00846,2025-02-07,106.53
P00847,2025-02-01,119.69
P00847,2025-02-02,124.49
P00847,2025-02-03,111.2
P00847,2025-02-04,101.24
P00847,2025-02-05,88.33
P00847,2025-02-06,88.95
P00847,2025-02-07,89.44
P00848,2025-02-01,122.23
P00848,2025-02-02,126.22
P00848,2025-02-03,118.49
P00848,2025-02-04,101.31
P00848,2025-02-05,95.89
P00848,2025-02-06,91.1
P00848,2025-02-07,80.9
P00849,2025-02-01,135.69
P00849,2025-02-02,140.4
P00849,2025-02-03,139.91
P00849,2025-02-04,133.58
P00849,2025-02-05,134.26
P00849,2025-02-06,117.97
P00849,2025-02-07,120.84
P00850,2025-02-01,179.71
P00850,2025-02-02,182.3
P00850,2025-02-03,189.16
P00850,2025-02-04,186.39
P00850,2025-02-05,163.38
P00850,2025-02-06,162.55
P00850,2025-02-07,153.1
P00851,2025-02-01,159.81
P00851,2025-02-02,158.65
P00851,2025-02-03,151.43
P00851,2025-02-04,128.84
P00851,2025-02-05,133.54
P00851,2025-02-06,131.86
P00851,2025-02-07,127.75
P00852,2025-02-01,43.77
P00852,2025-02-02,37.97
P00852,2025-02-03,35.82
P00852,2025-02-04,30.78
P00852,2025-02-05,29.37
P00852,2025-02-06,28.84
P00852,2025-02-07,26.32
P00853,2025-02-01,127.85
P00853,2025-02-02,123.44
P00853,2025-02-03,112.63
P00853,2025-02-04,115.83
P00853,2025-02-05,105.89
P00853,2025-02-06,94.08
P00853,2025-02-07,85.17
P00854,2025-02-01,109.34
P00854,2025-02-02,99.92
P00854,2025-02-03,93.75
P00854,2025-02-04,81.89
P00854,2025-02-05,72.05
P00854,2025-02-06,65.19
P00854,2025-02-07,55.61
P00855,2025-02-01,136.08
P00855,2025-02-02,132.62
P00855,2025-02-03,126.36
P00855,2025-02-04,112.63
P00855,2025-02-05,103.63
P00855,2025-02-06,94.69
P00855,2025-02-07,83.17
P00856,2025-02-01,59.57
P00856,2025-02-02,59.03
P00856,2025-02-03,53.52
P00856,2025-02-04,48.11
P00856,2025-02-05,41.58
P00856,2025-02-06,40.44
P00856,2025-02-07,37.11
P00857,2025-02-01,176.42
P00857,2025-02-02,165.61
P00857,2025-02-03,145.08
P00857,2025-02-04,136.98
P00857,2025-02-05,134.94
P00857,2025-02-06,117.56
P00857,2025-02-07,101.19
P00858,2025-02-01,144.32
P00858,2025-02-02,134.98
P00858,2025-02-03,119.56
P00858,2025-02-04,115.88
P00858,2025-02-05,112.24
P00858,2025-02-06,114.17
P00858,2025-02-07,113.01
P00859,2025-02-01,147.62
P00859,2025-02-02,143.67
P00859,2025-02-03,131.1
P00859,2025-02-04,132.87
P00859,2025-02-05,131.88
P00859,2025-02-06,129.79
P00859,2025-02-07,124.17
P00860,2025-02-01,81.75
P00860,2025-02-02,85.41
P00860,2025-02-03,85.51
P00860,2025-02-04,80.65
P00860,2025-02-05,70.68
P00860,2025-02-06,71.57
P00860,2025-02-07,74.0
P00861,2025-02-01,213.03
P00861,2025-02-02,201.03
P00861,2025-02-03,189.19
P00861,2025-02-04,186.71
P00861,2025-02-05,185.22
P00861,2025-02-06,174.68
P00861,2025-02-07,156.57
P00862,2025-02-01,38.93
P00862,2025-02-02,34.83
P00862,2025-02-03,35.6
P00862,2025-02-04,34.65
P00862,2025-02-05,35.78
P00862,2025-02-06,33.22
P00862,2025-02-07,32.89
P00863,2025-02-01,109.09
P00863,2025-02-02,107.24
P00863,2025-02-03,108.07
P00863,2025-02-04,110.93
P00863,2025-02-05,104.35
P00863,2025-02-06,89.33
P00863,2025-02-07,84.42
P00864,2025-02-01,61.34
P00864,2025-02-02,56.45
P00864,2025-02-03,53.19
P00864,2025-02-04,47.03
P00864,2025-02-05,47.2
P00864,2025-02-06,45.83
P00864,2025-02-07,40.12
P00865,2025-02-01,140.9
P00865,2025-02-02,122.67
P00865,2025-02-03,124.33
P00865,2025-02-04,125.49
P00865,2025-02-05,114.85
P00865,2025-02-06,112.54
P00865,2025-02-07,113.5
P00866,2025-02-01,29.46
P00866,2025-02-02,28.18
P00866,2025-02-03,26.21
P00866,2025-02-04,24.45
P00866,2025-02-05,23.82
P00866,2025-02-06,22.86
P00866,2025-02-07,23.88
P00867,2025-02-01,200.62
P00867,2025-02-02,185.93
P00867,2025-02-03,170.71
P00867,2025-02-04,172.89
P00867,2025-02-05,167.39
P00867,2025-02-06,168.54
P00867,2025-02-07,157.93
P00868,2025-02-01,257.19
P00868,2025-02-02,259.11
P00868,2025-02-03,248.46
P00868,2025-02-04,222.93
P00868,2025-02-05,219.03
P00868,2025-02-06,189.59
P00868,2025-02-07,196.45
P00869,2025-02-01,168.93
P00869,2025-02-02,162.99
P00869,2025-02-03,154.4
P00869,2025-02-04,149.53
P00869,2025-02-05,140.94
P00869,2025-02-06,135.45
P00869,2025-02-07,137.4
P00870,2025-02-01,261.67
P00870,2025-02-02,231.64
P00870,2025-02-03,241.18
P00870,2025-02-04,208.36
P00870,2025-02-05,181.64
P00870,2025-02-06,183.97
P00870,2025-02-07,184.76
P00871,2025-02-01,105.36
P00871,2025-02-02,97.54
P00871,2025-02-03,92.55
P00871,2025-02-04,90.89
P00871,2025-02-05,78.9
P00871,2025-02-06,79.96
P00871,2025-02-07,82.16
P00872,2025-02-01,177.15
P00872,2025-02-02,182.58
P00872,2025-02-03,178.42
P00872,2025-02-04,151.66
P00872,2025-02-05,133.36
P00872,2025-02-06,117.34
P00872,2025-02-07,112.21
P00873,2025-02-01,241.93
P00873,2025-02-02,224.51
P00873,2025-02-03,216.78
P00873,2025-02-04,192.75
P00873,2025-02-05,190.11
P00873,2025-02-06,173.63
P00873,2025-02-07,167.39
P00874,2025-02-01,154.54
P00874,2025-02-02,159.58
P00874,2025-02-03,145.36
P00874,2025-02-04,150.98
P00874,2025-02-05,141.46
P00874,2025-02-06,148.04
P00874,2025-02-07,136.03
P00875,2025-02-01,33.91
P00875,2025-02-02,29.43
P00875,2025-02-03,25.06
P00875,2025-02-04,26.24
P00875,2025-02-05,24.43
P00875,2025-02-06,21.39
P00875,2025-02-07,19.44
P00876,2025-02-01,204.41
P00876,2025-02-02,188.84
P00876,2025-02-03,181.24
P00876,2025-02-04,155.98
P00876,2025-02-05,154.52
P00876,2025-02-06,156.71
P00876,2025-02-07,144.46
P00877,2025-02-01,20.27
P00877,2025-02-02,20.72
P00877,2025-02-03,21.2
P00877,2025-02-04,19.02
P00877,2025-02-05,18.84
P00877,2025-02-06,17.5
P00877,2025-02-07,15.99
P00878,2025-02-01,259.67
P00878,2025-02-02,240.6
P00878,2025-02-03,222.87
P00878,2025-02-04,213.74
P00878,2025-02-05,210.0
P00878,2025-02-06,198.44
P00878,2025-02-07,176.14
P00879,2025-02-01,120.48
P00879,2025-02-02,111.68
P00879,2025-02-03,115.58
P00879,2025-02-04,117.66
P00879,2025-02-05,103.64
P00879,2025-02-06,108.77
P00879,2025-02-07,107.03
P00880,2025-02-01,155.21
P00880,2025-02-02,136.1
P00880,2025-02-03,117.64
P00880,2025-02-04,100.36
P00880,2025-02-05,99.78
P00880,2025-02-06,94.53
P00880,2025-02-07,88.61
P00881,2025-02-01,231.61
P00881,2025-02-02,242.74
P00881,2025-02-03,210.44
P00881,2025-02-04,205.9
P00881,2025-02-05,192.14
P00881,2025-02-06,180.84
P00881,2025-02-07,182.25
P00882,2025-02-01,80.64
P00882,2025-02-02,78.29
P00882,2025-02-03,73.21
P00882,2025-02-04,64.86
P00882,2025-02-05,61.74
P00882,2025-02-06,59.3
P00882,2025-02-07,55.74
P00883,2025-02-01,108.05
P00883,2025-02-02,99.52
P00883,2025-02-03,88.29
P00883,2025-02-04,85.72
P00883,2025-02-05,82.77
P00883,2025-02-06,84.37
P00883,2025-02-07,75.71
P00884,2025-02-01,39.4
P00884,2025-02-02,37.44
P00884,2025-02-03,34.9
P00884,2025-02-04,33.48
P00884,2025-02-05,30.92
P00884,2025-02-06,32.33
P00884,2025-02-07,31.15
P00885,2025-02-01,219.61
P00885,2025-02-02,217.63
P00885,2025-02-03,189.91
P00885,2025-02-04,179.71
P00885,2025-02-05,177.57
P00885,2025-02-06,155.98
P00885,2025-02-07,155.4
P00886,2025-02-01,157.5
P00886,2025-02-02,164.86
P00886,2025-02-03,172.56
P00886,2025-02-04,173.56
P00886,2025-02-05,163.66
P00886,2025-02-06,141.67
P00886,2025-02-07,145.63
P00887,2025-02-01,251.97
P00887,2025-02-02,218.63
P00887,2025-02-03,206.49
P00887,2025-02-04,206.15
P00887,2025-02-05,214.83
P00887,2025-02-06,185.96
P00887,2025-02-07,181.63
P00888,2025-02-01,147.76
P00888,2025-02-02,149.18
P00888,2025-02-03,136.13
P00888,2025-02-04,117.15
P00888,2025-02-05,107.63
P00888,2025-02-06,108.24
P00888,2025-02-07,102.15
P00889,2025-02-01,40.62
P00889,2025-02-02,38.69
P00889,2025-02-03,36.52
P00889,2025-02-04,36.4
P00889,2025-02-05,34.0
P00889,2025-02-06,35.43
P00889,2025-02-07,35.77
P00890,2025-02-01,86.93
P00890,2025-02-02,78.92
P00890,2025-02-03,67.64
P00890,2025-02-04,69.98
P00890,2025-02-05,69.97
P00890,2025-02-06,69.65
P00890,2025-02-07,67.05
P00891,2025-02-01,127.65
P00891,2025-02-02,110.07
P00891,2025-02-03,103.98
P00891,2025-02-04,91.9
P00891,2025-02-05,79.06
P00891,2025-02-06,82.86
P00891,2025-02-07,83.84
P00892,2025-02-01,46.04
P00892,2025-02-02,44.88
P00892,2025-02-03,40.72
P00892,2025-02-04,35.28
P00892,2025-02-05,33.56
P00892,2025-02-06,34.24
P00892,2025-02-07,31.01
P00893,2025-02-01,189.18
P00893,2025-02-02,165.82
P00893,2025-02-03,150.27
P00893,2025-02-04,153.51
P00893,2025-02-05,130.92
P00893,2025-02-06,114.2
P00893,2025-02-07,101.06
P00894,2025-02-01,170.31
P00894,2025-02-02,164.92
P00894,2025-02-03,145.17
P00894,2025-02-04,136.36
P00894,2025-02-05,137.94
P00894,2025-02-06,124.46
P00894,2025-02-07,123.23
P00895,2025-02-01,23.63
P00895,2025-02-02,22.38
P00895,2025-02-03,22.6
P00895,2025-02-04,23.11
P00895,2025-02-05,21.23
P00895,2025-02-06,18.4
P00895,2025-02-07,16.17
P00896,2025-02-01,110.33
P00896,2025-02-02,114.39
P00896,2025-02-03,100.76
P00896,2025-02-04,95.64
P00896,2025-02-05,100.3
P00896,2025-02-06,100.71
P00896,2025-02-07,90.4
P00897,2025-02-01,157.57
P00897,2025-02-02,147.81
P00897,2025-02-03,144.49
P00897,2025-02-04,128.91
P00897,2025-02-05,128.51
P00897,2025-02-06,118.1
P00897,2025-02-07,115.56
P00898,2025-02-01,196.3
P00898,2025-02-02,196.52
P00898,2025-02-03,171.6
P00898,2025-02-04,151.61
P00898,2025-02-05,140.96
P00898,2025-02-06,128.31
P00898,2025-02-07,128.21
P00899,2025-02-01,138.34
P00899,2025-02-02,138.41
P00899,2025-02-03,132.39
P00899,2025-02-04,122.59
P00899,2025-02-05,121.5
P00899,2025-02-06,114.81
P00899,2025-02-07,100.92
P00900,2025-02-01,27.93
P00900,2025-02-02,28.6
P00900,2025-02-03,24.38
P00900,2025-02-04,25.24
P00900,2025-02-05,23.72
P00900,2025-02-06,23.38
P00900,2025-02-07,24.37
P00901,2025-02-01,20.91
P00901,2025-02-02,20.63
P00901,2025-02-03,17.7
P00901,2025-02-04,18.29
P00901,2025-02-05,17.88
P00901,2025-02-06,18.62
P00901,2025-02-07,17.43
P00902,2025-02-01,143.88
P00902,2025-02-02,148.72
P00902,2025-02-03,151.94
P00902,2025-02-04,139.33
P00902,2025-02-05,125.87
P00902,2025-02-06,109.46
P00902,2025-02-07,107.37
P00903,2025-02-01,197.26
P00903,2025-02-02,183.1
P00903,2025-02-03,183.95
P00903,2025-02-04,183.92
P00903,2025-02-05,183.34
P00903,2025-02-06,177.43
P00903,2025-02-07,157.73
P00904,2025-02-01,149.81
P00904,2025-02-02,137.45
P00904,2025-02-03,135.81
P00904,2025-02-04,120.33
P00904,2025-02-05,115.46
P00904,2025-02-06,113.68
P00904,2025-02-07,115.54
P00905,2025-02-01,65.22
P00905,2025-02-02,55.59
P00905,2025-02-03,48.34
P00905,2025-02-04,42.09
P00905,2025-02-05,39.53
P00905,2025-02-06,35.34
P00905,2025-02-07,32.04
P00906,2025-02-01,158.55
P00906,2025-02-02,140.89
P00906,2025-02-03,120.42
P00906,2025-02-04,104.57
P00906,2025-02-05,108.51
P00906,2025-02-06,106.48
P00906,2025-02-07,108.3
P00907,2025-02-01,49.88
P00907,2025-02-02,51.88
P00907,2025-02-03,50.72
P00907,2025-02-04,50.29
P00907,2025-02-05,43.95
P00907,2025-02-06,44.89
P00907,2025-02-07,39.32
P00908,2025-02-01,57.11
P00908,2025-02-02,56.04
P00908,2025-02-03,57.72
P00908,2025-02-04,55.6
P00908,2025-02-05,58.01
P00908,2025-02-06,59.7
P00908,2025-02-07,59.05
P00909,2025-02-01,187.52
P00909,2025-02-02,168.89
P00909,2025-02-03,159.33
P00909,2025-02-04,165.26
P00909,2025-02-05,161.58
P00909,2025-02-06,167.16
P00909,2025-02-07,151.33
P00910,2025-02-01,22.99
P00910,2025-02-02,21.5
P00910,2025-02-03,22.16
P00910,2025-02-04,22.25
P00910,2025-02-05,20.35
P00910,2025-02-06,17.96
P00910,2025-02-07,15.53
P00911,2025-02-01,63.79
P00911,2025-02-02,64.14
P00911,2025-02-03,59.43
P00911,2025-02-04,54.47
P00911,2025-02-05,46.95
P00911,2025-02-06,48.88
P00911,2025-02-07,44.14
P00912,2025-02-01,29.91
P00912,2025-02-02,28.06
P00912,2025-02-03,26.61
P00912,2025-02-04,27.56
P00912,2025-02-05,26.79
P00912,2025-02-06,23.73
P00912,2025-02-07,22.51
P00913,2025-02-01,74.65
P00913,2025-02-02,65.6
P00913,2025-02-03,65.85
P00913,2025-02-04,58.85
P00913,2025-02-05,57.59
P00913,2025-02-06,59.46
P00913,2025-02-07,59.05
P00914,2025-02-01,143.38
P00914,2025-02-02,124.83
P00914,2025-02-03,107.93
P00914,2025-02-04,104.07
P00914,2025-02-05,93.68
P00914,2025-02-06,87.98
P00914,2025-02-07,90.56
P00915,2025-02-01,62.8
P00915,2025-02-02,55.25
P00915,2025-02-03,54.04
P00915,2025-02-04,56.02
P00915,2025-02-05,55.06
P00915,2025-02-06,49.73
P00915,2025-02-07,49.23
P00916,2025-02-01,202.11
P00916,2025-02-02,208.36
P00916,2025-02-03,201.05
P00916,2025-02-04,191.62
P00916,2025-02-05,198.9
P00916,2025-02-06,188.58
P00916,2025-02-07,176.74
P00917,2025-02-01,159.4
P00917,2025-02-02,162.4
P00917,2025-02-03,163.4
P00917,2025-02-04,164.56
P00917,2025-02-05,157.65
P00917,2025-02-06,134.11
P00917,2025-02-07,139.59
P00918,2025-02-01,146.94
P00918,2025-02-02,148.94
P00918,2025-02-03,140.96
P00918,2025-02-04,135.81
P00918,2025-02-05,140.84
P00918,2025-02-06,129.82
P00918,2025-02-07,128.05
P00919,2025-02-01,178.21
P00919,2025-02-02,165.76
P00919,2025-02-03,161.86
P00919,2025-02-04,168.62
P00919,2025-02-05,146.38
P00919,2025-02-06,140.07
P00919,2025-02-07,145.98
P00920,2025-02-01,28.48
P00920,2025-02-02,24.67
P00920,2025-02-03,23.24
P00920,2025-02-04,23.32
P00920,2025-02-05,22.84
P00920,2025-02-06,20.22
P00920,2025-02-07,17.35
P00921,2025-02-01,178.26
P00921,2025-02-02,165.22
P00921,2025-02-03,146.75
P00921,2025-02-04,145.16
P00921,2025-02-05,149.41
P00921,2025-02-06,145.84
P00921,2025-02-07,134.44
P00922,2025-02-01,100.21
P00922,2025-02-02,86.88
P00922,2025-02-03,84.84
P00922,2025-02-04,84.59
P00922,2025-02-05,74.27
P00922,2025-02-06,66.0
P00922,2025-02-07,65.6
P00923,2025-02-01,128.15
P00923,2025-02-02,124.12
P00923,2025-02-03,117.65
P00923,2025-02-04,101.48
P00923,2025-02-05,97.23
P00923,2025-02-06,88.63
P00923,2025-02-07,84.8
P00924,2025-02-01,181.69
P00924,2025-02-02,184.75
P00924,2025-02-03,173.64
P00924,2025-02-04,182.18
P00924,2025-02-05,156.2
P00924,2025-02-06,134.52
P00924,2025-02-07,135.54
P00925,2025-02-01,27.59
P00925,2025-02-02,23.69
P00925,2025-02-03,20.7
P00925,2025-02-04,20.94
P00925,2025-02-05,20.59
P00925,2025-02-06,19.39
P00925,2025-02-07,19.11
P00926,2025-02-01,46.75
P00926,2025-02-02,47.91
P00926,2025-02-03,42.15
P00926,2025-02-04,40.71
P00926,2025-02-05,42.13
P00926,2025-02-06,36.12
P00926,2025-02-07,31.72
P00927,2025-02-01,186.27
P00927,2025-02-02,182.69
P00927,2025-02-03,172.5
P00927,2025-02-04,178.3
P00927,2025-02-05,153.19
P00927,2025-02-06,151.7
P00927,2025-02-07,132.91
P00928,2025-02-01,14.6
P00928,2025-02-02,12.91
P00928,2025-02-03,11.1
P00928,2025-02-04,10.12
P00928,2025-02-05,10.21
P00928,2025-02-06,9.61
P00928,2025-02-07,8.5
P00929,2025-02-01,129.67
P00929,2025-02-02,125.55
P00929,2025-02-03,127.25
P00929,2025-02-04,110.87
P00929,2025-02-05,105.26
P00929,2025-02-06,106.3
P00929,2025-02-07,95.04
P00930,2025-02-01,118.37
P00930,2025-02-02,119.66
P00930,2025-02-03,111.91
P00930,2025-02-04,113.29
P00930,2025-02-05,118.55
P00930,2025-02-06,116.85
P00930,2025-02-07,106.9
P00931,2025-02-01,227.71
P00931,2025-02-02,238.0
P00931,2025-02-03,229.72
P00931,2025-02-04,201.57
P00931,2025-02-05,205.05
P00931,2025-02-06,206.82
P00931,2025-02-07,207.41
P00932,2025-02-01,163.44
P00932,2025-02-02,158.31
P00932,2025-02-03,145.19
P00932,2025-02-04,126.92
P00932,2025-02-05,111.47
P00932,2025-02-06,104.0
P00932,2025-02-07,102.88
P00933,2025-02-01,30.09
P00933,2025-02-02,28.91
P00933,2025-02-03,27.11
P00933,2025-02-04,28.06
P00933,2025-02-05,24.08
P00933,2025-02-06,20.95
P00933,2025-02-07,21.36
P00934,2025-02-01,41.09
P00934,2025-02-02,39.96
P00934,2025-02-03,40.18
P00934,2025-02-04,34.28
P00934,2025-02-05,32.48
P00934,2025-02-06,27.65
P00934,2025-02-07,24.49
P00935,2025-02-01,55.29
P00935,2025-02-02,47.98
P00935,2025-02-03,47.04
P00935,2025-02-04,48.33
P00935,2025-02-05,45.1
P00935,2025-02-06,45.62
P00935,2025-02-07,45.83
P00936,2025-02-01,236.06
P00936,2025-02-02,233.34
P00936,2025-02-03,207.96
P00936,2025-02-04,203.38
P00936,2025-02-05,194.15
P00936,2025-02-06,181.03
P00936,2025-02-07,187.84
P00937,2025-02-01,187.61
P00937,2025-02-02,182.38
P00937,2025-02-03,156.4
P00937,2025-02-04,138.57
P00937,2025-02-05,131.64
P00937,2025-02-06,136.91
P00937,2025-02-07,133.55
P00938,2025-02-01,172.96
P00938,2025-02-02,174.09
P00938,2025-02-03,160.09
P00938,2025-02-04,136.22
P00938,2025-02-05,122.21
P00938,2025-02-06,106.75
P00938,2025-02-07,102.06
P00939,2025-02-01,102.72
P00939,2025-02-02,89.28
P00939,2025-02-03,82.35
P00939,2025-02-04,82.53
P00939,2025-02-05,79.06
P00939,2025-02-06,70.67
P00939,2025-02-07,70.96
P00940,2025-02-01,93.07
P00940,2025-02-02,91.38
P00940,2025-02-03,82.72
P00940,2025-02-04,73.52
P00940,2025-02-05,74.21
P00940,2025-02-06,73.25
P00940,2025-02-07,76.45
P00941,2025-02-01,208.13
P00941,2025-02-02,196.66
P00941,2025-02-03,174.1
P00941,2025-02-04,171.32
P00941,2025-02-05,147.1
P00941,2025-02-06,144.01
P00941,2025-02-07,130.62
P00942,2025-02-01,97.27
P00942,2025-02-02,91.14
P00942,2025-02-03,83.56
P00942,2025-02-04,84.48
P00942,2025-02-05,84.62
P00942,2025-02-06,72.66
P00942,2025-02-07,72.52
P00943,2025-02-01,87.92
P00943,2025-02-02,90.99
P00943,2025-02-03,80.54
P00943,2025-02-04,81.11
P00943,2025-02-05,76.81
P00943,2025-02-06,67.07
P00943,2025-02-07,69.02
P00944,2025-02-01,44.65
P00944,2025-02-02,44.39
P00944,2025-02-03,42.99
P00944,2025-02-04,39.34
P00944,2025-02-05,35.0
P00944,2025-02-06,34.49
P00944,2025-02-07,31.56
P00945,2025-02-01,188.75
P00945,2025-02-02,189.84
P00945,2025-02-03,173.75
P00945,2025-02-04,151.1
P00945,2025-02-05,150.73
P00945,2025-02-06,154.34
P00945,2025-02-07,142.78
P00946,2025-02-01,32.39
P00946,2025-02-02,28.96
P00946,2025-02-03,27.34
P00946,2025-02-04,25.89
P00946,2025-02-05,26.62
P00946,2025-02-06,23.4
P00946,2025-02-07,24.23
P00947,2025-02-01,30.16
P00947,2025-02-02,28.38
P00947,2025-02-03,26.32
P00947,2025-02-04,23.09
P00947,2025-02-05,22.95
P00947,2025-02-06,22.41
P00947,2025-02-07,23.42
P00948,2025-02-01,103.95
P00948,2025-02-02,92.56
P00948,2025-02-03,81.03
P00948,2025-02-04,80.09
P00948,2025-02-05,69.03
P00948,2025-02-06,60.56
P00948,2025-02-07,61.79
P00949,2025-02-01,131.82
P00949,2025-02-02,124.14
P00949,2025-02-03,109.77
P00949,2025-02-04,100.85
P00949,2025-02-05,103.6
P00949,2025-02-06,100.57
P00949,2025-02-07,101.37
P00950,2025-02-01,78.26
P00950,2025-02-02,76.51
P00950,2025-02-03,74.39
P00950,2025-02-04,65.76
P00950,2025-02-05,68.66
P00950,2025-02-06,70.1
P00950,2025-02-07,60.8
P00951,2025-02-01,82.11
P00951,2025-02-02,83.87
P00951,2025-02-03,79.5
P00951,2025-02-04,83.41
P00951,2025-02-05,80.77
P00951,2025-02-06,82.18
P00951,2025-02-07,74.44
P00952,2025-02-01,144.61
P00952,2025-02-02,144.03
P00952,2025-02-03,143.63
P00952,2025-02-04,129.17
P00952,2025-02-05,118.25
P00952,2025-02-06,114.22
P00952,2025-02-07,117.46
P00953,2025-02-01,233.7
P00953,2025-02-02,226.3
P00953,2025-02-03,199.1
P00953,2025-02-04,192.08
P00953,2025-02-05,163.46
P00953,2025-02-06,170.99
P00953,2025-02-07,146.71
P00954,2025-02-01,56.44
P00954,2025-02-02,53.29
P00954,2025-02-03,53.49
P00954,2025-02-04,45.83
P00954,2025-02-05,43.82
P00954,2025-02-06,41.45
P00954,2025-02-07,41.85
P00955,2025-02-01,246.52
P00955,2025-02-02,250.03
P00955,2025-02-03,235.15
P00955,2025-02-04,211.19
P00955,2025-02-05,203.1
P00955,2025-02-06,173.14
P00955,2025-02-07,172.51
P00956,2025-02-01,218.48
P00956,2025-02-02,227.22
P00956,2025-02-03,199.17
P00956,2025-02-04,181.08
P00956,2025-02-05,177.37
P00956,2025-02-06,153.98
P00956,2025-02-07,145.66
P00957,2025-02-01,60.44
P00957,2025-02-02,55.06
P00957,2025-02-03,54.55
P00957,2025-02-04,55.73
P00957,2025-02-05,55.7
P00957,2025-02-06,47.62
P00957,2025-02-07,44.81
P00958,2025-02-01,29.64
P00958,2025-02-02,29.77
P00958,2025-02-03,30.51
P00958,2025-02-04,28.41
P00958,2025-02-05,28.64
P00958,2025-02-06,26.47
P00958,2025-02-07,24.96
P00959,2025-02-01,106.04
P00959,2025-02-02,103.57
P00959,2025-02-03,105.86
P00959,2025-02-04,91.48
P00959,2025-02-05,94.1
P00959,2025-02-06,86.25
P00959,2025-02-07,73.88
P00960,2025-02-01,44.44
P00960,2025-02-02,41.56
P00960,2025-02-03,37.57
P00960,2025-02-04,39.04
P00960,2025-02-05,37.42
P00960,2025-02-06,37.75
P00960,2025-02-07,38.03
P00961,2025-02-01,239.02
P00961,2025-02-02,207.04
P00961,2025-02-03,212.46
P00961,2025-02-04,211.85
P00961,2025-02-05,182.39
P00961,2025-02-06,189.51
P00961,2025-02-07,186.65
P00962,2025-02-01,187.73
P00962,2025-02-02,192.91
P00962,2025-02-03,168.25
P00962,2025-02-04,155.31
P00962,2025-02-05,151.25
P00962,2025-02-06,139.62
P00962,2025-02-07,123.57
P00963,2025-02-01,130.66
P00963,2025-02-02,125.66
P00963,2025-02-03,108.49
P00963,2025-02-04,107.61
P00963,2025-02-05,95.87
P00963,2025-02-06,100.3
P00963,2025-02-07,90.04
P00964,2025-02-01,204.07
P00964,2025-02-02,178.09
P00964,2025-02-03,168.42
P00964,2025-02-04,174.79
P00964,2025-02-05,168.85
P00964,2025-02-06,175.91
P00964,2025-02-07,156.9
P00965,2025-02-01,219.18
P00965,2025-02-02,218.96
P00965,2025-02-03,195.99
P00965,2025-02-04,180.42
P00965,2025-02-05,163.0
P00965,2025-02-06,160.73
P00965,2025-02-07,145.53
P00966,2025-02-01,162.41
P00966,2025-02-02,140.11
P00966,2025-02-03,128.77
P00966,2025-02-04,121.98
P00966,2025-02-05,116.53
P00966,2025-02-06,101.91
P00966,2025-02-07,101.09
P00967,2025-02-01,204.55
P00967,2025-02-02,201.62
P00967,2025-02-03,192.86
P00967,2025-02-04,175.2
P00967,2025-02-05,170.68
P00967,2025-02-06,172.38
P00967,2025-02-07,179.12
P00968,2025-02-01,184.13
P00968,2025-02-02,186.3
P00968,2025-02-03,193.41
P00968,2025-02-04,166.94
P00968,2025-02-05,171.68
P00968,2025-02-06,161.65
P00968,2025-02-07,139.99
P00969,2025-02-01,71.74
P00969,2025-02-02,73.86
P00969,2025-02-03,67.04
P00969,2025-02-04,69.81
P00969,2025-02-05,60.87
P00969,2025-02-06,55.1
P00969,2025-02-07,54.52
P00970,2025-02-01,88.99
P00970,2025-02-02,84.48
P00970,2025-02-03,86.59
P00970,2025-02-04,82.62
P00970,2025-02-05,80.59
P00970,2025-02-06,73.23
P00970,2025-02-07,76.45
P00971,2025-02-01,32.63
P00971,2025-02-02,31.27
P00971,2025-02-03,27.41
P00971,2025-02-04,25.2
P00971,2025-02-05,23.66
P00971,2025-02-06,23.16
P00971,2025-02-07,21.04
P00972,2025-02-01,17.56
P00972,2025-02-02,15.15
P00972,2025-02-03,15.52
P00972,2025-02-04,13.91
P00972,2025-02-05,14.46
P00972,2025-02-06,14.16
P00972,2025-02-07,13.2
P00973,2025-02-01,257.15
P00973,2025-02-02,236.21
P00973,2025-02-03,231.3
P00973,2025-02-04,211.7
P00973,2025-02-05,205.07
P00973,2025-02-06,202.89
P00973,2025-02-07,206.62
P00974,2025-02-01,261.21
P00974,2025-02-02,245.29
P00974,2025-02-03,223.41
P00974,2025-02-04,195.79
P00974,2025-02-05,197.33
P00974,2025-02-06,174.51
P00974,2025-02-07,157.41
P00975,2025-02-01,42.68
P00975,2025-02-02,40.41
P00975,2025-02-03,42.19
P00975,2025-02-04,42.36
P00975,2025-02-05,36.41
P00975,2025-02-06,33.52
P00975,2025-02-07,31.55
P00976,2025-02-01,191.56
P00976,2025-02-02,169.2
P00976,2025-02-03,175.09
P00976,2025-02-04,173.75
P00976,2025-02-05,157.6
P00976,2025-02-06,164.64
P00976,2025-02-07,167.58
P00977,2025-02-01,237.8
P00977,2025-02-02,235.08
P00977,2025-02-03,231.15
P00977,2025-02-04,203.57
P00977,2025-02-05,182.72
P00977,2025-02-06,156.82
P00977,2025-02-07,143.23
P00978,2025-02-01,199.59
P00978,2025-02-02,174.7
P00978,2025-02-03,157.59
P00978,2025-02-04,139.77
P00978,2025-02-05,134.53
P00978,2025-02-06,115.28
P00978,2025-02-07,105.3
P00979,2025-02-01,54.04
P00979,2025-02-02,49.65
P00979,2025-02-03,45.91
P00979,2025-02-04,43.98
P00979,2025-02-05,38.81
P00979,2025-02-06,35.33
P00979,2025-02-07,36.53
P00980,2025-02-01,156.45
P00980,2025-02-02,145.64
P00980,2025-02-03,138.34
P00980,2025-02-04,121.61
P00980,2025-02-05,114.51
P00980,2025-02-06,104.67
P00980,2025-02-07,89.06
P00981,2025-02-01,200.21
P00981,2025-02-02,199.75
P00981,2025-02-03,208.76
P00981,2025-02-04,191.28
P00981,2025-02-05,189.58
P00981,2025-02-06,179.11
P00981,2025-02-07,162.63
P00982,2025-02-01,194.49
P00982,2025-02-02,202.04
P00982,2025-02-03,211.36
P00982,2025-02-04,203.91
P00982,2025-02-05,179.32
P00982,2025-02-06,172.69
P00982,2025-02-07,178.11
P00983,2025-02-01,141.52
P00983,2025-02-02,132.81
P00983,2025-02-03,131.19
P00983,2025-02-04,130.71
P00983,2025-02-05,134.64
P00983,2025-02-06,118.2
P00983,2025-02-07,113.49
P00984,2025-02-01,199.1
P00984,2025-02-02,181.5
P00984,2025-02-03,168.85
P00984,2025-02-04,171.92
P00984,2025-02-05,161.47
P00984,2025-02-06,140.24
P00984,2025-02-07,120.75
P00985,2025-02-01,101.8
P00985,2025-02-02,99.59
P00985,2025-02-03,96.27
P00985,2025-02-04,86.11
P00985,2025-02-05,89.31
P00985,2025-02-06,80.88
P00985,2025-02-07,69.11
P00986,2025-02-01,189.39
P00986,2025-02-02,181.38
P00986,2025-02-03,170.33
P00986,2025-02-04,167.66
P00986,2025-02-05,145.44
P00986,2025-02-06,138.51
P00986,2025-02-07,123.12
P00987,2025-02-01,207.59
P00987,2025-02-02,189.64
P00987,2025-02-03,184.14
P00987,2025-02-04,191.26
P00987,2025-02-05,197.32
P00987,2025-02-06,181.97
P00987,2025-02-07,160.06
P00988,2025-02-01,207.73
P00988,2025-02-02,212.04
P00988,2025-02-03,195.91
P00988,2025-02-04,181.13
P00988,2025-02-05,164.27
P00988,2025-02-06,151.17
P00988,2025-02-07,158.05
P00989,2025-02-01,226.1
P00989,2025-02-02,231.72
P00989,2025-02-03,201.02
P00989,2025-02-04,200.13
P00989,2025-02-05,187.89
P00989,2025-02-06,197.01
P00989,2025-02-07,199.13
P00990,2025-02-01,185.6
P00990,2025-02-02,168.47
P00990,2025-02-03,170.35
P00990,2025-02-04,177.86
P00990,2025-02-05,166.26
P00990,2025-02-06,171.13
P00990,2025-02-07,150.24
P00991,2025-02-01,195.4
P00991,2025-02-02,189.04
P00991,2025-02-03,163.94
P00991,2025-02-04,146.16
P00991,2025-02-05,138.11
P00991,2025-02-06,141.36
P00991,2025-02-07,148.05
P00992,2025-02-01,227.59
P00992,2025-02-02,196.46
P00992,2025-02-03,204.72
P00992,2025-02-04,204.97
P00992,2025-02-05,177.85
P00992,2025-02-06,165.74
P00992,2025-02-07,171.19
P00993,2025-02-01,112.46
P00993,2025-02-02,104.91
P00993,2025-02-03,100.84
P00993,2025-02-04,100.04
P00993,2025-02-05,100.14
P00993,2025-02-06,87.86
P00993,2025-02-07,77.95
P00994,2025-02-01,101.83
P00994,2025-02-02,94.33
P00994,2025-02-03,90.63
P00994,2025-02-04,77.8
P00994,2025-02-05,78.99
P00994,2025-02-06,80.33
P00994,2025-02-07,73.16
P00995,2025-02-01,225.04
P00995,2025-02-02,216.46
P00995,2025-02-03,204.05
P00995,2025-02-04,174.54
P00995,2025-02-05,148.44
P00995,2025-02-06,133.97
P00995,2025-02-07,139.49
P00996,2025-02-01,118.14
P00996,2025-02-02,120.13
P00996,2025-02-03,113.46
P00996,2025-02-04,111.28
P00996,2025-02-05,114.46
P00996,2025-02-06,106.84
P00996,2025-02-07,101.32
P00997,2025-02-01,253.37
P00997,2025-02-02,250.22
P00997,2025-02-03,224.94
P00997,2025-02-04,196.57
P00997,2025-02-05,177.98
P00997,2025-02-06,186.68
P00997,2025-02-07,161.17
P00998,2025-02-01,93.06
P00998,2025-02-02,92.98
P00998,2025-02-03,89.84
P00998,2025-02-04,86.53
P00998,2025-02-05,88.58
P00998,2025-02-06,86.42
P00998,2025-02-07,81.68
P00999,2025-02-01,87.74
P00999,2025-02-02,86.76
P00999,2025-02-03,75.82
P00999,2025-02-04,72.22
P00999,2025-02-05,69.7
P00999,2025-02-06,71.03
P00999,2025-02-07,62.69
P01000,2025-02-01,130.25
P01000,2025-02-02,112.24
P01000,2025-02-03,102.58
P01000,2025-02-04,105.21
P01000,2025-02-05,92.28
P01000,2025-02-06,81.45
P01000,2025-02-07,73.67
P01001,2025-02-01,170.15
P01001,2025-02-02,158.9
P01001,2025-02-03,164.05
P01001,2025-02-04,151.12
P01001,2025-02-05,137.21
P01001,2025-02-06,131.16
P01001,2025-02-07,136.05
P01002,2025-02-01,69.71
P01002,2025-02-02,66.42
P01002,2025-02-03,66.64
P01002,2025-02-04,59.09
P01002,2025-02-05,51.34
P01002,2025-02-06,51.37
P01002,2025-02-07,49.25
P01003,2025-02-01,217.51
P01003,2025-02-02,222.84
P01003,2025-02-03,226.26
P01003,2025-02-04,223.32
P01003,2025-02-05,203.27
P01003,2025-02-06,200.65
P01003,2025-02-07,198.18
P01004,2025-02-01,156.37
P01004,2025-02-02,135.91
P01004,2025-02-03,131.29
P01004,2025-02-04,133.22
P01004,2025-02-05,113.58
P01004,2025-02-06,108.31
P01004,2025-02-07,100.14
P01005,2025-02-01,210.79
P01005,2025-02-02,199.61
P01005,2025-02-03,183.25
P01005,2025-02-04,189.14
P01005,2025-02-05,164.64
P01005,2025-02-06,145.03
P01005,2025-02-07,129.69
P01006,2025-02-01,69.28
P01006,2025-02-02,61.5
P01006,2025-02-03,63.31
P01006,2025-02-04,61.58
P01006,2025-02-05,62.58
P01006,2025-02-06,59.77
P01006,2025-02-07,57.17
P01007,2025-02-01,152.55
P01007,2025-02-02,146.48
P01007,2025-02-03,146.66
P01007,2025-02-04,128.0
P01007,2025-02-05,120.59
P01007,2025-02-06,104.34
P01007,2025-02-07,105.78
P01008,2025-02-01,60.41
P01008,2025-02-02,62.51
P01008,2025-02-03,59.13
P01008,2025-02-04,53.95
P01008,2025-02-05,49.77
P01008,2025-02-06,50.44
P01008,2025-02-07,51.85
P01009,2025-02-01,157.73
P01009,2025-02-02,152.92
P01009,2025-02-03,153.34
P01009,2025-02-04,140.83
P01009,2025-02-05,139.7
P01009,2025-02-06,119.55
P01009,2025-02-07,121.09
P01010,2025-02-01,123.85
P01010,2025-02-02,110.78
P01010,2025-02-03,113.15
P01010,2025-02-04,99.4
P01010,2025-02-05,88.99
P01010,2025-02-06,77.87
P01010,2025-02-07,68.22
P01011,2025-02-01,110.6
P01011,2025-02-02,95.75
P01011,2025-02-03,94.62
P01011,2025-02-04,95.26
P01011,2025-02-05,82.45
P01011,2025-02-06,82.86
P01011,2025-02-07,82.98
P01012,2025-02-01,241.49
P01012,2025-02-02,207.32
P01012,2025-02-03,180.69
P01012,2025-02-04,182.25
P01012,2025-02-05,173.63
P01012,2025-02-06,149.64
P01012,2025-02-07,130.75
P01013,2025-02-01,49.09
P01013,2025-02-02,44.21
P01013,2025-02-03,38.16
P01013,2025-02-04,37.53
P01013,2025-02-05,37.56
P01013,2025-02-06,37.8
P01013,2025-02-07,39.09
P01014,2025-02-01,101.08
P01014,2025-02-02,90.07
P01014,2025-02-03,92.79
P01014,2025-02-04,82.3
P01014,2025-02-05,75.74
P01014,2025-02-06,65.75
P01014,2025-02-07,67.01
P01015,2025-02-01,103.43
P01015,2025-02-02,107.4
P01015,2025-02-03,111.67
P01015,2025-02-04,102.69
P01015,2025-02-05,90.58
P01015,2025-02-06,86.06
P01015,2025-02-07,85.69
P01016,2025-02-01,108.45
P01016,2025-02-02,97.43
P01016,2025-02-03,93.93
P01016,2025-02-04,81.7
P01016,2025-02-05,78.89
P01016,2025-02-06,67.28
P01016,2025-02-07,60.11
P01017,2025-02-01,49.07
P01017,2025-02-02,43.59
P01017,2025-02-03,39.51
P01017,2025-02-04,40.71
P01017,2025-02-05,38.98
P01017,2025-02-06,40.72
P01017,2025-02-07,35.42
P01018,2025-02-01,179.76
P01018,2025-02-02,160.49
P01018,2025-02-03,152.6
P01018,2025-02-04,151.31
P01018,2025-02-05,139.7
P01018,2025-02-06,135.21
P01018,2025-02-07,126.82
P01019,2025-02-01,233.41
P01019,2025-02-02,243.11
P01019,2025-02-03,215.44
P01019,2025-02-04,198.41
P01019,2025-02-05,183.71
P01019,2025-02-06,164.03
P01019,2025-02-07,146.89
P01020,2025-02-01,32.82
P01020,2025-02-02,28.64
P01020,2025-02-03,29.98
P01020,2025-02-04,26.22
P01020,2025-02-05,22.87
P01020,2025-02-06,20.06
P01020,2025-02-07,20.11
P01021,2025-02-01,200.18
P01021,2025-02-02,198.37
P01021,2025-02-03,190.72
P01021,2025-02-04,163.66
P01021,2025-02-05,149.85
P01021,2025-02-06,130.84
P01021,2025-02-07,118.64
P01022,2025-02-01,182.11
P01022,2025-02-02,176.66
P01022,2025-02-03,161.18
P01022,2025-02-04,168.47
P01022,2025-02-05,158.16
P01022,2025-02-06,151.96
P01022,2025-02-07,138.0
P01023,2025-02-01,82.17
P01023,2025-02-02,83.9
P01023,2025-02-03,74.48
P01023,2025-02-04,64.34
P01023,2025-02-05,65.51
P01023,2025-02-06,61.92
P01023,2025-02-07,61.04
P01024,2025-02-01,137.53
P01024,2025-02-02,121.83
P01024,2025-02-03,127.89
P01024,2025-02-04,121.28
P01024,2025-02-05,105.64
P01024,2025-02-06,99.05
P01024,2025-02-07,97.24
P01025,2025-02-01,69.46
P01025,2025-02-02,60.22
P01025,2025-02-03,52.91
P01025,2025-02-04,49.21
P01025,2025-02-05,47.64
P01025,2025-02-06,41.46
P01025,2025-02-07,42.91
P01026,2025-02-01,23.15
P01026,2025-02-02,24.2
P01026,2025-02-03,20.88
P01026,2025-02-04,21.82
P01026,2025-02-05,20.02
P01026,2025-02-06,19.4
P01026,2025-02-07,20.33
P01027,2025-02-01,164.94
P01027,2025-02-02,144.25
P01027,2025-02-03,146.79
P01027,2025-02-04,146.06
P01027,2025-02-05,132.29
P01027,2025-02-06,131.32
P01027,2025-02-07,126.91
P01028,2025-02-01,222.92
P01028,2025-02-02,201.65
P01028,2025-02-03,203.24
P01028,2025-02-04,198.92
P01028,2025-02-05,185.0
P01028,2025-02-06,174.86
P01028,2025-02-07,169.72
P01029,2025-02-01,48.6
P01029,2025-02-02,45.24
P01029,2025-02-03,42.84
P01029,2025-02-04,38.8
P01029,2025-02-05,38.94
P01029,2025-02-06,33.94
P01029,2025-02-07,30.55
P01030,2025-02-01,114.3
P01030,2025-02-02,108.52
P01030,2025-02-03,105.88
P01030,2025-02-04,92.85
P01030,2025-02-05,80.77
P01030,2025-02-06,69.51
P01030,2025-02-07,60.03
P01031,2025-02-01,111.83
P01031,2025-02-02,110.22
P01031,2025-02-03,115.12
P01031,2025-02-04,106.66
P01031,2025-02-05,105.15
P01031,2025-02-06,92.59
P01031,2025-02-07,90.22
P01032,2025-02-01,224.94
P01032,2025-02-02,195.53
P01032,2025-02-03,169.19
P01032,2025-02-04,169.24
P01032,2025-02-05,169.83
P01032,2025-02-06,171.28
P01032,2025-02-07,152.51
P01033,2025-02-01,172.76
P01033,2025-02-02,169.72
P01033,2025-02-03,160.9
P01033,2025-02-04,145.19
P01033,2025-02-05,133.39
P01033,2025-02-06,136.32
P01033,2025-02-07,130.78
P01034,2025-02-01,91.14
P01034,2025-02-02,94.83
P01034,2025-02-03,81.2
P01034,2025-02-04,76.01
P01034,2025-02-05,78.52
P01034,2025-02-06,72.77
P01034,2025-02-07,66.43
P01035,2025-02-01,128.49
P01035,2025-02-02,118.89
P01035,2025-02-03,111.99
P01035,2025-02-04,95.93
P01035,2025-02-05,92.22
P01035,2025-02-06,94.26
P01035,2025-02-07,85.83
P01036,2025-02-01,207.46
P01036,2025-02-02,205.64
P01036,2025-02-03,195.01
P01036,2025-02-04,171.0
P01036,2025-02-05,169.83
P01036,2025-02-06,160.91
P01036,2025-02-07,140.29
P01037,2025-02-01,131.67
P01037,2025-02-02,129.7
P01037,2025-02-03,127.37
P01037,2025-02-04,125.72
P01037,2025-02-05,121.25
P01037,2025-02-06,114.6
P01037,2025-02-07,116.99
P01038,2025-02-01,236.86
P01038,2025-02-02,225.33
P01038,2025-02-03,209.17
P01038,2025-02-04,198.49
P01038,2025-02-05,207.26
P01038,2025-02-06,201.74
P01038,2025-02-07,185.71
P01039,2025-02-01,244.76
P01039,2025-02-02,255.91
P01039,2025-02-03,233.93
P01039,2025-02-04,200.16
P01039,2025-02-05,171.94
P01039,2025-02-06,174.93
P01039,2025-02-07,160.9
P01040,2025-02-01,114.3
P01040,2025-02-02,114.12
P01040,2025-02-03,97.62
P01040,2025-02-04,100.38
P01040,2025-02-05,92.17
P01040,2025-02-06,80.14
P01040,2025-02-07,73.65
P01041,2025-02-01,91.29
P01041,2025-02-02,84.12
P01041,2025-02-03,77.41
P01041,2025-02-04,76.04
P01041,2025-02-05,68.4
P01041,2025-02-06,67.01
P01041,2025-02-07,64.9
P01042,2025-02-01,49.59
P01042,2025-02-02,51.18
P01042,2025-02-03,44.17
P01042,2025-02-04,40.24
P01042,2025-02-05,36.92
P01042,2025-02-06,31.53
P01042,2025-02-07,28.86
P01043,2025-02-01,141.71
P01043,2025-02-02,133.52
P01043,2025-02-03,136.55
P01043,2025-02-04,131.58
P01043,2025-02-05,135.56
P01043,2025-02-06,122.45
P01043,2025-02-07,121.13
P01044,2025-02-01,152.25
P01044,2025-02-02,147.32
P01044,2025-02-03,154.27
P01044,2025-02-04,142.78
P01044,2025-02-05,132.51
P01044,2025-02-06,127.81
P01044,2025-02-07,129.3
P01045,2025-02-01,105.09
P01045,2025-02-02,91.43
P01045,2025-02-03,90.06
P01045,2025-02-04,82.6
P01045,2025-02-05,78.52
P01045,2025-02-06,78.75
P01045,2025-02-07,72.29
P01046,2025-02-01,233.18
P01046,2025-02-02,226.88
P01046,2025-02-03,209.33
P01046,2025-02-04,196.18
P01046,2025-02-05,186.25
P01046,2025-02-06,189.88
P01046,2025-02-07,191.29
P01047,2025-02-01,133.94
P01047,2025-02-02,136.36
P01047,2025-02-03,130.52
P01047,2025-02-04,118.44
P01047,2025-02-05,101.8
P01047,2025-02-06,106.81
P01047,2025-02-07,99.38
P01048,2025-02-01,235.83
P01048,2025-02-02,211.11
P01048,2025-02-03,210.81
P01048,2025-02-04,183.07
P01048,2025-02-05,186.52
P01048,2025-02-06,162.08
P01048,2025-02-07,148.69
P01049,2025-02-01,194.1
P01049,2025-02-02,167.6
P01049,2025-02-03,169.32
P01049,2025-02-04,160.02
P01049,2025-02-05,142.73
P01049,2025-02-06,144.03
P01049,2025-02-07,141.19
P01050,2025-02-01,149.32
P01050,2025-02-02,135.94
P01050,2025-02-03,137.41
P01050,2025-02-04,128.7
P01050,2025-02-05,123.29
P01050,2025-02-06,109.73
P01050,2025-02-07,102.1
P01051,2025-02-01,75.48
P01051,2025-02-02,73.59
P01051,2025-02-03,69.22
P01051,2025-02-04,69.41
P01051,2025-02-05,61.51
P01051,2025-02-06,52.51
P01051,2025-02-07,52.02
P01052,2025-02-01,77.93
P01052,2025-02-02,79.69
P01052,2025-02-03,76.93
P01052,2025-02-04,68.67
P01052,2025-02-05,71.58
P01052,2025-02-06,71.47
P01052,2025-02-07,67.43
P01053,2025-02-01,244.96
P01053,2025-02-02,254.13
P01053,2025-02-03,243.09
P01053,2025-02-04,236.5
P01053,2025-02-05,237.4
P01053,2025-02-06,222.38
P01053,2025-02-07,214.2
P01054,2025-02-01,39.78
P01054,2025-02-02,38.8
P01054,2025-02-03,37.03
P01054,2025-02-04,34.17
P01054,2025-02-05,30.05
P01054,2025-02-06,26.45
P01054,2025-02-07,26.11
P01055,2025-02-01,255.57
P01055,2025-02-02,232.58
P01055,2025-02-03,217.95
P01055,2025-02-04,199.15
P01055,2025-02-05,202.34
P01055,2025-02-06,174.6
P01055,2025-02-07,155.52
P01056,2025-02-01,156.14
P01056,2025-02-02,145.6
P01056,2025-02-03,147.75
P01056,2025-02-04,144.68
P01056,2025-02-05,130.4
P01056,2025-02-06,126.52
P01056,2025-02-07,117.81
P01057,2025-02-01,111.86
P01057,2025-02-02,97.62
P01057,2025-02-03,86.72
P01057,2025-02-04,77.97
P01057,2025-02-05,79.17
P01057,2025-02-06,74.64
P01057,2025-02-07,71.8
P01058,2025-02-01,216.43
P01058,2025-02-02,202.84
P01058,2025-02-03,198.66
P01058,2025-02-04,170.33
P01058,2025-02-05,150.21
P01058,2025-02-06,131.78
P01058,2025-02-07,118.82
P01059,2025-02-01,114.79
P01059,2025-02-02,116.02
P01059,2025-02-03,113.9
P01059,2025-02-04,100.82
P01059,2025-02-05,102.89
P01059,2025-02-06,107.29
P01059,2025-02-07,101.62
P01060,2025-02-01,44.09
P01060,2025-02-02,37.65
P01060,2025-02-03,38.48
P01060,2025-02-04,33.35
P01060,2025-02-05,32.36
P01060,2025-02-06,33.12
P01060,2025-02-07,34.12
P01061,2025-02-01,162.33
P01061,2025-02-02,151.19
P01061,2025-02-03,139.5
P01061,2025-02-04,136.92
P01061,2025-02-05,118.85
P01061,2025-02-06,123.44
P01061,2025-02-07,122.8
P01062,2025-02-01,28.04
P01062,2025-02-02,24.62
P01062,2025-02-03,21.48
P01062,2025-02-04,21.41
P01062,2025-02-05,22.19
P01062,2025-02-06,21.18
P01062,2025-02-07,21.51
P01063,2025-02-01,117.68
P01063,2025-02-02,122.38
P01063,2025-02-03,126.82
P01063,2025-02-04,114.18
P01063,2025-02-05,117.25
P01063,2025-02-06,105.25
P01063,2025-02-07,92.04
P01064,2025-02-01,55.42
P01064,2025-02-02,56.05
P01064,2025-02-03,51.33
P01064,2025-02-04,49.63
P01064,2025-02-05,46.06
P01064,2025-02-06,46.05
P01064,2025-02-07,41.32
P01065,2025-02-01,67.25
P01065,2025-02-02,62.85
P01065,2025-02-03,55.24
P01065,2025-02-04,48.89
P01065,2025-02-05,51.04
P01065,2025-02-06,47.87
P01065,2025-02-07,43.12
P01066,2025-02-01,234.25
P01066,2025-02-02,226.73
P01066,2025-02-03,214.96
P01066,2025-02-04,198.83
P01066,2025-02-05,206.73
P01066,2025-02-06,188.81
P01066,2025-02-07,176.49
P01067,2025-02-01,34.6
P01067,2025-02-02,34.13
P01067,2025-02-03,35.59
P01067,2025-02-04,36.51
P01067,2025-02-05,37.88
P01067,2025-02-06,34.95
P01067,2025-02-07,34.71
P01068,2025-02-01,61.13
P01068,2025-02-02,62.0
P01068,2025-02-03,52.96
P01068,2025-02-04,55.26
P01068,2025-02-05,53.67
P01068,2025-02-06,54.65
P01068,2025-02-07,53.69
P01069,2025-02-01,90.51
P01069,2025-02-02,93.96
P01069,2025-02-03,92.85
P01069,2025-02-04,93.57
P01069,2025-02-05,84.02
P01069,2025-02-06,80.71
P01069,2025-02-07,73.6
P01070,2025-02-01,204.17
P01070,2025-02-02,212.68
P01070,2025-02-03,196.21
P01070,2025-02-04,198.65
P01070,2025-02-05,173.7
P01070,2025-02-06,177.76
P01070,2025-02-07,181.59
P01071,2025-02-01,247.41
P01071,2025-02-02,229.52
P01071,2025-02-03,236.85
P01071,2025-02-04,219.94
P01071,2025-02-05,229.97
P01071,2025-02-06,207.23
P01071,2025-02-07,179.89
P01072,2025-02-01,203.14
P01072,2025-02-02,206.09
P01072,2025-02-03,184.88
P01072,2025-02-04,164.93
P01072,2025-02-05,169.56
P01072,2025-02-06,175.19
P01072,2025-02-07,171.03
P01073,2025-02-01,210.72
P01073,2025-02-02,216.18
P01073,2025-02-03,216.9
P01073,2025-02-04,201.99
P01073,2025-02-05,173.06
P01073,2025-02-06,177.09
P01073,2025-02-07,179.68
P01074,2025-02-01,37.74
P01074,2025-02-02,39.18
P01074,2025-02-03,36.99
P01074,2025-02-04,34.5
P01074,2025-02-05,35.13
P01074,2025-02-06,34.9
P01074,2025-02-07,35.78
P01075,2025-02-01,231.39
P01075,2025-02-02,234.64
P01075,2025-02-03,238.13
P01075,2025-02-04,235.68
P01075,2025-02-05,224.19
P01075,2025-02-06,206.34
P01075,2025-02-07,200.24
P01076,2025-02-01,113.17
P01076,2025-02-02,114.61
P01076,2025-02-03,114.33
P01076,2025-02-04,107.54
P01076,2025-02-05,92.0
P01076,2025-02-06,79.16
P01076,2025-02-07,77.44
P01077,2025-02-01,196.2
P01077,2025-02-02,191.5
P01077,2025-02-03,193.07
P01077,2025-02-04,169.36
P01077,2025-02-05,157.53
P01077,2025-02-06,153.7
P01077,2025-02-07,140.29
P01078,2025-02-01,215.17
P01078,2025-02-02,186.43
P01078,2025-02-03,164.35
P01078,2025-02-04,156.67
P01078,2025-02-05,163.55
P01078,2025-02-06,166.19
P01078,2025-02-07,166.63
P01079,2025-02-01,48.83
P01079,2025-02-02,49.78
P01079,2025-02-03,49.14
P01079,2025-02-04,49.56
P01079,2025-02-05,45.29
P01079,2025-02-06,42.83
P01079,2025-02-07,42.7
P01080,2025-02-01,15.33
P01080,2025-02-02,13.83
P01080,2025-02-03,13.66
P01080,2025-02-04,13.87
P01080,2025-02-05,14.01
P01080,2025-02-06,12.47
P01080,2025-02-07,11.63
P01081,2025-02-01,187.3
P01081,2025-02-02,166.02
P01081,2025-02-03,170.22
P01081,2025-02-04,176.85
P01081,2025-02-05,181.6
P01081,2025-02-06,162.51
P01081,2025-02-07,168.95
P01082,2025-02-01,75.72
P01082,2025-02-02,78.34
P01082,2025-02-03,76.73
P01082,2025-02-04,74.84
P01082,2025-02-05,77.19
P01082,2025-02-06,80.65
P01082,2025-02-07,71.75
P01083,2025-02-01,222.81
P01083,2025-02-02,220.64
P01083,2025-02-03,194.99
P01083,2025-02-04,181.38
P01083,2025-02-05,169.73
P01083,2025-02-06,153.1
P01083,2025-02-07,132.86
P01084,2025-02-01,100.5
P01084,2025-02-02,92.82
P01084,2025-02-03,96.48
P01084,2025-02-04,84.27
P01084,2025-02-05,83.74
P01084,2025-02-06,78.47
P01084,2025-02-07,81.14
P01085,2025-02-01,209.51
P01085,2025-02-02,197.09
P01085,2025-02-03,194.08
P01085,2025-02-04,169.57
P01085,2025-02-05,168.33
P01085,2025-02-06,149.5
P01085,2025-02-07,152.85
P01086,2025-02-01,93.68
P01086,2025-02-02,94.28
P01086,2025-02-03,85.57
P01086,2025-02-04,81.19
P01086,2025-02-05,71.13
P01086,2025-02-06,72.64
P01086,2025-02-07,70.46
P01087,2025-02-01,196.62
P01087,2025-02-02,206.26
P01087,2025-02-03,186.99
P01087,2025-02-04,184.27
P01087,2025-02-05,172.05
P01087,2025-02-06,160.3
P01087,2025-02-07,140.93
P01088,2025-02-01,133.84
P01088,2025-02-02,121.53
P01088,2025-02-03,109.66
P01088,2025-02-04,106.76
P01088,2025-02-05,110.12
P01088,2025-02-06,101.74
P01088,2025-02-07,100.4
P01089,2025-02-01,143.51
P01089,2025-02-02,135.13
P01089,2025-02-03,115.14
P01089,2025-02-04,100.94
P01089,2025-02-05,92.32
P01089,2025-02-06,91.27
P01089,2025-02-07,90.12
P01090,2025-02-01,171.93
P01090,2025-02-02,170.67
P01090,2025-02-03,169.25
P01090,2025-02-04,168.78
P01090,2025-02-05,152.11
P01090,2025-02-06,132.19
P01090,2025-02-07,113.91
P01091,2025-02-01,145.91
P01091,2025-02-02,133.74
P01091,2025-02-03,119.96
P01091,2025-02-04,123.76
P01091,2025-02-05,129.87
P01091,2025-02-06,134.79
P01091,2025-02-07,140.65
P01092,2025-02-01,129.08
P01092,2025-02-02,125.16
P01092,2025-02-03,125.12
P01092,2025-02-04,107.49
P01092,2025-02-05,96.82
P01092,2025-02-06,94.3
P01092,2025-02-07,85.86
P01093,2025-02-01,245.63
P01093,2025-02-02,228.18
P01093,2025-02-03,210.88
P01093,2025-02-04,220.08
P01093,2025-02-05,211.7
P01093,2025-02-06,204.52
P01093,2025-02-07,184.49
P01094,2025-02-01,136.34
P01094,2025-02-02,129.63
P01094,2025-02-03,134.31
P01094,2025-02-04,137.75
P01094,2025-02-05,120.72
P01094,2025-02-06,110.27
P01094,2025-02-07,105.43
P01095,2025-02-01,67.55
P01095,2025-02-02,59.33
P01095,2025-02-03,51.82
P01095,2025-02-04,44.5
P01095,2025-02-05,38.96
P01095,2025-02-06,39.91
P01095,2025-02-07,40.59
P01096,2025-02-01,144.44
P01096,2025-02-02,144.38
P01096,2025-02-03,149.47
P01096,2025-02-04,135.51
P01096,2025-02-05,138.95
P01096,2025-02-06,135.14
P01096,2025-02-07,135.45
P01097,2025-02-01,227.58
P01097,2025-02-02,205.45
P01097,2025-02-03,187.49
P01097,2025-02-04,192.84
P01097,2025-02-05,176.08
P01097,2025-02-06,184.69
P01097,2025-02-07,185.2
P01098,2025-02-01,182.81
P01098,2025-02-02,160.92
P01098,2025-02-03,164.24
P01098,2025-02-04,161.2
P01098,2025-02-05,162.75
P01098,2025-02-06,140.07
P01098,2025-02-07,123.22
P01099,2025-02-01,55.16
P01099,2025-02-02,49.42
P01099,2025-02-03,42.36
P01099,2025-02-04,38.21
P01099,2025-02-05,37.87
P01099,2025-02-06,35.5
P01099,2025-02-07,37.24
P01100,2025-02-01,152.12
P01100,2025-02-02,157.51
P01100,2025-02-03,135.17
P01100,2025-02-04,124.53
P01100,2025-02-05,123.51
P01100,2025-02-06,116.97
P01100,2025-02-07,110.96
P01101,2025-02-01,63.45
P01101,2025-02-02,64.67
P01101,2025-02-03,66.18
P01101,2025-02-04,57.89
P01101,2025-02-05,50.29
P01101,2025-02-06,51.48
P01101,2025-02-07,45.62
P01102,2025-02-01,127.73
P01102,2025-02-02,112.87
P01102,2025-02-03,107.42
P01102,2025-02-04,97.17
P01102,2025-02-05,99.91
P01102,2025-02-06,96.63
P01102,2025-02-07,93.41
P01103,2025-02-01,118.1
P01103,2025-02-02,123.33
P01103,2025-02-03,117.81
P01103,2025-02-04,113.59
P01103,2025-02-05,106.01
P01103,2025-02-06,91.74
P01103,2025-02-07,92.07
P01104,2025-02-01,176.06
P01104,2025-02-02,173.49
P01104,2025-02-03,178.26
P01104,2025-02-04,152.45
P01104,2025-02-05,150.36
P01104,2025-02-06,148.27
P01104,2025-02-07,137.72
P01105,2025-02-01,124.48
P01105,2025-02-02,120.51
P01105,2025-02-03,125.36
P01105,2025-02-04,127.54
P01105,2025-02-05,112.33
P01105,2025-02-06,97.3
P01105,2025-02-07,98.87
P01106,2025-02-01,190.29
P01106,2025-02-02,186.85
P01106,2025-02-03,175.79
P01106,2025-02-04,183.0
P01106,2025-02-05,177.3
P01106,2025-02-06,150.91
P01106,2025-02-07,157.54
P01107,2025-02-01,130.9
P01107,2025-02-02,128.44
P01107,2025-02-03,133.6
P01107,2025-02-04,122.24
P01107,2025-02-05,121.79
P01107,2025-02-06,121.41
P01107,2025-02-07,126.45
P01108,2025-02-01,179.3
P01108,2025-02-02,172.82
P01108,2025-02-03,154.2
P01108,2025-02-04,132.57
P01108,2025-02-05,129.75
P01108,2025-02-06,118.67
P01108,2025-02-07,102.19
P01109,2025-02-01,100.2
P01109,2025-02-02,86.59
P01109,2025-02-03,90.09
P01109,2025-02-04,83.45
P01109,2025-02-05,77.59
P01109,2025-02-06,68.71
P01109,2025-02-07,71.67
P01110,2025-02-01,171.84
P01110,2025-02-02,175.81
P01110,2025-02-03,152.57
P01110,2025-02-04,155.69
P01110,2025-02-05,137.41
P01110,2025-02-06,138.22
P01110,2025-02-07,125.36
P01111,2025-02-01,204.0
P01111,2025-02-02,204.1
P01111,2025-02-03,200.18
P01111,2025-02-04,174.98
P01111,2025-02-05,165.91
P01111,2025-02-06,155.37
P01111,2025-02-07,157.12
P01112,2025-02-01,201.56
P01112,2025-02-02,183.83
P01112,2025-02-03,181.44
P01112,2025-02-04,158.99
P01112,2025-02-05,156.3
P01112,2025-02-06,158.86
P01112,2025-02-07,151.32
P01113,2025-02-01,103.62
P01113,2025-02-02,98.22
P01113,2025-02-03,100.88
P01113,2025-02-04,95.36
P01113,2025-02-05,91.79
P01113,2025-02-06,85.79
P01113,2025-02-07,85.9
P01114,2025-02-01,56.94
P01114,2025-02-02,57.63
P01114,2025-02-03,56.06
P01114,2025-02-04,52.52
P01114,2025-02-05,49.12
P01114,2025-02-06,42.15
P01114,2025-02-07,38.71
P01115,2025-02-01,35.07
P01115,2025-02-02,33.06
P01115,2025-02-03,29.58
P01115,2025-02-04,29.2
P01115,2025-02-05,25.73
P01115,2025-02-06,24.42
P01115,2025-02-07,23.83
P01116,2025-02-01,205.2
P01116,2025-02-02,195.95
P01116,2025-02-03,177.95
P01116,2025-02-04,166.82
P01116,2025-02-05,172.07
P01116,2025-02-06,162.7
P01116,2025-02-07,143.13
P01117,2025-02-01,75.33
P01117,2025-02-02,65.96
P01117,2025-02-03,67.98
P01117,2025-02-04,69.22
P01117,2025-02-05,66.08
P01117,2025-02-06,60.07
P01117,2025-02-07,51.63
P01118,2025-02-01,205.81
P01118,2025-02-02,178.09
P01118,2025-02-03,152.98
P01118,2025-02-04,133.33
P01118,2025-02-05,124.66
P01118,2025-02-06,108.32
P01118,2025-02-07,106.39
P01119,2025-02-01,100.29
P01119,2025-02-02,96.65
P01119,2025-02-03,87.05
P01119,2025-02-04,78.43
P01119,2025-02-05,67.95
P01119,2025-02-06,64.6
P01119,2025-02-07,56.38
P01120,2025-02-01,217.96
P01120,2025-02-02,214.11
P01120,2025-02-03,189.68
P01120,2025-02-04,168.14
P01120,2025-02-05,156.13
P01120,2025-02-06,135.31
P01120,2025-02-07,138.74
P01121,2025-02-01,242.62
P01121,2025-02-02,220.67
P01121,2025-02-03,213.49
P01121,2025-02-04,200.89
P01121,2025-02-05,197.69
P01121,2025-02-06,192.7
P01121,2025-02-07,174.01
P01122,2025-02-01,68.91
P01122,2025-02-02,71.9
P01122,2025-02-03,73.64
P01122,2025-02-04,65.35
P01122,2025-02-05,57.97
P01122,2025-02-06,57.94
P01122,2025-02-07,56.25
P01123,2025-02-01,174.07
P01123,2025-02-02,178.3
P01123,2025-02-03,155.35
P01123,2025-02-04,148.65
P01123,2025-02-05,126.53
P01123,2025-02-06,110.5
P01123,2025-02-07,97.72
P01124,2025-02-01,194.02
P01124,2025-02-02,183.43
P01124,2025-02-03,181.3
P01124,2025-02-04,185.61
P01124,2025-02-05,193.62
P01124,2025-02-06,187.88
P01124,2025-02-07,177.99
P01125,2025-02-01,174.65
P01125,2025-02-02,170.06
P01125,2025-02-03,177.68
P01125,2025-02-04,163.85
P01125,2025-02-05,161.35
P01125,2025-02-06,159.42
P01125,2025-02-07,148.1
P01126,2025-02-01,209.03
P01126,2025-02-02,190.33
P01126,2025-02-03,166.54
P01126,2025-02-04,142.02
P01126,2025-02-05,123.9
P01126,2025-02-06,105.71
P01126,2025-02-07,110.37
P01127,2025-02-01,148.22
P01127,2025-02-02,151.45
P01127,2025-02-03,135.07
P01127,2025-02-04,132.33
P01127,2025-02-05,129.68
P01127,2025-02-06,121.53
P01127,2025-02-07,118.52
P01128,2025-02-01,133.38
P01128,2025-02-02,134.45
P01128,2025-02-03,119.42
P01128,2025-02-04,108.69
P01128,2025-02-05,102.46
P01128,2025-02-06,96.8
P01128,2025-02-07,82.7
P01129,2025-02-01,161.24
P01129,2025-02-02,142.41
P01129,2025-02-03,125.39
P01129,2025-02-04,124.2
P01129,2025-02-05,129.51
P01129,2025-02-06,122.3
P01129,2025-02-07,124.99
P01130,2025-02-01,63.33
P01130,2025-02-02,61.24
P01130,2025-02-03,54.52
P01130,2025-02-04,52.55
P01130,2025-02-05,53.43
P01130,2025-02-06,45.96
P01130,2025-02-07,39.14
P01131,2025-02-01,141.59
P01131,2025-02-02,138.2
P01131,2025-02-03,137.18
P01131,2025-02-04,143.48
P01131,2025-02-05,146.31
P01131,2025-02-06,145.93
P01131,2025-02-07,141.43
P01132,2025-02-01,63.14
P01132,2025-02-02,60.67
P01132,2025-02-03,55.1
P01132,2025-02-04,52.21
P01132,2025-02-05,49.45
P01132,2025-02-06,47.88
P01132,2025-02-07,46.55
P01133,2025-02-01,45.22
P01133,2025-02-02,44.57
P01133,2025-02-03,45.16
P01133,2025-02-04,42.79
P01133,2025-02-05,42.48
P01133,2025-02-06,40.6
P01133,2025-02-07,37.94
P01134,2025-02-01,131.4
P01134,2025-02-02,119.99
P01134,2025-02-03,103.52
P01134,2025-02-04,106.48
P01134,2025-02-05,99.39
P01134,2025-02-06,93.89
P01134,2025-02-07,89.1
P01135,2025-02-01,113.99
P01135,2025-02-02,118.3
P01135,2025-02-03,108.76
P01135,2025-02-04,107.62
P01135,2025-02-05,91.92
P01135,2025-02-06,83.43
P01135,2025-02-07,74.12
P01136,2025-02-01,124.52
P01136,2025-02-02,114.41
P01136,2025-02-03,102.56
P01136,2025-02-04,91.68
P01136,2025-02-05,94.6
P01136,2025-02-06,86.83
P01136,2025-02-07,84.26
P01137,2025-02-01,159.97
P01137,2025-02-02,162.93
P01137,2025-02-03,159.9
P01137,2025-02-04,140.11
P01137,2025-02-05,127.31
P01137,2025-02-06,126.33
P01137,2025-02-07,131.63
P01138,2025-02-01,180.9
P01138,2025-02-02,183.91
P01138,2025-02-03,181.08
P01138,2025-02-04,180.52
P01138,2025-02-05,182.18
P01138,2025-02-06,183.99
P01138,2025-02-07,187.47
P01139,2025-02-01,95.52
P01139,2025-02-02,93.07
P01139,2025-02-03,84.37
P01139,2025-02-04,84.36
P01139,2025-02-05,82.96
P01139,2025-02-06,72.66
P01139,2025-02-07,64.66
P01140,2025-02-01,96.59
P01140,2025-02-02,93.8
P01140,2025-02-03,81.62
P01140,2025-02-04,76.17
P01140,2025-02-05,79.88
P01140,2025-02-06,72.75
P01140,2025-02-07,64.88
P01141,2025-02-01,39.75
P01141,2025-02-02,34.16
P01141,2025-02-03,29.16
P01141,2025-02-04,29.92
P01141,2025-02-05,27.57
P01141,2025-02-06,24.31
P01141,2025-02-07,24.69
P01142,2025-02-01,57.56
P01142,2025-02-02,59.22
P01142,2025-02-03,50.72
P01142,2025-02-04,43.76
P01142,2025-02-05,40.96
P01142,2025-02-06,39.88
P01142,2025-02-07,34.86
P01143,2025-02-01,94.47
P01143,2025-02-02,84.53
P01143,2025-02-03,76.21
P01143,2025-02-04,69.97
P01143,2025-02-05,64.45
P01143,2025-02-06,55.38
P01143,2025-02-07,56.79
P01144,2025-02-01,229.92
P01144,2025-02-02,207.73
P01144,2025-02-03,182.85
P01144,2025-02-04,180.66
P01144,2025-02-05,172.18
P01144,2025-02-06,169.41
P01144,2025-02-07,167.93
P01145,2025-02-01,48.4
P01145,2025-02-02,50.11
P01145,2025-02-03,46.98
P01145,2025-02-04,44.23
P01145,2025-02-05,45.04
P01145,2025-02-06,39.28
P01145,2025-02-07,34.22
P01146,2025-02-01,161.76
P01146,2025-02-02,157.25
P01146,2025-02-03,158.26
P01146,2025-02-04,164.51
P01146,2025-02-05,166.93
P01146,2025-02-06,143.29
P01146,2025-02-07,124.82
P01147,2025-02-01,79.15
P01147,2025-02-02,77.25
P01147,2025-02-03,79.12
P01147,2025-02-04,81.67
P01147,2025-02-05,71.98
P01147,2025-02-06,65.39
P01147,2025-02-07,61.36
P01148,2025-02-01,217.21
P01148,2025-02-02,206.61
P01148,2025-02-03,205.89
P01148,2025-02-04,179.1
P01148,2025-02-05,175.41
P01148,2025-02-06,160.84
P01148,2025-02-07,141.15
P01149,2025-02-01,234.08
P01149,2025-02-02,238.7
P01149,2025-02-03,223.86
P01149,2025-02-04,208.89
P01149,2025-02-05,209.69
P01149,2025-02-06,188.52
P01149,2025-02-07,190.75
P01150,2025-02-01,88.0
P01150,2025-02-02,80.81
P01150,2025-02-03,76.85
P01150,2025-02-04,66.63
P01150,2025-02-05,61.6
P01150,2025-02-06,61.66
P01150,2025-02-07,56.86
P01151,2025-02-01,132.11
P01151,2025-02-02,129.86
P01151,2025-02-03,114.32
P01151,2025-02-04,114.4
P01151,2025-02-05,106.89
P01151,2025-02-06,95.73
P01151,2025-02-07,96.72
P01152,2025-02-01,40.63
P01152,2025-02-02,37.89
P01152,2025-02-03,35.31
P01152,2025-02-04,33.25
P01152,2025-02-05,33.93
P01152,2025-02-06,34.23
P01152,2025-02-07,31.57
P01153,2025-02-01,176.93
P01153,2025-02-02,151.44
P01153,2025-02-03,133.13
P01153,2025-02-04,113.43
P01153,2025-02-05,114.71
P01153,2025-02-06,119.15
P01153,2025-02-07,103.3
P01154,2025-02-01,137.04
P01154,2025-02-02,125.11
P01154,2025-02-03,130.91
P01154,2025-02-04,115.58
P01154,2025-02-05,99.66
P01154,2025-02-06,99.84
P01154,2025-02-07,98.05
P01155,2025-02-01,233.14
P01155,2025-02-02,228.08
P01155,2025-02-03,235.04
P01155,2025-02-04,202.5
P01155,2025-02-05,197.71
P01155,2025-02-06,196.26
P01155,2025-02-07,192.74
P01156,2025-02-01,245.15
P01156,2025-02-02,233.86
P01156,2025-02-03,212.61
P01156,2025-02-04,197.81
P01156,2025-02-05,195.08
P01156,2025-02-06,187.42
P01156,2025-02-07,170.71
P01157,2025-02-01,54.52
P01157,2025-02-02,54.44
P01157,2025-02-03,56.17
P01157,2025-02-04,47.83
P01157,2025-02-05,43.33
P01157,2025-02-06,41.4
P01157,2025-02-07,42.81
P01158,2025-02-01,67.77
P01158,2025-02-02,67.1
P01158,2025-02-03,63.02
P01158,2025-02-04,56.15
P01158,2025-02-05,53.84
P01158,2025-02-06,54.25
P01158,2025-02-07,53.19
P01159,2025-02-01,190.47
P01159,2025-02-02,188.47
P01159,2025-02-03,193.66
P01159,2025-02-04,194.88
P01159,2025-02-05,181.41
P01159,2025-02-06,161.36
P01159,2025-02-07,146.89
P01160,2025-02-01,125.51
P01160,2025-02-02,107.61
P01160,2025-02-03,98.67
P01160,2025-02-04,98.18
P01160,2025-02-05,97.98
P01160,2025-02-06,85.75
P01160,2025-02-07,89.9
P01161,2025-02-01,27.49
P01161,2025-02-02,24.93
P01161,2025-02-03,21.65
P01161,2025-02-04,20.79
P01161,2025-02-05,19.84
P01161,2025-02-06,19.87
P01161,2025-02-07,17.53
P01162,2025-02-01,77.16
P01162,2025-02-02,66.02
P01162,2025-02-03,66.64
P01162,2025-02-04,64.54
P01162,2025-02-05,57.97
P01162,2025-02-06,58.25
P01162,2025-02-07,57.98
P01163,2025-02-01,71.65
P01163,2025-02-02,75.05
P01163,2025-02-03,65.45
P01163,2025-02-04,56.42
P01163,2025-02-05,52.17
P01163,2025-02-06,50.89
P01163,2025-02-07,46.86
P01164,2025-02-01,173.47
P01164,2025-02-02,149.11
P01164,2025-02-03,146.16
P01164,2025-02-04,127.88
P01164,2025-02-05,116.32
P01164,2025-02-06,116.01
P01164,2025-02-07,109.12
P01165,2025-02-01,256.6
P01165,2025-02-02,268.56
P01165,2025-02-03,271.53
P01165,2025-02-04,284.51
P01165,2025-02-05,274.02
P01165,2025-02-06,281.93
P01165,2025-02-07,275.04
P01166,2025-02-01,70.35
P01166,2025-02-02,67.3
P01166,2025-02-03,65.22
P01166,2025-02-04,60.01
P01166,2025-02-05,54.42
P01166,2025-02-06,54.8
P01166,2025-02-07,54.41
P01167,2025-02-01,49.58
P01167,2025-02-02,48.81
P01167,2025-02-03,48.46
P01167,2025-02-04,46.23
P01167,2025-02-05,41.59
P01167,2025-02-06,38.08
P01167,2025-02-07,36.8
P01168,2025-02-01,95.88
P01168,2025-02-02,97.28
P01168,2025-02-03,89.72
P01168,2025-02-04,78.02
P01168,2025-02-05,77.42
P01168,2025-02-06,78.63
P01168,2025-02-07,68.12
P01169,2025-02-01,233.92
P01169,2025-02-02,201.74
P01169,2025-02-03,207.33
P01169,2025-02-04,195.98
P01169,2025-02-05,184.07
P01169,2025-02-06,170.05
P01169,2025-02-07,162.44
P01170,2025-02-01,224.41
P01170,2025-02-02,217.15
P01170,2025-02-03,207.12
P01170,2025-02-04,192.41
P01170,2025-02-05,173.7
P01170,2025-02-06,164.97
P01170,2025-02-07,154.19
P01171,2025-02-01,109.35
P01171,2025-02-02,102.57
P01171,2025-02-03,106.28
P01171,2025-02-04,100.74
P01171,2025-02-05,105.24
P01171,2025-02-06,106.79
P01171,2025-02-07,93.85
P01172,2025-02-01,230.3
P01172,2025-02-02,201.61
P01172,2025-02-03,200.04
P01172,2025-02-04,175.21
P01172,2025-02-05,173.62
P01172,2025-02-06,177.55
P01172,2025-02-07,155.11
P01173,2025-02-01,249.76
P01173,2025-02-02,222.92
P01173,2025-02-03,210.59
P01173,2025-02-04,210.44
P01173,2025-02-05,218.61
P01173,2025-02-06,201.97
P01173,2025-02-07,210.12
P01174,2025-02-01,201.97
P01174,2025-02-02,195.98
P01174,2025-02-03,182.6
P01174,2025-02-04,159.62
P01174,2025-02-05,153.93
P01174,2025-02-06,132.08
P01174,2025-02-07,116.32
P01175,2025-02-01,169.88
P01175,2025-02-02,157.02
P01175,2025-02-03,164.59
P01175,2025-02-04,149.88
P01175,2025-02-05,141.96
P01175,2025-02-06,143.13
P01175,2025-02-07,125.73
P01176,2025-02-01,88.37
P01176,2025-02-02,85.54
P01176,2025-02-03,73.54
P01176,2025-02-04,75.66
P01176,2025-02-05,77.76
P01176,2025-02-06,69.45
P01176,2025-02-07,70.41
P01177,2025-02-01,76.09
P01177,2025-02-02,72.11
P01177,2025-02-03,63.06
P01177,2025-02-04,58.0
P01177,2025-02-05,59.4
P01177,2025-02-06,55.45
P01177,2025-02-07,53.49
P01178,2025-02-01,231.61
P01178,2025-02-02,223.08
P01178,2025-02-03,229.79
P01178,2025-02-04,231.23
P01178,2025-02-05,218.52
P01178,2025-02-06,217.21
P01178,2025-02-07,210.94
P01179,2025-02-01,239.19
P01179,2025-02-02,239.76
P01179,2025-02-03,228.0
P01179,2025-02-04,214.82
P01179,2025-02-05,201.93
P01179,2025-02-06,189.78
P01179,2025-02-07,194.2
P01180,2025-02-01,201.81
P01180,2025-02-02,184.66
P01180,2025-02-03,186.5
P01180,2025-02-04,183.31
P01180,2025-02-05,170.83
P01180,2025-02-06,153.16
P01180,2025-02-07,142.3
P01181,2025-02-01,155.73
P01181,2025-02-02,149.22
P01181,2025-02-03,155.43
P01181,2025-02-04,159.78
P01181,2025-02-05,159.33
P01181,2025-02-06,156.01
P01181,2025-02-07,159.63
P01182,2025-02-01,142.1
P01182,2025-02-02,140.88
P01182,2025-02-03,135.86
P01182,2025-02-04,137.11
P01182,2025-02-05,135.94
P01182,2025-02-06,130.8
P01182,2025-02-07,114.42
P01183,2025-02-01,224.98
P01183,2025-02-02,216.4
P01183,2025-02-03,192.27
P01183,2025-02-04,187.22
P01183,2025-02-05,180.74
P01183,2025-02-06,155.54
P01183,2025-02-07,149.95
P01184,2025-02-01,110.1
P01184,2025-02-02,97.76
P01184,2025-02-03,92.4
P01184,2025-02-04,95.11
P01184,2025-02-05,83.13
P01184,2025-02-06,86.23
P01184,2025-02-07,76.4
P01185,2025-02-01,199.66
P01185,2025-02-02,170.47
P01185,2025-02-03,171.72
P01185,2025-02-04,154.39
P01185,2025-02-05,153.02
P01185,2025-02-06,157.23
P01185,2025-02-07,147.61
P01186,2025-02-01,38.7
P01186,2025-02-02,39.14
P01186,2025-02-03,38.02
P01186,2025-02-04,35.37
P01186,2025-02-05,30.38
P01186,2025-02-06,31.06
P01186,2025-02-07,26.55
P01187,2025-02-01,26.56
P01187,2025-02-02,24.9
P01187,2025-02-03,23.23
P01187,2025-02-04,23.74
P01187,2025-02-05,21.69
P01187,2025-02-06,19.55
P01187,2025-02-07,17.07
P01188,2025-02-01,172.02
P01188,2025-02-02,149.63
P01188,2025-02-03,132.22
P01188,2025-02-04,116.2
P01188,2025-02-05,104.71
P01188,2025-02-06,90.88
P01188,2025-02-07,82.82
P01189,2025-02-01,40.38
P01189,2025-02-02,37.61
P01189,2025-02-03,33.24
P01189,2025-02-04,32.34
P01189,2025-02-05,29.59
P01189,2025-02-06,25.31
P01189,2025-02-07,21.81
P01190,2025-02-01,46.72
P01190,2025-02-02,43.36
P01190,2025-02-03,39.63
P01190,2025-02-04,36.96
P01190,2025-02-05,33.81
P01190,2025-02-06,31.28
P01190,2025-02-07,31.77
P01191,2025-02-01,163.68
P01191,2025-02-02,143.09
P01191,2025-02-03,127.42
P01191,2025-02-04,127.47
P01191,2025-02-05,123.29
P01191,2025-02-06,116.95
P01191,2025-02-07,117.01
P01192,2025-02-01,127.7
P01192,2025-02-02,118.38
P01192,2025-02-03,103.35
P01192,2025-02-04,89.1
P01192,2025-02-05,84.02
P01192,2025-02-06,78.26
P01192,2025-02-07,74.1
P01193,2025-02-01,116.47
P01193,2025-02-02,108.49
P01193,2025-02-03,97.29
P01193,2025-02-04,99.94
P01193,2025-02-05,90.33
P01193,2025-02-06,94.19
P01193,2025-02-07,92.78
P01194,2025-02-01,179.47
P01194,2025-02-02,161.39
P01194,2025-02-03,155.09
P01194,2025-02-04,156.18
P01194,2025-02-05,142.27
P01194,2025-02-06,132.5
P01194,2025-02-07,114.85
P01195,2025-02-01,94.71
P01195,2025-02-02,92.55
P01195,2025-02-03,82.43
P01195,2025-02-04,86.02
P01195,2025-02-05,79.54
P01195,2025-02-06,83.28
P01195,2025-02-07,83.81
P01196,2025-02-01,107.07
P01196,2025-02-02,102.52
P01196,2025-02-03,95.83
P01196,2025-02-04,98.93
P01196,2025-02-05,93.03
P01196,2025-02-06,79.09
P01196,2025-02-07,74.58
P01197,2025-02-01,120.9
P01197,2025-02-02,122.82
P01197,2025-02-03,111.5
P01197,2025-02-04,116.45
P01197,2025-02-05,99.0
P01197,2025-02-06,102.63
P01197,2025-02-07,97.13
P01198,2025-02-01,202.73
P01198,2025-02-02,196.56
P01198,2025-02-03,200.08
P01198,2025-02-04,185.28
P01198,2025-02-05,170.51
P01198,2025-02-06,166.49
P01198,2025-02-07,161.0
P01199,2025-02-01,37.6
P01199,2025-02-02,35.8
P01199,2025-02-03,30.76
P01199,2025-02-04,30.69
P01199,2025-02-05,29.54
P01199,2025-02-06,26.89
P01199,2025-02-07,24.98
P01200,2025-02-01,79.85
P01200,2025-02-02,69.84
P01200,2025-02-03,61.31
P01200,2025-02-04,58.94
P01200,2025-02-05,53.39
P01200,2025-02-06,49.99
P01200,2025-02-07,48.59
P01201,2025-02-01,156.09
P01201,2025-02-02,162.57
P01201,2025-02-03,148.53
P01201,2025-02-04,146.51
P01201,2025-02-05,134.57
P01201,2025-02-06,121.42
P01201,2025-02-07,121.49
P01202,2025-02-01,44.29
P01202,2025-02-02,41.66
P01202,2025-02-03,37.46
P01202,2025-02-04,39.21
P01202,2025-02-05,36.01
P01202,2025-02-06,33.92
P01202,2025-02-07,32.9
P01203,2025-02-01,193.09
P01203,2025-02-02,164.74
P01203,2025-02-03,162.82
P01203,2025-02-04,159.45
P01203,2025-02-05,135.6
P01203,2025-02-06,128.18
P01203,2025-02-07,132.06
P01204,2025-02-01,20.62
P01204,2025-02-02,20.3
P01204,2025-02-03,18.93
P01204,2025-02-04,19.48
P01204,2025-02-05,19.3
P01204,2025-02-06,19.35
P01204,2025-02-07,18.53
P01205,2025-02-01,199.76
P01205,2025-02-02,201.25
P01205,2025-02-03,197.19
P01205,2025-02-04,170.67
P01205,2025-02-05,146.13
P01205,2025-02-06,148.53
P01205,2025-02-07,146.2
P01206,2025-02-01,166.52
P01206,2025-02-02,163.93
P01206,2025-02-03,150.91
P01206,2025-02-04,152.8
P01206,2025-02-05,155.17
P01206,2025-02-06,143.0
P01206,2025-02-07,126.62
P01207,2025-02-01,50.24
P01207,2025-02-02,50.42
P01207,2025-02-03,49.89
P01207,2025-02-04,42.49
P01207,2025-02-05,40.05
P01207,2025-02-06,41.54
P01207,2025-02-07,39.0
P01208,2025-02-01,208.81
P01208,2025-02-02,186.74
P01208,2025-02-03,159.47
P01208,2025-02-04,144.52
P01208,2025-02-05,149.47
P01208,2025-02-06,137.75
P01208,2025-02-07,119.57
P01209,2025-02-01,39.08
P01209,2025-02-02,38.01
P01209,2025-02-03,34.61
P01209,2025-02-04,34.39
P01209,2025-02-05,30.84
P01209,2025-02-06,29.26
P01209,2025-02-07,27.0
P01210,2025-02-01,139.03
P01210,2025-02-02,125.98
P01210,2025-02-03,129.87
P01210,2025-02-04,128.75
P01210,2025-02-05,114.82
P01210,2025-02-06,102.1
P01210,2025-02-07,103.55
P01211,2025-02-01,28.04
P01211,2025-02-02,26.06
P01211,2025-02-03,26.69
P01211,2025-02-04,25.72
P01211,2025-02-05,24.4
P01211,2025-02-06,23.43
P01211,2025-02-07,23.01
P01212,2025-02-01,190.54
P01212,2025-02-02,183.52
P01212,2025-02-03,181.04
P01212,2025-02-04,174.35
P01212,2025-02-05,150.48
P01212,2025-02-06,131.77
P01212,2025-02-07,113.72
P01213,2025-02-01,158.52
P01213,2025-02-02,142.97
P01213,2025-02-03,137.82
P01213,2025-02-04,123.43
P01213,2025-02-05,117.83
P01213,2025-02-06,118.59
P01213,2025-02-07,105.35
P01214,2025-02-01,137.87
P01214,2025-02-02,135.88
P01214,2025-02-03,142.46
P01214,2025-02-04,140.84
P01214,2025-02-05,134.73
P01214,2025-02-06,121.34
P01214,2025-02-07,116.73
P01215,2025-02-01,225.81
P01215,2025-02-02,212.44
P01215,2025-02-03,220.42
P01215,2025-02-04,215.61
P01215,2025-02-05,223.94
P01215,2025-02-06,192.67
P01215,2025-02-07,199.94
P01216,2025-02-01,113.06
P01216,2025-02-02,105.88
P01216,2025-02-03,111.07
P01216,2025-02-04,100.5
P01216,2025-02-05,99.1
P01216,2025-02-06,93.48
P01216,2025-02-07,86.22
P01217,2025-02-01,67.81
P01217,2025-02-02,67.93
P01217,2025-02-03,69.75
P01217,2025-02-04,62.42
P01217,2025-02-05,56.53
P01217,2025-02-06,52.8
P01217,2025-02-07,49.62
P01218,2025-02-01,195.41
P01218,2025-02-02,166.3
P01218,2025-02-03,147.83
P01218,2025-02-04,128.07
P01218,2025-02-05,123.51
P01218,2025-02-06,105.61
P01218,2025-02-07,105.34
P01219,2025-02-01,168.86
P01219,2025-02-02,176.56
P01219,2025-02-03,165.04
P01219,2025-02-04,142.74
P01219,2025-02-05,128.47
P01219,2025-02-06,113.43
P01219,2025-02-07,103.47
P01220,2025-02-01,79.67
P01220,2025-02-02,77.69
P01220,2025-02-03,67.54
P01220,2025-02-04,63.89
P01220,2025-02-05,64.63
P01220,2025-02-06,62.59
P01220,2025-02-07,61.04
P01221,2025-02-01,91.85
P01221,2025-02-02,84.21
P01221,2025-02-03,75.8
P01221,2025-02-04,66.06
P01221,2025-02-05,59.3
P01221,2025-02-06,54.45
P01221,2025-02-07,46.88
P01222,2025-02-01,188.23
P01222,2025-02-02,172.55
P01222,2025-02-03,174.07
P01222,2025-02-04,180.81
P01222,2025-02-05,181.74
P01222,2025-02-06,177.0
P01222,2025-02-07,177.5
P01223,2025-02-01,142.4
P01223,2025-02-02,138.85
P01223,2025-02-03,134.1
P01223,2025-02-04,116.28
P01223,2025-02-05,100.25
P01223,2025-02-06,85.88
P01223,2025-02-07,78.38
P01224,2025-02-01,127.92
P01224,2025-02-02,130.42
P01224,2025-02-03,112.55
P01224,2025-02-04,98.54
P01224,2025-02-05,101.87
P01224,2025-02-06,95.59
P01224,2025-02-07,87.02
P01225,2025-02-01,22.08
P01225,2025-02-02,21.53
P01225,2025-02-03,18.58
P01225,2025-02-04,18.31
P01225,2025-02-05,17.61
P01225,2025-02-06,16.01
P01225,2025-02-07,14.83
P01226,2025-02-01,165.82
P01226,2025-02-02,144.13
P01226,2025-02-03,144.19
P01226,2025-02-04,129.28
P01226,2025-02-05,125.39
P01226,2025-02-06,123.13
P01226,2025-02-07,104.92
P01227,2025-02-01,164.02
P01227,2025-02-02,152.01
P01227,2025-02-03,153.38
P01227,2025-02-04,157.37
P01227,2025-02-05,153.25
P01227,2025-02-06,140.67
P01227,2025-02-07,145.95
P01228,2025-02-01,234.88
P01228,2025-02-02,236.43
P01228,2025-02-03,222.44
P01228,2025-02-04,203.67
P01228,2025-02-05,180.96
P01228,2025-02-06,157.53
P01228,2025-02-07,152.65
P01229,2025-02-01,245.02
P01229,2025-02-02,211.58
P01229,2025-02-03,213.25
P01229,2025-02-04,189.52
P01229,2025-02-05,182.82
P01229,2025-02-06,178.7
P01229,2025-02-07,161.05
P01230,2025-02-01,79.59
P01230,2025-02-02,74.35
P01230,2025-02-03,73.97
P01230,2025-02-04,69.45
P01230,2025-02-05,62.41
P01230,2025-02-06,63.0
P01230,2025-02-07,54.31
P01231,2025-02-01,178.89
P01231,2025-02-02,163.21
P01231,2025-02-03,152.96
P01231,2025-02-04,159.38
P01231,2025-02-05,159.52
P01231,2025-02-06,145.52
P01231,2025-02-07,149.46
P01232,2025-02-01,114.64
P01232,2025-02-02,115.22
P01232,2025-02-03,101.33
P01232,2025-02-04,92.39
P01232,2025-02-05,84.87
P01232,2025-02-06,78.4
P01232,2025-02-07,66.77
P01233,2025-02-01,42.54
P01233,2025-02-02,41.15
P01233,2025-02-03,40.56
P01233,2025-02-04,34.94
P01233,2025-02-05,33.24
P01233,2025-02-06,33.81
P01233,2025-02-07,34.55
P01234,2025-02-01,216.77
P01234,2025-02-02,202.55
P01234,2025-02-03,180.08
P01234,2025-02-04,160.28
P01234,2025-02-05,165.36
P01234,2025-02-06,166.53
P01234,2025-02-07,152.93
P01235,2025-02-01,137.89
P01235,2025-02-02,135.62
P01235,2025-02-03,134.12
P01235,2025-02-04,140.34
P01235,2025-02-05,136.12
P01235,2025-02-06,124.72
P01235,2025-02-07,120.44
P01236,2025-02-01,84.07
P01236,2025-02-02,87.65
P01236,2025-02-03,85.3
P01236,2025-02-04,79.65
P01236,2025-02-05,70.29
P01236,2025-02-06,66.13
P01236,2025-02-07,66.65
P01237,2025-02-01,134.83
P01237,2025-02-02,115.74
P01237,2025-02-03,103.46
P01237,2025-02-04,88.02
P01237,2025-02-05,78.74
P01237,2025-02-06,70.56
P01237,2025-02-07,68.78
P01238,2025-02-01,27.94
P01238,2025-02-02,25.08
P01238,2025-02-03,25.0
P01238,2025-02-04,26.01
P01238,2025-02-05,23.83
P01238,2025-02-06,23.78
P01238,2025-02-07,21.19
P01239,2025-02-01,48.57
P01239,2025-02-02,43.07
P01239,2025-02-03,45.14
P01239,2025-02-04,41.64
P01239,2025-02-05,36.01
P01239,2025-02-06,30.82
P01239,2025-02-07,26.91
P01240,2025-02-01,200.05
P01240,2025-02-02,181.67
P01240,2025-02-03,161.48
P01240,2025-02-04,156.17
P01240,2025-02-05,156.66
P01240,2025-02-06,134.54
P01240,2025-02-07,115.16
P01241,2025-02-01,246.06
P01241,2025-02-02,218.89
P01241,2025-02-03,193.68
P01241,2025-02-04,198.92
P01241,2025-02-05,197.68
P01241,2025-02-06,181.46
P01241,2025-02-07,174.37
P01242,2025-02-01,139.08
P01242,2025-02-02,123.18
P01242,2025-02-03,105.23
P01242,2025-02-04,107.18
P01242,2025-02-05,110.62
P01242,2025-02-06,94.49
P01242,2025-02-07,93.12
P01243,2025-02-01,67.34
P01243,2025-02-02,62.34
P01243,2025-02-03,62.81
P01243,2025-02-04,54.78
P01243,2025-02-05,56.82
P01243,2025-02-06,51.76
P01243,2025-02-07,46.48
P01244,2025-02-01,181.77
P01244,2025-02-02,183.93
P01244,2025-02-03,180.65
P01244,2025-02-04,187.56
P01244,2025-02-05,196.08
P01244,2025-02-06,205.79
P01244,2025-02-07,211.21
P01245,2025-02-01,128.38
P01245,2025-02-02,131.68
P01245,2025-02-03,113.65
P01245,2025-02-04,99.89
P01245,2025-02-05,103.37
P01245,2025-02-06,104.3
P01245,2025-02-07,92.65
P01246,2025-02-01,181.73
P01246,2025-02-02,168.22
P01246,2025-02-03,155.58
P01246,2025-02-04,150.9
P01246,2025-02-05,157.75
P01246,2025-02-06,141.8
P01246,2025-02-07,121.84
P01247,2025-02-01,252.58
P01247,2025-02-02,245.81
P01247,2025-02-03,218.24
P01247,2025-02-04,208.88
P01247,2025-02-05,210.53
P01247,2025-02-06,192.75
P01247,2025-02-07,165.89
P01248,2025-02-01,186.57
P01248,2025-02-02,188.27
P01248,2025-02-03,192.9
P01248,2025-02-04,196.82
P01248,2025-02-05,205.42
P01248,2025-02-06,211.0
P01248,2025-02-07,188.18
P01249,2025-02-01,141.59
P01249,2025-02-02,122.66
P01249,2025-02-03,115.81
P01249,2025-02-04,113.81
P01249,2025-02-05,98.22
P01249,2025-02-06,93.48
P01249,2025-02-07,93.5
P01250,2025-02-01,55.92
P01250,2025-02-02,54.75
P01250,2025-02-03,52.11
P01250,2025-02-04,49.49
P01250,2025-02-05,46.66
P01250,2025-02-06,42.66
P01250,2025-02-07,39.45
P01251,2025-02-01,236.63
P01251,2025-02-02,234.0
P01251,2025-02-03,232.39
P01251,2025-02-04,220.53
P01251,2025-02-05,199.29
P01251,2025-02-06,185.38
P01251,2025-02-07,191.73
P01252,2025-02-01,212.91
P01252,2025-02-02,205.84
P01252,2025-02-03,176.47
P01252,2025-02-04,157.75
P01252,2025-02-05,140.49
P01252,2025-02-06,143.67
P01252,2025-02-07,133.5
P01253,2025-02-01,123.24
P01253,2025-02-02,112.3
P01253,2025-02-03,115.42
P01253,2025-02-04,111.3
P01253,2025-02-05,115.43
P01253,2025-02-06,106.75
P01253,2025-02-07,102.49
P01254,2025-02-01,232.46
P01254,2025-02-02,203.84
P01254,2025-02-03,176.69
P01254,2025-02-04,165.89
P01254,2025-02-05,152.67
P01254,2025-02-06,147.6
P01254,2025-02-07,139.19
P01255,2025-02-01,215.98
P01255,2025-02-02,210.41
P01255,2025-02-03,196.78
P01255,2025-02-04,185.66
P01255,2025-02-05,173.0
P01255,2025-02-06,174.89
P01255,2025-02-07,159.75
P01256,2025-02-01,79.3
P01256,2025-02-02,73.47
P01256,2025-02-03,65.09
P01256,2025-02-04,58.37
P01256,2025-02-05,57.15
P01256,2025-02-06,52.68
P01256,2025-02-07,45.65
P01257,2025-02-01,257.44
P01257,2025-02-02,262.21
P01257,2025-02-03,249.77
P01257,2025-02-04,244.46
P01257,2025-02-05,246.21
P01257,2025-02-06,254.91
P01257,2025-02-07,221.69
P01258,2025-02-01,34.48
P01258,2025-02-02,29.8
P01258,2025-02-03,25.56
P01258,2025-02-04,22.75
P01258,2025-02-05,20.23
P01258,2025-02-06,18.53
P01258,2025-02-07,16.87
P01259,2025-02-01,242.75
P01259,2025-02-02,245.93
P01259,2025-02-03,242.66
P01259,2025-02-04,219.58
P01259,2025-02-05,217.63
P01259,2025-02-06,228.42
P01259,2025-02-07,239.77
P01260,2025-02-01,55.96
P01260,2025-02-02,55.99
P01260,2025-02-03,55.88
P01260,2025-02-04,57.69
P01260,2025-02-05,49.13
P01260,2025-02-06,44.7
P01260,2025-02-07,45.35
P01261,2025-02-01,94.71
P01261,2025-02-02,95.34
P01261,2025-02-03,88.74
P01261,2025-02-04,82.63
P01261,2025-02-05,79.82
P01261,2025-02-06,78.31
P01261,2025-02-07,73.96
P01262,2025-02-01,146.06
P01262,2025-02-02,139.13
P01262,2025-02-03,139.44
P01262,2025-02-04,122.69
P01262,2025-02-05,114.04
P01262,2025-02-06,102.11
P01262,2025-02-07,102.09
P01263,2025-02-01,220.96
P01263,2025-02-02,208.78
P01263,2025-02-03,199.0
P01263,2025-02-04,200.43
P01263,2025-02-05,200.74
P01263,2025-02-06,199.64
P01263,2025-02-07,188.12
P01264,2025-02-01,65.39
P01264,2025-02-02,65.94
P01264,2025-02-03,60.18
P01264,2025-02-04,53.41
P01264,2025-02-05,53.63
P01264,2025-02-06,53.07
P01264,2025-02-07,47.33
P01265,2025-02-01,250.59
P01265,2025-02-02,235.55
P01265,2025-02-03,226.53
P01265,2025-02-04,209.53
P01265,2025-02-05,202.3
P01265,2025-02-06,177.15
P01265,2025-02-07,184.0
P01266,2025-02-01,32.88
P01266,2025-02-02,28.01
P01266,2025-02-03,28.35
P01266,2025-02-04,28.83
P01266,2025-02-05,26.46
P01266,2025-02-06,24.71
P01266,2025-02-07,24.39
P01267,2025-02-01,251.83
P01267,2025-02-02,234.37
P01267,2025-02-03,235.71
P01267,2025-02-04,225.7
P01267,2025-02-05,206.56
P01267,2025-02-06,176.54
P01267,2025-02-07,177.79
P01268,2025-02-01,143.61
P01268,2025-02-02,148.55
P01268,2025-02-03,130.83
P01268,2025-02-04,136.13
P01268,2025-02-05,124.7
P01268,2025-02-06,121.7
P01268,2025-02-07,118.12
P01269,2025-02-01,46.51
P01269,2025-02-02,45.19
P01269,2025-02-03,46.25
P01269,2025-02-04,48.38
P01269,2025-02-05,43.1
P01269,2025-02-06,40.0
P01269,2025-02-07,38.28
P01270,2025-02-01,208.89
P01270,2025-02-02,185.42
P01270,2025-02-03,161.64
P01270,2025-02-04,155.81
P01270,2025-02-05,146.51
P01270,2025-02-06,150.75
P01270,2025-02-07,130.95
P01271,2025-02-01,117.36
P01271,2025-02-02,102.2
P01271,2025-02-03,98.17
P01271,2025-02-04,84.07
P01271,2025-02-05,83.04
P01271,2025-02-06,78.7
P01271,2025-02-07,69.83
P01272,2025-02-01,72.36
P01272,2025-02-02,62.51
P01272,2025-02-03,65.17
P01272,2025-02-04,59.09
P01272,2025-02-05,52.98
P01272,2025-02-06,52.02
P01272,2025-02-07,44.95
P01273,2025-02-01,53.26
P01273,2025-02-02,45.88
P01273,2025-02-03,43.76
P01273,2025-02-04,38.7
P01273,2025-02-05,39.55
P01273,2025-02-06,36.87
P01273,2025-02-07,32.5
P01274,2025-02-01,114.72
P01274,2025-02-02,100.05
P01274,2025-02-03,95.78
P01274,2025-02-04,90.57
P01274,2025-02-05,78.23
P01274,2025-02-06,81.44
P01274,2025-02-07,83.32
P01275,2025-02-01,59.77
P01275,2025-02-02,52.36
P01275,2025-02-03,46.66
P01275,2025-02-04,43.69
P01275,2025-02-05,43.34
P01275,2025-02-06,40.95
P01275,2025-02-07,39.75
P01276,2025-02-01,118.21
P01276,2025-02-02,122.68
P01276,2025-02-03,118.69
P01276,2025-02-04,112.81
P01276,2025-02-05,111.34
P01276,2025-02-06,100.77
P01276,2025-02-07,85.8
P01277,2025-02-01,196.81
P01277,2025-02-02,172.91
P01277,2025-02-03,149.19
P01277,2025-02-04,138.72
P01277,2025-02-05,140.32
P01277,2025-02-06,134.03
P01277,2025-02-07,138.33
P01278,2025-02-01,202.49
P01278,2025-02-02,207.72
P01278,2025-02-03,195.68
P01278,2025-02-04,188.88
P01278,2025-02-05,188.4
P01278,2025-02-06,170.99
P01278,2025-02-07,175.47
P01279,2025-02-01,189.97
P01279,2025-02-02,178.81
P01279,2025-02-03,177.03
P01279,2025-02-04,175.67
P01279,2025-02-05,159.77
P01279,2025-02-06,155.39
P01279,2025-02-07,157.25
P01280,2025-02-01,200.15
P01280,2025-02-02,177.14
P01280,2025-02-03,159.4
P01280,2025-02-04,164.18
P01280,2025-02-05,163.63
P01280,2025-02-06,154.07
P01280,2025-02-07,159.03
P01281,2025-02-01,62.91
P01281,2025-02-02,55.78
P01281,2025-02-03,53.76
P01281,2025-02-04,49.93
P01281,2025-02-05,51.88
P01281,2025-02-06,46.59
P01281,2025-02-07,47.71
P01282,2025-02-01,81.15
P01282,2025-02-02,73.42
P01282,2025-02-03,71.63
P01282,2025-02-04,65.07
P01282,2025-02-05,67.23
P01282,2025-02-06,66.53
P01282,2025-02-07,66.16
P01283,2025-02-01,203.53
P01283,2025-02-02,181.84
P01283,2025-02-03,172.51
P01283,2025-02-04,180.87
P01283,2025-02-05,173.74
P01283,2025-02-06,182.26
P01283,2025-02-07,157.71
P01284,2025-02-01,155.2
P01284,2025-02-02,135.19
P01284,2025-02-03,135.64
P01284,2025-02-04,124.14
P01284,2025-02-05,116.71
P01284,2025-02-06,105.1
P01284,2025-02-07,99.97
P01285,2025-02-01,130.11
P01285,2025-02-02,122.62
P01285,2025-02-03,106.02
P01285,2025-02-04,104.84
P01285,2025-02-05,104.83
P01285,2025-02-06,97.1
P01285,2025-02-07,97.02
P01286,2025-02-01,33.72
P01286,2025-02-02,34.43
P01286,2025-02-03,32.0
P01286,2025-02-04,27.27
P01286,2025-02-05,23.8
P01286,2025-02-06,24.6
P01286,2025-02-07,22.52
P01287,2025-02-01,168.13
P01287,2025-02-02,168.09
P01287,2025-02-03,159.17
P01287,2025-02-04,137.47
P01287,2025-02-05,131.93
P01287,2025-02-06,118.53
P01287,2025-02-07,123.27
P01288,2025-02-01,99.81
P01288,2025-02-02,87.64
P01288,2025-02-03,88.87
P01288,2025-02-04,90.5
P01288,2025-02-05,80.01
P01288,2025-02-06,68.3
P01288,2025-02-07,59.43
P01289,2025-02-01,63.05
P01289,2025-02-02,57.3
P01289,2025-02-03,54.83
P01289,2025-02-04,50.89
P01289,2025-02-05,44.05
P01289,2025-02-06,44.17
P01289,2025-02-07,43.53
P01290,2025-02-01,208.48
P01290,2025-02-02,183.61
P01290,2025-02-03,169.22
P01290,2025-02-04,151.17
P01290,2025-02-05,129.54
P01290,2025-02-06,127.6
P01290,2025-02-07,113.98
P01291,2025-02-01,240.2
P01291,2025-02-02,237.64
P01291,2025-02-03,241.75
P01291,2025-02-04,244.72
P01291,2025-02-05,239.39
P01291,2025-02-06,237.78
P01291,2025-02-07,244.77
P01292,2025-02-01,187.04
P01292,2025-02-02,173.6
P01292,2025-02-03,158.27
P01292,2025-02-04,136.19
P01292,2025-02-05,115.89
P01292,2025-02-06,116.41
P01292,2025-02-07,116.81
P01293,2025-02-01,262.66
P01293,2025-02-02,272.05
P01293,2025-02-03,251.63
P01293,2025-02-04,225.89
P01293,2025-02-05,196.14
P01293,2025-02-06,183.26
P01293,2025-02-07,192.03
P01294,2025-02-01,245.83
P01294,2025-02-02,225.53
P01294,2025-02-03,200.37
P01294,2025-02-04,197.12
P01294,2025-02-05,176.25
P01294,2025-02-06,180.91
P01294,2025-02-07,182.61
P01295,2025-02-01,123.27
P01295,2025-02-02,125.25
P01295,2025-02-03,110.67
P01295,2025-02-04,97.77
P01295,2025-02-05,91.23
P01295,2025-02-06,79.51
P01295,2025-02-07,72.79
P01296,2025-02-01,225.69
P01296,2025-02-02,217.21
P01296,2025-02-03,192.86
P01296,2025-02-04,171.92
P01296,2025-02-05,164.76
P01296,2025-02-06,170.99
P01296,2025-02-07,149.47
P01297,2025-02-01,69.46
P01297,2025-02-02,62.01
P01297,2025-02-03,57.13
P01297,2025-02-04,50.54
P01297,2025-02-05,47.02
P01297,2025-02-06,42.94
P01297,2025-02-07,39.84
P01298,2025-02-01,163.34
P01298,2025-02-02,153.83
P01298,2025-02-03,132.79
P01298,2025-02-04,134.52
P01298,2025-02-05,131.83
P01298,2025-02-06,121.78
P01298,2025-02-07,105.15
P01299,2025-02-01,213.87
P01299,2025-02-02,191.14
P01299,2025-02-03,174.0
P01299,2025-02-04,168.74
P01299,2025-02-05,176.61
P01299,2025-02-06,153.71
P01299,2025-02-07,147.14
P01300,2025-02-01,240.65
P01300,2025-02-02,252.23
P01300,2025-02-03,257.3
P01300,2025-02-04,227.53
P01300,2025-02-05,237.04
P01300,2025-02-06,229.92
P01300,2025-02-07,240.56
P01301,2025-02-01,149.18
P01301,2025-02-02,147.58
P01301,2025-02-03,145.45
P01301,2025-02-04,151.92
P01301,2025-02-05,150.21
P01301,2025-02-06,137.65
P01301,2025-02-07,134.49
P01302,2025-02-01,156.54
P01302,2025-02-02,160.73
P01302,2025-02-03,146.84
P01302,2025-02-04,149.82
P01302,2025-02-05,141.79
P01302,2025-02-06,130.02
P01302,2025-02-07,126.34
P01303,2025-02-01,209.11
P01303,2025-02-02,202.21
P01303,2025-02-03,187.34
P01303,2025-02-04,183.24
P01303,2025-02-05,164.27
P01303,2025-02-06,158.93
P01303,2025-02-07,166.51
P01304,2025-02-01,198.04
P01304,2025-02-02,177.55
P01304,2025-02-03,172.8
P01304,2025-02-04,177.87
P01304,2025-02-05,162.18
P01304,2025-02-06,161.79
P01304,2025-02-07,162.02
P01305,2025-02-01,116.6
P01305,2025-02-02,113.56
P01305,2025-02-03,97.89
P01305,2025-02-04,90.54
P01305,2025-02-05,82.33
P01305,2025-02-06,72.48
P01305,2025-02-07,64.57
P01306,2025-02-01,39.49
P01306,2025-02-02,33.87
P01306,2025-02-03,35.04
P01306,2025-02-04,33.98
P01306,2025-02-05,35.31
P01306,2025-02-06,35.23
P01306,2025-02-07,32.26
P01307,2025-02-01,34.23
P01307,2025-02-02,31.0
P01307,2025-02-03,30.34
P01307,2025-02-04,30.4
P01307,2025-02-05,29.01
P01307,2025-02-06,30.33
P01307,2025-02-07,29.71
P01308,2025-02-01,247.92
P01308,2025-02-02,225.03
P01308,2025-02-03,192.34
P01308,2025-02-04,196.07
P01308,2025-02-05,179.65
P01308,2025-02-06,161.41
P01308,2025-02-07,154.61
P01309,2025-02-01,41.8
P01309,2025-02-02,43.11
P01309,2025-02-03,42.38
P01309,2025-02-04,38.13
P01309,2025-02-05,37.65
P01309,2025-02-06,37.42
P01309,2025-02-07,36.36
P01310,2025-02-01,209.88
P01310,2025-02-02,194.41
P01310,2025-02-03,177.75
P01310,2025-02-04,166.81
P01310,2025-02-05,141.99
P01310,2025-02-06,145.39
P01310,2025-02-07,125.62
P01311,2025-02-01,189.95
P01311,2025-02-02,168.77
P01311,2025-02-03,164.87
P01311,2025-02-04,144.81
P01311,2025-02-05,129.0
P01311,2025-02-06,112.02
P01311,2025-02-07,108.49
P01312,2025-02-01,220.26
P01312,2025-02-02,223.84
P01312,2025-02-03,231.98
P01312,2025-02-04,208.15
P01312,2025-02-05,180.18
P01312,2025-02-06,179.28
P01312,2025-02-07,163.56
P01313,2025-02-01,78.72
P01313,2025-02-02,78.27
P01313,2025-02-03,70.36
P01313,2025-02-04,62.29
P01313,2025-02-05,56.05
P01313,2025-02-06,50.84
P01313,2025-02-07,47.77
P01314,2025-02-01,136.29
P01314,2025-02-02,133.17
P01314,2025-02-03,120.44
P01314,2025-02-04,121.19
P01314,2025-02-05,104.95
P01314,2025-02-06,109.62
P01314,2025-02-07,101.91
P01315,2025-02-01,97.15
P01315,2025-02-02,85.84
P01315,2025-02-03,80.54
P01315,2025-02-04,76.6
P01315,2025-02-05,76.37
P01315,2025-02-06,76.53
P01315,2025-02-07,77.6
P01316,2025-02-01,237.82
P01316,2025-02-02,239.89
P01316,2025-02-03,204.86
P01316,2025-02-04,189.76
P01316,2025-02-05,193.71
P01316,2025-02-06,194.05
P01316,2025-02-07,200.71
P01317,2025-02-01,151.06
P01317,2025-02-02,146.38
P01317,2025-02-03,128.9
P01317,2025-02-04,128.3
P01317,2025-02-05,115.66
P01317,2025-02-06,109.04
P01317,2025-02-07,102.58
P01318,2025-02-01,38.82
P01318,2025-02-02,35.91
P01318,2025-02-03,34.88
P01318,2025-02-04,30.15
P01318,2025-02-05,26.45
P01318,2025-02-06,24.96
P01318,2025-02-07,21.99
P01319,2025-02-01,35.33
P01319,2025-02-02,31.37
P01319,2025-02-03,26.75
P01319,2025-02-04,25.42
P01319,2025-02-05,25.29
P01319,2025-02-06,23.98
P01319,2025-02-07,24.82
P01320,2025-02-01,216.49
P01320,2025-02-02,224.73
P01320,2025-02-03,234.64
P01320,2025-02-04,216.95
P01320,2025-02-05,205.65
P01320,2025-02-06,201.17
P01320,2025-02-07,194.66
P01321,2025-02-01,134.83
P01321,2025-02-02,125.63
P01321,2025-02-03,107.76
P01321,2025-02-04,111.46
P01321,2025-02-05,103.32
P01321,2025-02-06,99.51
P01321,2025-02-07,88.45
P01322,2025-02-01,131.02
P01322,2025-02-02,122.8
P01322,2025-02-03,110.65
P01322,2025-02-04,114.26
P01322,2025-02-05,113.63
P01322,2025-02-06,108.17
P01322,2025-02-07,102.52
P01323,2025-02-01,41.76
P01323,2025-02-02,41.25
P01323,2025-02-03,40.81
P01323,2025-02-04,40.0
P01323,2025-02-05,41.41
P01323,2025-02-06,41.29
P01323,2025-02-07,37.1
P01324,2025-02-01,230.72
P01324,2025-02-02,197.7
P01324,2025-02-03,200.2
P01324,2025-02-04,195.43
P01324,2025-02-05,192.55
P01324,2025-02-06,190.53
P01324,2025-02-07,186.54
P01325,2025-02-01,120.2
P01325,2025-02-02,108.45
P01325,2025-02-03,102.06
P01325,2025-02-04,100.65
P01325,2025-02-05,90.67
P01325,2025-02-06,87.99
P01325,2025-02-07,91.54
P01326,2025-02-01,38.01
P01326,2025-02-02,38.71
P01326,2025-02-03,33.0
P01326,2025-02-04,33.14
P01326,2025-02-05,32.44
P01326,2025-02-06,33.52
P01326,2025-02-07,31.16
P01327,2025-02-01,26.95
P01327,2025-02-02,26.07
P01327,2025-02-03,26.86
P01327,2025-02-04,25.62
P01327,2025-02-05,22.74
P01327,2025-02-06,21.25
P01327,2025-02-07,21.59
P01328,2025-02-01,244.21
P01328,2025-02-02,219.93
P01328,2025-02-03,200.23
P01328,2025-02-04,208.95
P01328,2025-02-05,205.13
P01328,2025-02-06,190.06
P01328,2025-02-07,173.26
P01329,2025-02-01,223.52
P01329,2025-02-02,208.39
P01329,2025-02-03,213.66
P01329,2025-02-04,212.71
P01329,2025-02-05,184.58
P01329,2025-02-06,180.38
P01329,2025-02-07,181.34
P01330,2025-02-01,156.02
P01330,2025-02-02,143.36
P01330,2025-02-03,125.95
P01330,2025-02-04,125.92
P01330,2025-02-05,130.45
P01330,2025-02-06,121.27
P01330,2025-02-07,110.55
P01331,2025-02-01,69.38
P01331,2025-02-02,72.67
P01331,2025-02-03,73.63
P01331,2025-02-04,62.61
P01331,2025-02-05,54.09
P01331,2025-02-06,53.51
P01331,2025-02-07,51.1
P01332,2025-02-01,191.99
P01332,2025-02-02,188.32
P01332,2025-02-03,187.68
P01332,2025-02-04,165.93
P01332,2025-02-05,153.47
P01332,2025-02-06,152.06
P01332,2025-02-07,135.27
P01333,2025-02-01,186.83
P01333,2025-02-02,165.61
P01333,2025-02-03,172.18
P01333,2025-02-04,161.87
P01333,2025-02-05,163.95
P01333,2025-02-06,145.44
P01333,2025-02-07,125.34
P01334,2025-02-01,215.67
P01334,2025-02-02,191.2
P01334,2025-02-03,191.55
P01334,2025-02-04,172.75
P01334,2025-02-05,178.01
P01334,2025-02-06,165.86
P01334,2025-02-07,161.77
P01335,2025-02-01,119.11
P01335,2025-02-02,116.12
P01335,2025-02-03,118.87
P01335,2025-02-04,104.99
P01335,2025-02-05,95.4
P01335,2025-02-06,88.3
P01335,2025-02-07,79.94
P01336,2025-02-01,90.44
P01336,2025-02-02,83.06
P01336,2025-02-03,80.33
P01336,2025-02-04,75.96
P01336,2025-02-05,74.79
P01336,2025-02-06,65.08
P01336,2025-02-07,56.11
P01337,2025-02-01,173.25
P01337,2025-02-02,173.31
P01337,2025-02-03,147.56
P01337,2025-02-04,142.62
P01337,2025-02-05,149.4
P01337,2025-02-06,129.88
P01337,2025-02-07,123.97
P01338,2025-02-01,25.8
P01338,2025-02-02,21.97
P01338,2025-02-03,21.32
P01338,2025-02-04,22.33
P01338,2025-02-05,22.38
P01338,2025-02-06,23.2
P01338,2025-02-07,21.92
P01339,2025-02-01,217.84
P01339,2025-02-02,199.85
P01339,2025-02-03,187.04
P01339,2025-02-04,172.85
P01339,2025-02-05,177.7
P01339,2025-02-06,186.57
P01339,2025-02-07,189.06
P01340,2025-02-01,60.51
P01340,2025-02-02,62.82
P01340,2025-02-03,61.75
P01340,2025-02-04,57.16
P01340,2025-02-05,49.24
P01340,2025-02-06,45.36
P01340,2025-02-07,41.55
P01341,2025-02-01,72.7
P01341,2025-02-02,63.25
P01341,2025-02-03,59.54
P01341,2025-02-04,58.92
P01341,2025-02-05,58.63
P01341,2025-02-06,60.25
P01341,2025-02-07,52.89
P01342,2025-02-01,114.05
P01342,2025-02-02,110.67
P01342,2025-02-03,113.3
P01342,2025-02-04,102.64
P01342,2025-02-05,101.6
P01342,2025-02-06,102.92
P01342,2025-02-07,95.07
P01343,2025-02-01,78.67
P01343,2025-02-02,76.6
P01343,2025-02-03,75.2
P01343,2025-02-04,71.07
P01343,2025-02-05,66.28
P01343,2025-02-06,58.83
P01343,2025-02-07,61.61
P01344,2025-02-01,192.62
P01344,2025-02-02,200.62
P01344,2025-02-03,203.13
P01344,2025-02-04,173.34
P01344,2025-02-05,159.83
P01344,2025-02-06,137.32
P01344,2025-02-07,138.9
P01345,2025-02-01,143.82
P01345,2025-02-02,131.61
P01345,2025-02-03,123.56
P01345,2025-02-04,120.02
P01345,2025-02-05,111.62
P01345,2025-02-06,108.55
P01345,2025-02-07,94.03
P01346,2025-02-01,192.65
P01346,2025-02-02,180.24
P01346,2025-02-03,186.78
P01346,2025-02-04,193.54
P01346,2025-02-05,202.71
P01346,2025-02-06,207.05
P01346,2025-02-07,213.48
P01347,2025-02-01,177.53
P01347,2025-02-02,176.97
P01347,2025-02-03,160.83
P01347,2025-02-04,142.98
P01347,2025-02-05,125.63
P01347,2025-02-06,119.85
P01347,2025-02-07,115.58
P01348,2025-02-01,83.42
P01348,2025-02-02,85.2
P01348,2025-02-03,81.02
P01348,2025-02-04,70.94
P01348,2025-02-05,71.6
P01348,2025-02-06,65.18
P01348,2025-02-07,64.18
P01349,2025-02-01,152.58
P01349,2025-02-02,146.44
P01349,2025-02-03,150.09
P01349,2025-02-04,132.62
P01349,2025-02-05,124.56
P01349,2025-02-06,108.76
P01349,2025-02-07,106.86
P01350,2025-02-01,175.6
P01350,2025-02-02,157.72
P01350,2025-02-03,140.74
P01350,2025-02-04,140.83
P01350,2025-02-05,138.29
P01350,2025-02-06,120.02
P01350,2025-02-07,112.46
P01351,2025-02-01,106.06
P01351,2025-02-02,105.33
P01351,2025-02-03,92.91
P01351,2025-02-04,96.24
P01351,2025-02-05,99.18
P01351,2025-02-06,99.5
P01351,2025-02-07,88.96
P01352,2025-02-01,37.33
P01352,2025-02-02,33.65
P01352,2025-02-03,31.81
P01352,2025-02-04,32.75
P01352,2025-02-05,28.64
P01352,2025-02-06,25.12
P01352,2025-02-07,24.04
P01353,2025-02-01,160.86
P01353,2025-02-02,160.07
P01353,2025-02-03,138.95
P01353,2025-02-04,137.33
P01353,2025-02-05,140.68
P01353,2025-02-06,145.79
P01353,2025-02-07,146.27
P01354,2025-02-01,123.67
P01354,2025-02-02,119.98
P01354,2025-02-03,117.44
P01354,2025-02-04,108.68
P01354,2025-02-05,107.97
P01354,2025-02-06,107.67
P01354,2025-02-07,99.74
P01355,2025-02-01,229.64
P01355,2025-02-02,224.68
P01355,2025-02-03,216.23
P01355,2025-02-04,220.82
P01355,2025-02-05,223.4
P01355,2025-02-06,199.88
P01355,2025-02-07,174.52
P01356,2025-02-01,195.48
P01356,2025-02-02,169.59
P01356,2025-02-03,147.17
P01356,2025-02-04,146.89
P01356,2025-02-05,152.39
P01356,2025-02-06,152.23
P01356,2025-02-07,132.93
P01357,2025-02-01,122.92
P01357,2025-02-02,113.52
P01357,2025-02-03,115.87
P01357,2025-02-04,120.6
P01357,2025-02-05,116.43
P01357,2025-02-06,99.0
P01357,2025-02-07,85.38
P01358,2025-02-01,211.61
P01358,2025-02-02,202.54
P01358,2025-02-03,206.47
P01358,2025-02-04,215.96
P01358,2025-02-05,197.37
P01358,2025-02-06,182.17
P01358,2025-02-07,179.59
P01359,2025-02-01,260.91
P01359,2025-02-02,263.34
P01359,2025-02-03,251.21
P01359,2025-02-04,243.75
P01359,2025-02-05,218.02
P01359,2025-02-06,202.55
P01359,2025-02-07,193.97
P01360,2025-02-01,97.46
P01360,2025-02-02,91.82
P01360,2025-02-03,80.7
P01360,2025-02-04,83.81
P01360,2025-02-05,85.27
P01360,2025-02-06,81.0
P01360,2025-02-07,76.23
P01361,2025-02-01,134.1
P01361,2025-02-02,130.12
P01361,2025-02-03,114.4
P01361,2025-02-04,112.46
P01361,2025-02-05,113.61
P01361,2025-02-06,112.54
P01361,2025-02-07,109.14
P01362,2025-02-01,68.63
P01362,2025-02-02,62.58
P01362,2025-02-03,65.59
P01362,2025-02-04,57.37
P01362,2025-02-05,60.2
P01362,2025-02-06,59.68
P01362,2025-02-07,56.44
P01363,2025-02-01,163.35
P01363,2025-02-02,165.92
P01363,2025-02-03,157.46
P01363,2025-02-04,156.02
P01363,2025-02-05,144.37
P01363,2025-02-06,151.04
P01363,2025-02-07,138.45
P01364,2025-02-01,189.86
P01364,2025-02-02,192.82
P01364,2025-02-03,172.02
P01364,2025-02-04,171.42
P01364,2025-02-05,173.49
P01364,2025-02-06,171.77
P01364,2025-02-07,147.81
P01365,2025-02-01,114.22
P01365,2025-02-02,116.86
P01365,2025-02-03,103.52
P01365,2025-02-04,98.09
P01365,2025-02-05,91.06
P01365,2025-02-06,95.33
P01365,2025-02-07,93.6
P01366,2025-02-01,67.87
P01366,2025-02-02,69.21
P01366,2025-02-03,72.55
P01366,2025-02-04,69.62
P01366,2025-02-05,63.88
P01366,2025-02-06,62.96
P01366,2025-02-07,65.99
P01367,2025-02-01,158.57
P01367,2025-02-02,158.81
P01367,2025-02-03,147.41
P01367,2025-02-04,140.86
P01367,2025-02-05,127.7
P01367,2025-02-06,126.33
P01367,2025-02-07,112.31
P01368,2025-02-01,233.67
P01368,2025-02-02,238.64
P01368,2025-02-03,221.64
P01368,2025-02-04,194.2
P01368,2025-02-05,194.29
P01368,2025-02-06,187.7
P01368,2025-02-07,189.77
P01369,2025-02-01,172.42
P01369,2025-02-02,175.86
P01369,2025-02-03,174.44
P01369,2025-02-04,164.24
P01369,2025-02-05,144.98
P01369,2025-02-06,127.22
P01369,2025-02-07,125.84
P01370,2025-02-01,197.93
P01370,2025-02-02,179.76
P01370,2025-02-03,158.0
P01370,2025-02-04,141.19
P01370,2025-02-05,141.14
P01370,2025-02-06,140.73
P01370,2025-02-07,119.88
P01371,2025-02-01,162.09
P01371,2025-02-02,161.31
P01371,2025-02-03,155.69
P01371,2025-02-04,153.46
P01371,2025-02-05,160.78
P01371,2025-02-06,141.41
P01371,2025-02-07,147.08
P01372,2025-02-01,78.76
P01372,2025-02-02,73.67
P01372,2025-02-03,75.02
P01372,2025-02-04,77.66
P01372,2025-02-05,67.5
P01372,2025-02-06,70.53
P01372,2025-02-07,62.48
P01373,2025-02-01,178.57
P01373,2025-02-02,153.66
P01373,2025-02-03,160.74
P01373,2025-02-04,157.53
P01373,2025-02-05,152.6
P01373,2025-02-06,159.31
P01373,2025-02-07,155.39
P01374,2025-02-01,82.2
P01374,2025-02-02,76.51
P01374,2025-02-03,65.55
P01374,2025-02-04,58.88
P01374,2025-02-05,55.8
P01374,2025-02-06,55.11
P01374,2025-02-07,57.36
P01375,2025-02-01,95.88
P01375,2025-02-02,94.02
P01375,2025-02-03,86.98
P01375,2025-02-04,85.97
P01375,2025-02-05,86.75
P01375,2025-02-06,85.16
P01375,2025-02-07,85.63
P01376,2025-02-01,160.2
P01376,2025-02-02,163.88
P01376,2025-02-03,160.61
P01376,2025-02-04,145.36
P01376,2025-02-05,142.55
P01376,2025-02-06,131.64
P01376,2025-02-07,115.05
P01377,2025-02-01,224.84
P01377,2025-02-02,194.83
P01377,2025-02-03,184.67
P01377,2025-02-04,181.67
P01377,2025-02-05,172.94
P01377,2025-02-06,147.8
P01377,2025-02-07,142.57
P01378,2025-02-01,117.35
P01378,2025-02-02,113.19
P01378,2025-02-03,102.41
P01378,2025-02-04,102.31
P01378,2025-02-05,103.22
P01378,2025-02-06,91.48
P01378,2025-02-07,86.62
P01379,2025-02-01,96.64
P01379,2025-02-02,94.6
P01379,2025-02-03,88.61
P01379,2025-02-04,85.45
P01379,2025-02-05,74.33
P01379,2025-02-06,64.12
P01379,2025-02-07,66.16
P01380,2025-02-01,102.96
P01380,2025-02-02,103.89
P01380,2025-02-03,92.15
P01380,2025-02-04,93.31
P01380,2025-02-05,79.68
P01380,2025-02-06,76.59
P01380,2025-02-07,73.32
P01381,2025-02-01,243.87
P01381,2025-02-02,246.9
P01381,2025-02-03,233.99
P01381,2025-02-04,223.18
P01381,2025-02-05,215.8
P01381,2025-02-06,214.24
P01381,2025-02-07,215.96
P01382,2025-02-01,197.56
P01382,2025-02-02,172.83
P01382,2025-02-03,172.93
P01382,2025-02-04,180.39
P01382,2025-02-05,185.72
P01382,2025-02-06,164.57
P01382,2025-02-07,159.6
P01383,2025-02-01,90.07
P01383,2025-02-02,79.8
P01383,2025-02-03,76.68
P01383,2025-02-04,77.45
P01383,2025-02-05,67.74
P01383,2025-02-06,59.32
P01383,2025-02-07,52.87
P01384,2025-02-01,155.88
P01384,2025-02-02,137.52
P01384,2025-02-03,132.36
P01384,2025-02-04,135.05
P01384,2025-02-05,115.74
P01384,2025-02-06,121.06
P01384,2025-02-07,115.16
P01385,2025-02-01,67.24
P01385,2025-02-02,62.04
P01385,2025-02-03,59.49
P01385,2025-02-04,55.6
P01385,2025-02-05,57.77
P01385,2025-02-06,49.11
P01385,2025-02-07,44.7
P01386,2025-02-01,188.05
P01386,2025-02-02,195.43
P01386,2025-02-03,186.42
P01386,2025-02-04,187.64
P01386,2025-02-05,184.23
P01386,2025-02-06,172.99
P01386,2025-02-07,167.01
P01387,2025-02-01,61.63
P01387,2025-02-02,60.95
P01387,2025-02-03,58.18
P01387,2025-02-04,60.93
P01387,2025-02-05,56.08
P01387,2025-02-06,53.7
P01387,2025-02-07,47.9
P01388,2025-02-01,179.35
P01388,2025-02-02,156.0
P01388,2025-02-03,158.18
P01388,2025-02-04,141.95
P01388,2025-02-05,126.0
P01388,2025-02-06,114.65
P01388,2025-02-07,116.54
P01389,2025-02-01,130.09
P01389,2025-02-02,135.49
P01389,2025-02-03,131.48
P01389,2025-02-04,117.44
P01389,2025-02-05,108.26
P01389,2025-02-06,94.8
P01389,2025-02-07,92.38
P01390,2025-02-01,57.67
P01390,2025-02-02,49.88
P01390,2025-02-03,44.94
P01390,2025-02-04,41.63
P01390,2025-02-05,42.91
P01390,2025-02-06,39.91
P01390,2025-02-07,34.59
P01391,2025-02-01,189.47
P01391,2025-02-02,170.68
P01391,2025-02-03,159.6
P01391,2025-02-04,157.83
P01391,2025-02-05,151.07
P01391,2025-02-06,130.54
P01391,2025-02-07,130.09
P01392,2025-02-01,60.37
P01392,2025-02-02,63.33
P01392,2025-02-03,62.66
P01392,2025-02-04,55.68
P01392,2025-02-05,51.47
P01392,2025-02-06,50.52
P01392,2025-02-07,51.23
P01393,2025-02-01,238.66
P01393,2025-02-02,231.74
P01393,2025-02-03,216.43
P01393,2025-02-04,190.61
P01393,2025-02-05,199.85
P01393,2025-02-06,187.2
P01393,2025-02-07,160.09
P01394,2025-02-01,124.19
P01394,2025-02-02,120.55
P01394,2025-02-03,104.34
P01394,2025-02-04,91.29
P01394,2025-02-05,79.6
P01394,2025-02-06,76.39
P01394,2025-02-07,65.94
P01395,2025-02-01,52.02
P01395,2025-02-02,50.88
P01395,2025-02-03,46.94
P01395,2025-02-04,43.03
P01395,2025-02-05,38.93
P01395,2025-02-06,39.86
P01395,2025-02-07,35.68
P01396,2025-02-01,104.2
P01396,2025-02-02,88.78
P01396,2025-02-03,82.16
P01396,2025-02-04,85.75
P01396,2025-02-05,79.38
P01396,2025-02-06,69.14
P01396,2025-02-07,71.57
P01397,2025-02-01,118.9
P01397,2025-02-02,105.24
P01397,2025-02-03,104.78
P01397,2025-02-04,95.49
P01397,2025-02-05,96.85
P01397,2025-02-06,91.81
P01397,2025-02-07,87.75
P01398,2025-02-01,252.66
P01398,2025-02-02,250.16
P01398,2025-02-03,255.93
P01398,2025-02-04,245.77
P01398,2025-02-05,238.76
P01398,2025-02-06,245.76
P01398,2025-02-07,217.29
P01399,2025-02-01,30.04
P01399,2025-02-02,31.22
P01399,2025-02-03,28.97
P01399,2025-02-04,26.62
P01399,2025-02-05,26.57
P01399,2025-02-06,27.73
P01399,2025-02-07,26.52
P01400,2025-02-01,101.77
P01400,2025-02-02,98.61
P01400,2025-02-03,100.57
P01400,2025-02-04,95.08
P01400,2025-02-05,83.24
P01400,2025-02-06,70.91
P01400,2025-02-07,67.56
P01401,2025-02-01,79.08
P01401,2025-02-02,69.68
P01401,2025-02-03,60.99
P01401,2025-02-04,56.46
P01401,2025-02-05,56.3
P01401,2025-02-06,48.45
P01401,2025-02-07,48.21
P01402,2025-02-01,189.11
P01402,2025-02-02,197.6
P01402,2025-02-03,195.92
P01402,2025-02-04,176.29
P01402,2025-02-05,171.31
P01402,2025-02-06,169.83
P01402,2025-02-07,150.57
P01403,2025-02-01,101.81
P01403,2025-02-02,106.62
P01403,2025-02-03,107.65
P01403,2025-02-04,102.32
P01403,2025-02-05,92.62
P01403,2025-02-06,86.65
P01403,2025-02-07,89.97
P01404,2025-02-01,215.39
P01404,2025-02-02,221.05
P01404,2025-02-03,223.88
P01404,2025-02-04,203.96
P01404,2025-02-05,208.36
P01404,2025-02-06,216.59
P01404,2025-02-07,201.71
P01405,2025-02-01,144.46
P01405,2025-02-02,131.83
P01405,2025-02-03,114.43
P01405,2025-02-04,99.08
P01405,2025-02-05,98.68
P01405,2025-02-06,102.53
P01405,2025-02-07,90.54
P01406,2025-02-01,42.82
P01406,2025-02-02,36.89
P01406,2025-02-03,36.84
P01406,2025-02-04,35.4
P01406,2025-02-05,33.58
P01406,2025-02-06,34.42
P01406,2025-02-07,35.88
P01407,2025-02-01,56.32
P01407,2025-02-02,52.65
P01407,2025-02-03,50.11
P01407,2025-02-04,49.92
P01407,2025-02-05,47.22
P01407,2025-02-06,45.0
P01407,2025-02-07,47.23
P01408,2025-02-01,91.28
P01408,2025-02-02,93.8
P01408,2025-02-03,92.82
P01408,2025-02-04,86.42
P01408,2025-02-05,84.11
P01408,2025-02-06,86.82
P01408,2025-02-07,86.75
P01409,2025-02-01,227.04
P01409,2025-02-02,225.41
P01409,2025-02-03,223.27
P01409,2025-02-04,223.26
P01409,2025-02-05,200.68
P01409,2025-02-06,200.24
P01409,2025-02-07,208.28
P01410,2025-02-01,75.29
P01410,2025-02-02,76.39
P01410,2025-02-03,78.38
P01410,2025-02-04,74.9
P01410,2025-02-05,72.79
P01410,2025-02-06,70.71
P01410,2025-02-07,73.75
P01411,2025-02-01,234.22
P01411,2025-02-02,230.68
P01411,2025-02-03,236.77
P01411,2025-02-04,226.05
P01411,2025-02-05,202.32
P01411,2025-02-06,175.01
P01411,2025-02-07,178.14
P01412,2025-02-01,232.75
P01412,2025-02-02,221.75
P01412,2025-02-03,230.73
P01412,2025-02-04,215.63
P01412,2025-02-05,199.63
P01412,2025-02-06,184.59
P01412,2025-02-07,161.08
P01413,2025-02-01,60.67
P01413,2025-02-02,62.66
P01413,2025-02-03,56.39
P01413,2025-02-04,54.01
P01413,2025-02-05,54.19
P01413,2025-02-06,47.34
P01413,2025-02-07,43.07
P01414,2025-02-01,57.89
P01414,2025-02-02,52.61
P01414,2025-02-03,46.96
P01414,2025-02-04,46.85
P01414,2025-02-05,45.15
P01414,2025-02-06,40.34
P01414,2025-02-07,36.75
P01415,2025-02-01,65.93
P01415,2025-02-02,68.34
P01415,2025-02-03,66.88
P01415,2025-02-04,67.89
P01415,2025-02-05,58.19
P01415,2025-02-06,54.85
P01415,2025-02-07,53.4
P01416,2025-02-01,190.21
P01416,2025-02-02,180.25
P01416,2025-02-03,166.04
P01416,2025-02-04,161.57
P01416,2025-02-05,147.95
P01416,2025-02-06,136.23
P01416,2025-02-07,115.94
P01417,2025-02-01,138.68
P01417,2025-02-02,142.57
P01417,2025-02-03,126.49
P01417,2025-02-04,116.49
P01417,2025-02-05,101.38
P01417,2025-02-06,96.15
P01417,2025-02-07,83.36
P01418,2025-02-01,218.6
P01418,2025-02-02,208.3
P01418,2025-02-03,183.46
P01418,2025-02-04,160.49
P01418,2025-02-05,152.06
P01418,2025-02-06,133.98
P01418,2025-02-07,131.48
P01419,2025-02-01,217.91
P01419,2025-02-02,195.08
P01419,2025-02-03,181.24
P01419,2025-02-04,164.9
P01419,2025-02-05,154.29
P01419,2025-02-06,136.77
P01419,2025-02-07,138.45
P01420,2025-02-01,22.55
P01420,2025-02-02,19.66
P01420,2025-02-03,18.44
P01420,2025-02-04,18.77
P01420,2025-02-05,16.56
P01420,2025-02-06,15.25
P01420,2025-02-07,14.29
P01421,2025-02-01,91.23
P01421,2025-02-02,84.1
P01421,2025-02-03,86.13
P01421,2025-02-04,76.63
P01421,2025-02-05,68.04
P01421,2025-02-06,58.38
P01421,2025-02-07,54.23
P01422,2025-02-01,204.06
P01422,2025-02-02,203.81
P01422,2025-02-03,209.96
P01422,2025-02-04,185.2
P01422,2025-02-05,164.79
P01422,2025-02-06,155.87
P01422,2025-02-07,153.23
P01423,2025-02-01,220.17
P01423,2025-02-02,198.85
P01423,2025-02-03,185.77
P01423,2025-02-04,178.34
P01423,2025-02-05,180.12
P01423,2025-02-06,178.83
P01423,2025-02-07,163.63
P01424,2025-02-01,225.62
P01424,2025-02-02,226.27
P01424,2025-02-03,232.23
P01424,2025-02-04,220.7
P01424,2025-02-05,228.36
P01424,2025-02-06,232.61
P01424,2025-02-07,215.81
P01425,2025-02-01,244.47
P01425,2025-02-02,213.16
P01425,2025-02-03,185.79
P01425,2025-02-04,158.71
P01425,2025-02-05,139.84
P01425,2025-02-06,132.85
P01425,2025-02-07,133.31
P01426,2025-02-01,19.69
P01426,2025-02-02,17.67
P01426,2025-02-03,17.42
P01426,2025-02-04,16.0
P01426,2025-02-05,16.72
P01426,2025-02-06,16.68
P01426,2025-02-07,15.63
P01427,2025-02-01,137.25
P01427,2025-02-02,124.61
P01427,2025-02-03,118.03
P01427,2025-02-04,118.29
P01427,2025-02-05,106.41
P01427,2025-02-06,93.69
P01427,2025-02-07,89.22
P01428,2025-02-01,179.78
P01428,2025-02-02,161.78
P01428,2025-02-03,162.32
P01428,2025-02-04,166.03
P01428,2025-02-05,174.14
P01428,2025-02-06,156.63
P01428,2025-02-07,158.84
P01429,2025-02-01,94.97
P01429,2025-02-02,84.49
P01429,2025-02-03,83.75
P01429,2025-02-04,84.75
P01429,2025-02-05,83.92
P01429,2025-02-06,79.76
P01429,2025-02-07,70.69
P01430,2025-02-01,230.32
P01430,2025-02-02,241.49
P01430,2025-02-03,233.82
P01430,2025-02-04,228.42
P01430,2025-02-05,204.64
P01430,2025-02-06,179.36
P01430,2025-02-07,153.83
P01431,2025-02-01,73.83
P01431,2025-02-02,77.38
P01431,2025-02-03,80.15
P01431,2025-02-04,74.96
P01431,2025-02-05,72.96
P01431,2025-02-06,63.34
P01431,2025-02-07,54.48
P01432,2025-02-01,125.18
P01432,2025-02-02,116.6
P01432,2025-02-03,106.26
P01432,2025-02-04,103.78
P01432,2025-02-05,93.02
P01432,2025-02-06,85.32
P01432,2025-02-07,80.7
P01433,2025-02-01,233.86
P01433,2025-02-02,222.63
P01433,2025-02-03,217.9
P01433,2025-02-04,198.48
P01433,2025-02-05,179.4
P01433,2025-02-06,162.56
P01433,2025-02-07,149.59
P01434,2025-02-01,226.48
P01434,2025-02-02,211.45
P01434,2025-02-03,193.26
P01434,2025-02-04,166.11
P01434,2025-02-05,142.55
P01434,2025-02-06,122.65
P01434,2025-02-07,122.52
P01435,2025-02-01,72.52
P01435,2025-02-02,64.72
P01435,2025-02-03,61.12
P01435,2025-02-04,63.06
P01435,2025-02-05,54.87
P01435,2025-02-06,48.67
P01435,2025-02-07,50.6
P01436,2025-02-01,158.82
P01436,2025-02-02,146.55
P01436,2025-02-03,133.49
P01436,2025-02-04,116.05
P01436,2025-02-05,98.96
P01436,2025-02-06,95.04
P01436,2025-02-07,97.17
P01437,2025-02-01,28.6
P01437,2025-02-02,26.2
P01437,2025-02-03,26.15
P01437,2025-02-04,24.12
P01437,2025-02-05,24.26
P01437,2025-02-06,23.19
P01437,2025-02-07,21.43
P01438,2025-02-01,83.09
P01438,2025-02-02,81.43
P01438,2025-02-03,72.64
P01438,2025-02-04,67.32
P01438,2025-02-05,69.17
P01438,2025-02-06,60.6
P01438,2025-02-07,60.51
P01439,2025-02-01,172.14
P01439,2025-02-02,150.46
P01439,2025-02-03,145.54
P01439,2025-02-04,150.26
P01439,2025-02-05,147.39
P01439,2025-02-06,130.9
P01439,2025-02-07,129.71
P01440,2025-02-01,112.03
P01440,2025-02-02,115.96
P01440,2025-02-03,100.3
P01440,2025-02-04,96.22
P01440,2025-02-05,88.39
P01440,2025-02-06,87.95
P01440,2025-02-07,92.17
P01441,2025-02-01,80.18
P01441,2025-02-02,71.39
P01441,2025-02-03,70.97
P01441,2025-02-04,60.95
P01441,2025-02-05,54.14
P01441,2025-02-06,51.98
P01441,2025-02-07,46.81
P01442,2025-02-01,52.59
P01442,2025-02-02,53.93
P01442,2025-02-03,55.05
P01442,2025-02-04,56.78
P01442,2025-02-05,59.34
P01442,2025-02-06,61.06
P01442,2025-02-07,57.38
P01443,2025-02-01,207.48
P01443,2025-02-02,206.12
P01443,2025-02-03,212.75
P01443,2025-02-04,183.72
P01443,2025-02-05,171.56
P01443,2025-02-06,177.78
P01443,2025-02-07,169.03
P01444,2025-02-01,61.22
P01444,2025-02-02,52.3
P01444,2025-02-03,50.72
P01444,2025-02-04,50.18
P01444,2025-02-05,43.95
P01444,2025-02-06,37.76
P01444,2025-02-07,36.37
P01445,2025-02-01,155.28
P01445,2025-02-02,156.66
P01445,2025-02-03,154.9
P01445,2025-02-04,154.61
P01445,2025-02-05,143.71
P01445,2025-02-06,141.83
P01445,2025-02-07,145.24
P01446,2025-02-01,258.27
P01446,2025-02-02,269.71
P01446,2025-02-03,238.18
P01446,2025-02-04,238.21
P01446,2025-02-05,220.78
P01446,2025-02-06,222.08
P01446,2025-02-07,206.57
P01447,2025-02-01,113.46
P01447,2025-02-02,102.6
P01447,2025-02-03,90.99
P01447,2025-02-04,80.25
P01447,2025-02-05,71.71
P01447,2025-02-06,70.95
P01447,2025-02-07,72.78
P01448,2025-02-01,158.03
P01448,2025-02-02,159.31
P01448,2025-02-03,149.92
P01448,2025-02-04,148.65
P01448,2025-02-05,141.96
P01448,2025-02-06,129.28
P01448,2025-02-07,115.59
P01449,2025-02-01,185.67
P01449,2025-02-02,184.12
P01449,2025-02-03,176.83
P01449,2025-02-04,156.36
P01449,2025-02-05,134.33
P01449,2025-02-06,120.58
P01449,2025-02-07,103.44
P01450,2025-02-01,204.26
P01450,2025-02-02,179.67
P01450,2025-02-03,184.47
P01450,2025-02-04,191.01
P01450,2025-02-05,172.69
P01450,2025-02-06,174.09
P01450,2025-02-07,170.34
P01451,2025-02-01,187.72
P01451,2025-02-02,168.91
P01451,2025-02-03,171.39
P01451,2025-02-04,164.01
P01451,2025-02-05,139.45
P01451,2025-02-06,128.22
P01451,2025-02-07,124.51
P01452,2025-02-01,52.1
P01452,2025-02-02,48.13
P01452,2025-02-03,41.71
P01452,2025-02-04,41.34
P01452,2025-02-05,39.68
P01452,2025-02-06,39.46
P01452,2025-02-07,36.76
P01453,2025-02-01,117.0
P01453,2025-02-02,113.76
P01453,2025-02-03,104.08
P01453,2025-02-04,89.66
P01453,2025-02-05,90.84
P01453,2025-02-06,92.18
P01453,2025-02-07,82.4
P01454,2025-02-01,247.21
P01454,2025-02-02,257.85
P01454,2025-02-03,228.29
P01454,2025-02-04,238.41
P01454,2025-02-05,228.27
P01454,2025-02-06,238.71
P01454,2025-02-07,240.06
P01455,2025-02-01,86.93
P01455,2025-02-02,87.46
P01455,2025-02-03,76.2
P01455,2025-02-04,76.14
P01455,2025-02-05,70.54
P01455,2025-02-06,69.18
P01455,2025-02-07,70.84
P01456,2025-02-01,77.36
P01456,2025-02-02,75.57
P01456,2025-02-03,72.56
P01456,2025-02-04,73.53
P01456,2025-02-05,65.75
P01456,2025-02-06,59.42
P01456,2025-02-07,57.42
P01457,2025-02-01,225.88
P01457,2025-02-02,228.49
P01457,2025-02-03,228.62
P01457,2025-02-04,201.44
P01457,2025-02-05,180.56
P01457,2025-02-06,179.7
P01457,2025-02-07,165.99
P01458,2025-02-01,200.59
P01458,2025-02-02,206.69
P01458,2025-02-03,179.56
P01458,2025-02-04,159.14
P01458,2025-02-05,141.16
P01458,2025-02-06,144.33
P01458,2025-02-07,128.13
P01459,2025-02-01,168.91
P01459,2025-02-02,160.14
P01459,2025-02-03,159.48
P01459,2025-02-04,156.21
P01459,2025-02-05,133.44
P01459,2025-02-06,117.77
P01459,2025-02-07,104.29
P01460,2025-02-01,206.56
P01460,2025-02-02,191.86
P01460,2025-02-03,186.4
P01460,2025-02-04,161.03
P01460,2025-02-05,139.2
P01460,2025-02-06,125.15
P01460,2025-02-07,129.13
P01461,2025-02-01,156.85
P01461,2025-02-02,163.76
P01461,2025-02-03,142.48
P01461,2025-02-04,136.12
P01461,2025-02-05,135.49
P01461,2025-02-06,137.06
P01461,2025-02-07,133.04
P01462,2025-02-01,168.06
P01462,2025-02-02,155.55
P01462,2025-02-03,132.86
P01462,2025-02-04,134.89
P01462,2025-02-05,135.25
P01462,2025-02-06,132.4
P01462,2025-02-07,113.7
P01463,2025-02-01,53.47
P01463,2025-02-02,48.11
P01463,2025-02-03,41.7
P01463,2025-02-04,36.63
P01463,2025-02-05,35.73
P01463,2025-02-06,30.47
P01463,2025-02-07,31.79
P01464,2025-02-01,172.34
P01464,2025-02-02,179.5
P01464,2025-02-03,156.39
P01464,2025-02-04,155.96
P01464,2025-02-05,143.12
P01464,2025-02-06,141.9
P01464,2025-02-07,126.36
P01465,2025-02-01,61.0
P01465,2025-02-02,57.71
P01465,2025-02-03,55.55
P01465,2025-02-04,52.15
P01465,2025-02-05,46.03
P01465,2025-02-06,42.18
P01465,2025-02-07,37.16
P01466,2025-02-01,151.75
P01466,2025-02-02,130.68
P01466,2025-02-03,129.17
P01466,2025-02-04,126.0
P01466,2025-02-05,110.2
P01466,2025-02-06,111.85
P01466,2025-02-07,97.37
P01467,2025-02-01,195.72
P01467,2025-02-02,177.98
P01467,2025-02-03,169.49
P01467,2025-02-04,172.42
P01467,2025-02-05,151.45
P01467,2025-02-06,156.36
P01467,2025-02-07,133.66
P01468,2025-02-01,113.07
P01468,2025-02-02,105.77
P01468,2025-02-03,93.02
P01468,2025-02-04,91.26
P01468,2025-02-05,81.69
P01468,2025-02-06,83.8
P01468,2025-02-07,77.68
P01469,2025-02-01,245.32
P01469,2025-02-02,251.91
P01469,2025-02-03,255.58
P01469,2025-02-04,222.99
P01469,2025-02-05,197.1
P01469,2025-02-06,171.88
P01469,2025-02-07,149.6
P01470,2025-02-01,255.9
P01470,2025-02-02,266.44
P01470,2025-02-03,245.51
P01470,2025-02-04,238.92
P01470,2025-02-05,208.74
P01470,2025-02-06,215.98
P01470,2025-02-07,223.32
P01471,2025-02-01,150.19
P01471,2025-02-02,154.56
P01471,2025-02-03,150.06
P01471,2025-02-04,132.9
P01471,2025-02-05,127.07
P01471,2025-02-06,123.25
P01471,2025-02-07,121.51
P01472,2025-02-01,216.84
P01472,2025-02-02,190.83
P01472,2025-02-03,187.67
P01472,2025-02-04,170.84
P01472,2025-02-05,173.15
P01472,2025-02-06,159.24
P01472,2025-02-07,138.66
P01473,2025-02-01,187.52
P01473,2025-02-02,193.75
P01473,2025-02-03,190.33
P01473,2025-02-04,197.29
P01473,2025-02-05,199.69
P01473,2025-02-06,198.14
P01473,2025-02-07,171.45
P01474,2025-02-01,80.62
P01474,2025-02-02,68.56
P01474,2025-02-03,71.07
P01474,2025-02-04,62.52
P01474,2025-02-05,61.34
P01474,2025-02-06,56.07
P01474,2025-02-07,52.04
P01475,2025-02-01,239.22
P01475,2025-02-02,237.85
P01475,2025-02-03,239.54
P01475,2025-02-04,226.53
P01475,2025-02-05,195.6
P01475,2025-02-06,188.87
P01475,2025-02-07,196.79
P01476,2025-02-01,75.33
P01476,2025-02-02,68.23
P01476,2025-02-03,59.23
P01476,2025-02-04,62.13
P01476,2025-02-05,55.07
P01476,2025-02-06,51.05
P01476,2025-02-07,46.65
P01477,2025-02-01,118.85
P01477,2025-02-02,111.1
P01477,2025-02-03,109.84
P01477,2025-02-04,102.46
P01477,2025-02-05,103.35
P01477,2025-02-06,94.74
P01477,2025-02-07,95.73
P01478,2025-02-01,107.61
P01478,2025-02-02,105.54
P01478,2025-02-03,94.9
P01478,2025-02-04,88.61
P01478,2025-02-05,84.13
P01478,2025-02-06,80.49
P01478,2025-02-07,76.99
P01479,2025-02-01,163.73
P01479,2025-02-02,166.07
P01479,2025-02-03,153.93
P01479,2025-02-04,148.73
P01479,2025-02-05,138.97
P01479,2025-02-06,134.19
P01479,2025-02-07,132.67
P01480,2025-02-01,31.36
P01480,2025-02-02,31.35
P01480,2025-02-03,31.06
P01480,2025-02-04,27.86
P01480,2025-02-05,23.7
P01480,2025-02-06,24.86
P01480,2025-02-07,21.22
P01481,2025-02-01,233.98
P01481,2025-02-02,225.01
P01481,2025-02-03,234.35
P01481,2025-02-04,242.36
P01481,2025-02-05,208.89
P01481,2025-02-06,192.15
P01481,2025-02-07,195.95
P01482,2025-02-01,46.45
P01482,2025-02-02,47.53
P01482,2025-02-03,48.19
P01482,2025-02-04,43.8
P01482,2025-02-05,38.49
P01482,2025-02-06,39.29
P01482,2025-02-07,41.03
P01483,2025-02-01,54.69
P01483,2025-02-02,56.47
P01483,2025-02-03,50.74
P01483,2025-02-04,51.53
P01483,2025-02-05,44.38
P01483,2025-02-06,38.95
P01483,2025-02-07,40.6
P01484,2025-02-01,56.95
P01484,2025-02-02,56.43
P01484,2025-02-03,52.23
P01484,2025-02-04,44.67
P01484,2025-02-05,46.59
P01484,2025-02-06,43.06
P01484,2025-02-07,42.64
P01485,2025-02-01,58.5
P01485,2025-02-02,57.48
P01485,2025-02-03,49.71
P01485,2025-02-04,50.58
P01485,2025-02-05,51.8
P01485,2025-02-06,44.34
P01485,2025-02-07,40.93
P01486,2025-02-01,168.45
P01486,2025-02-02,145.84
P01486,2025-02-03,126.21
P01486,2025-02-04,121.65
P01486,2025-02-05,123.2
P01486,2025-02-06,108.41
P01486,2025-02-07,96.1
P01487,2025-02-01,20.95
P01487,2025-02-02,20.92
P01487,2025-02-03,20.91
P01487,2025-02-04,20.69
P01487,2025-02-05,18.83
P01487,2025-02-06,17.56
P01487,2025-02-07,16.11
P01488,2025-02-01,155.78
P01488,2025-02-02,156.76
P01488,2025-02-03,155.04
P01488,2025-02-04,140.68
P01488,2025-02-05,123.96
P01488,2025-02-06,127.21
P01488,2025-02-07,108.95
P01489,2025-02-01,165.27
P01489,2025-02-02,165.31
P01489,2025-02-03,157.15
P01489,2025-02-04,133.92
P01489,2025-02-05,136.13
P01489,2025-02-06,134.22
P01489,2025-02-07,137.6
P01490,2025-02-01,111.32
P01490,2025-02-02,106.96
P01490,2025-02-03,108.66
P01490,2025-02-04,112.34
P01490,2025-02-05,106.77
P01490,2025-02-06,105.9
P01490,2025-02-07,98.99
P01491,2025-02-01,197.17
P01491,2025-02-02,173.78
P01491,2025-02-03,181.53
P01491,2025-02-04,173.23
P01491,2025-02-05,181.13
P01491,2025-02-06,158.49
P01491,2025-02-07,141.43
P01492,2025-02-01,73.52
P01492,2025-02-02,71.59
P01492,2025-02-03,63.99
P01492,2025-02-04,56.74
P01492,2025-02-05,56.69
P01492,2025-02-06,54.53
P01492,2025-02-07,55.53
P01493,2025-02-01,192.52
P01493,2025-02-02,195.08
P01493,2025-02-03,184.09
P01493,2025-02-04,168.01
P01493,2025-02-05,164.38
P01493,2025-02-06,166.92
P01493,2025-02-07,147.38
P01494,2025-02-01,71.39
P01494,2025-02-02,72.15
P01494,2025-02-03,70.66
P01494,2025-02-04,62.81
P01494,2025-02-05,54.75
P01494,2025-02-06,47.39
P01494,2025-02-07,46.0
P01495,2025-02-01,235.72
P01495,2025-02-02,240.27
P01495,2025-02-03,205.58
P01495,2025-02-04,186.35
P01495,2025-02-05,178.58
P01495,2025-02-06,154.13
P01495,2025-02-07,149.42
P01496,2025-02-01,48.22
P01496,2025-02-02,48.28
P01496,2025-02-03,44.02
P01496,2025-02-04,42.27
P01496,2025-02-05,41.33
P01496,2025-02-06,35.4
P01496,2025-02-07,32.0
P01497,2025-02-01,244.03
P01497,2025-02-02,255.09
P01497,2025-02-03,245.64
P01497,2025-02-04,236.49
P01497,2025-02-05,238.39
P01497,2025-02-06,204.81
P01497,2025-02-07,186.97
P01498,2025-02-01,238.09
P01498,2025-02-02,247.3
P01498,2025-02-03,210.62
P01498,2025-02-04,194.05
P01498,2025-02-05,175.9
P01498,2025-02-06,163.52
P01498,2025-02-07,145.37
P01499,2025-02-01,128.8
P01499,2025-02-02,128.85
P01499,2025-02-03,128.22
P01499,2025-02-04,133.96
P01499,2025-02-05,132.69
P01499,2025-02-06,115.37
P01499,2025-02-07,107.46
P01500,2025-02-01,59.64
P01500,2025-02-02,59.54
P01500,2025-02-03,51.81
P01500,2025-02-04,52.41
P01500,2025-02-05,46.12
P01500,2025-02-06,44.62
P01500,2025-02-07,41.34
P01501,2025-02-01,196.73
P01501,2025-02-02,190.29
P01501,2025-02-03,194.17
P01501,2025-02-04,176.31
P01501,2025-02-05,155.21
P01501,2025-02-06,146.3
P01501,2025-02-07,150.26
P01502,2025-02-01,124.75
P01502,2025-02-02,108.37
P01502,2025-02-03,107.69
P01502,2025-02-04,110.58
P01502,2025-02-05,111.85
P01502,2025-02-06,109.71
P01502,2025-02-07,110.12
P01503,2025-02-01,163.36
P01503,2025-02-02,144.12
P01503,2025-02-03,150.28
P01503,2025-02-04,143.26
P01503,2025-02-05,142.65
P01503,2025-02-06,139.84
P01503,2025-02-07,144.88
P01504,2025-02-01,205.11
P01504,2025-02-02,188.35
P01504,2025-02-03,189.68
P01504,2025-02-04,174.09
P01504,2025-02-05,160.52
P01504,2025-02-06,163.92
P01504,2025-02-07,153.46
P01505,2025-02-01,136.61
P01505,2025-02-02,140.45
P01505,2025-02-03,141.13
P01505,2025-02-04,130.9
P01505,2025-02-05,116.73
P01505,2025-02-06,113.47
P01505,2025-02-07,98.15
P01506,2025-02-01,164.11
P01506,2025-02-02,144.5
P01506,2025-02-03,140.97
P01506,2025-02-04,133.85
P01506,2025-02-05,135.32
P01506,2025-02-06,118.88
P01506,2025-02-07,121.74
P01507,2025-02-01,58.8
P01507,2025-02-02,56.41
P01507,2025-02-03,58.88
P01507,2025-02-04,59.25
P01507,2025-02-05,51.4
P01507,2025-02-06,44.66
P01507,2025-02-07,40.76
P01508,2025-02-01,68.59
P01508,2025-02-02,71.11
P01508,2025-02-03,62.74
P01508,2025-02-04,56.84
P01508,2025-02-05,52.44
P01508,2025-02-06,45.51
P01508,2025-02-07,40.31
P01509,2025-02-01,31.48
P01509,2025-02-02,31.62
P01509,2025-02-03,28.51
P01509,2025-02-04,26.93
P01509,2025-02-05,24.27
P01509,2025-02-06,24.88
P01509,2025-02-07,24.38
P01510,2025-02-01,242.78
P01510,2025-02-02,213.18
P01510,2025-02-03,186.49
P01510,2025-02-04,179.73
P01510,2025-02-05,154.19
P01510,2025-02-06,157.55
P01510,2025-02-07,146.55
P01511,2025-02-01,130.28
P01511,2025-02-02,133.07
P01511,2025-02-03,137.52
P01511,2025-02-04,120.44
P01511,2025-02-05,111.21
P01511,2025-02-06,113.32
P01511,2025-02-07,117.9
P01512,2025-02-01,163.2
P01512,2025-02-02,150.92
P01512,2025-02-03,148.87
P01512,2025-02-04,141.6
P01512,2025-02-05,127.8
P01512,2025-02-06,131.01
P01512,2025-02-07,129.24
P01513,2025-02-01,28.21
P01513,2025-02-02,27.48
P01513,2025-02-03,26.9
P01513,2025-02-04,26.85
P01513,2025-02-05,24.14
P01513,2025-02-06,24.48
P01513,2025-02-07,20.85
P01514,2025-02-01,117.32
P01514,2025-02-02,119.74
P01514,2025-02-03,108.74
P01514,2025-02-04,95.87
P01514,2025-02-05,89.15
P01514,2025-02-06,77.08
P01514,2025-02-07,71.5
P01515,2025-02-01,184.1
P01515,2025-02-02,173.51
P01515,2025-02-03,150.73
P01515,2025-02-04,142.16
P01515,2025-02-05,139.1
P01515,2025-02-06,143.28
P01515,2025-02-07,135.11
P01516,2025-02-01,104.67
P01516,2025-02-02,90.77
P01516,2025-02-03,90.44
P01516,2025-02-04,93.47
P01516,2025-02-05,96.69
P01516,2025-02-06,97.04
P01516,2025-02-07,86.36
P01517,2025-02-01,169.28
P01517,2025-02-02,155.02
P01517,2025-02-03,141.6
P01517,2025-02-04,148.58
P01517,2025-02-05,140.74
P01517,2025-02-06,139.4
P01517,2025-02-07,131.77
P01518,2025-02-01,110.66
P01518,2025-02-02,100.22
P01518,2025-02-03,85.95
P01518,2025-02-04,75.73
P01518,2025-02-05,71.49
P01518,2025-02-06,69.92
P01518,2025-02-07,63.91
P01519,2025-02-01,196.57
P01519,2025-02-02,168.32
P01519,2025-02-03,163.31
P01519,2025-02-04,151.23
P01519,2025-02-05,156.87
P01519,2025-02-06,144.68
P01519,2025-02-07,135.42
P01520,2025-02-01,198.79
P01520,2025-02-02,187.79
P01520,2025-02-03,161.65
P01520,2025-02-04,165.47
P01520,2025-02-05,172.18
P01520,2025-02-06,169.9
P01520,2025-02-07,153.58
P01521,2025-02-01,34.12
P01521,2025-02-02,33.34
P01521,2025-02-03,28.9
P01521,2025-02-04,24.97
P01521,2025-02-05,23.25
P01521,2025-02-06,21.15
P01521,2025-02-07,20.99
P01522,2025-02-01,60.72
P01522,2025-02-02,62.19
P01522,2025-02-03,59.39
P01522,2025-02-04,58.44
P01522,2025-02-05,52.71
P01522,2025-02-06,53.56
P01522,2025-02-07,46.52
P01523,2025-02-01,121.73
P01523,2025-02-02,125.42
P01523,2025-02-03,115.19
P01523,2025-02-04,115.26
P01523,2025-02-05,101.76
P01523,2025-02-06,93.6
P01523,2025-02-07,87.41
P01524,2025-02-01,50.73
P01524,2025-02-02,47.94
P01524,2025-02-03,47.35
P01524,2025-02-04,41.77
P01524,2025-02-05,41.32
P01524,2025-02-06,38.05
P01524,2025-02-07,37.62
P01525,2025-02-01,190.21
P01525,2025-02-02,176.48
P01525,2025-02-03,150.36
P01525,2025-02-04,151.35
P01525,2025-02-05,146.72
P01525,2025-02-06,127.0
P01525,2025-02-07,124.92
P01526,2025-02-01,102.56
P01526,2025-02-02,99.82
P01526,2025-02-03,91.31
P01526,2025-02-04,95.63
P01526,2025-02-05,99.24
P01526,2025-02-06,99.1
P01526,2025-02-07,98.84
P01527,2025-02-01,139.0
P01527,2025-02-02,126.95
P01527,2025-02-03,111.73
P01527,2025-02-04,105.22
P01527,2025-02-05,92.54
P01527,2025-02-06,94.66
P01527,2025-02-07,82.61
P01528,2025-02-01,105.49
P01528,2025-02-02,110.13
P01528,2025-02-03,102.56
P01528,2025-02-04,97.86
P01528,2025-02-05,83.25
P01528,2025-02-06,78.26
P01528,2025-02-07,79.55
P01529,2025-02-01,167.94
P01529,2025-02-02,146.97
P01529,2025-02-03,138.13
P01529,2025-02-04,144.19
P01529,2025-02-05,125.37
P01529,2025-02-06,112.05
P01529,2025-02-07,117.18
P01530,2025-02-01,21.88
P01530,2025-02-02,20.44
P01530,2025-02-03,19.61
P01530,2025-02-04,17.32
P01530,2025-02-05,16.03
P01530,2025-02-06,14.74
P01530,2025-02-07,15.34
P01531,2025-02-01,94.77
P01531,2025-02-02,98.97
P01531,2025-02-03,95.54
P01531,2025-02-04,81.48
P01531,2025-02-05,82.52
P01531,2025-02-06,70.41
P01531,2025-02-07,72.48
P01532,2025-02-01,23.98
P01532,2025-02-02,22.79
P01532,2025-02-03,23.33
P01532,2025-02-04,23.09
P01532,2025-02-05,22.62
P01532,2025-02-06,21.29
P01532,2025-02-07,19.84
P01533,2025-02-01,180.47
P01533,2025-02-02,166.11
P01533,2025-02-03,159.22
P01533,2025-02-04,152.0
P01533,2025-02-05,152.46
P01533,2025-02-06,133.05
P01533,2025-02-07,117.77
P01534,2025-02-01,60.97
P01534,2025-02-02,57.05
P01534,2025-02-03,50.51
P01534,2025-02-04,48.94
P01534,2025-02-05,46.91
P01534,2025-02-06,43.45
P01534,2025-02-07,44.28
P01535,2025-02-01,220.98
P01535,2025-02-02,218.26
P01535,2025-02-03,204.62
P01535,2025-02-04,185.52
P01535,2025-02-05,180.71
P01535,2025-02-06,187.04
P01535,2025-02-07,191.04
P01536,2025-02-01,67.43
P01536,2025-02-02,70.74
P01536,2025-02-03,71.53
P01536,2025-02-04,62.29
P01536,2025-02-05,61.04
P01536,2025-02-06,59.41
P01536,2025-02-07,55.39
P01537,2025-02-01,38.2
P01537,2025-02-02,36.26
P01537,2025-02-03,36.27
P01537,2025-02-04,37.56
P01537,2025-02-05,32.67
P01537,2025-02-06,30.67
P01537,2025-02-07,29.63
P01538,2025-02-01,244.26
P01538,2025-02-02,209.22
P01538,2025-02-03,189.97
P01538,2025-02-04,177.46
P01538,2025-02-05,158.75
P01538,2025-02-06,149.37
P01538,2025-02-07,138.35
P01539,2025-02-01,23.34
P01539,2025-02-02,20.75
P01539,2025-02-03,19.59
P01539,2025-02-04,17.14
P01539,2025-02-05,17.89
P01539,2025-02-06,18.48
P01539,2025-02-07,17.23
P01540,2025-02-01,134.9
P01540,2025-02-02,136.8
P01540,2025-02-03,135.54
P01540,2025-02-04,135.3
P01540,2025-02-05,115.21
P01540,2025-02-06,106.56
P01540,2025-02-07,95.35
P01541,2025-02-01,89.43
P01541,2025-02-02,81.09
P01541,2025-02-03,83.19
P01541,2025-02-04,75.11
P01541,2025-02-05,76.44
P01541,2025-02-06,77.13
P01541,2025-02-07,71.96
P01542,2025-02-01,105.37
P01542,2025-02-02,94.66
P01542,2025-02-03,97.5
P01542,2025-02-04,90.96
P01542,2025-02-05,77.6
P01542,2025-02-06,68.34
P01542,2025-02-07,63.21
P01543,2025-02-01,66.31
P01543,2025-02-02,67.19
P01543,2025-02-03,68.13
P01543,2025-02-04,66.09
P01543,2025-02-05,60.61
P01543,2025-02-06,63.15
P01543,2025-02-07,66.22
P01544,2025-02-01,188.55
P01544,2025-02-02,169.39
P01544,2025-02-03,176.96
P01544,2025-02-04,157.23
P01544,2025-02-05,153.91
P01544,2025-02-06,156.33
P01544,2025-02-07,157.93
P01545,2025-02-01,203.96
P01545,2025-02-02,196.94
P01545,2025-02-03,172.47
P01545,2025-02-04,168.55
P01545,2025-02-05,176.21
P01545,2025-02-06,155.9
P01545,2025-02-07,160.71
P01546,2025-02-01,171.48
P01546,2025-02-02,163.5
P01546,2025-02-03,153.28
P01546,2025-02-04,133.34
P01546,2025-02-05,134.7
P01546,2025-02-06,128.08
P01546,2025-02-07,125.04
P01547,2025-02-01,142.7
P01547,2025-02-02,143.68
P01547,2025-02-03,146.35
P01547,2025-02-04,142.76
P01547,2025-02-05,128.78
P01547,2025-02-06,123.7
P01547,2025-02-07,128.62
P01548,2025-02-01,223.28
P01548,2025-02-02,198.89
P01548,2025-02-03,172.77
P01548,2025-02-04,161.97
P01548,2025-02-05,158.05
P01548,2025-02-06,153.1
P01548,2025-02-07,130.99
P01549,2025-02-01,250.63
P01549,2025-02-02,248.5
P01549,2025-02-03,256.98
P01549,2025-02-04,222.48
P01549,2025-02-05,206.12
P01549,2025-02-06,205.8
P01549,2025-02-07,180.3
P01550,2025-02-01,168.97
P01550,2025-02-02,158.96
P01550,2025-02-03,155.19
P01550,2025-02-04,143.03
P01550,2025-02-05,128.43
P01550,2025-02-06,132.23
P01550,2025-02-07,120.25
P01551,2025-02-01,66.42
P01551,2025-02-02,63.57
P01551,2025-02-03,57.15
P01551,2025-02-04,57.49
P01551,2025-02-05,57.9
P01551,2025-02-06,58.14
P01551,2025-02-07,57.08
P01552,2025-02-01,130.67
P01552,2025-02-02,118.26
P01552,2025-02-03,122.64
P01552,2025-02-04,119.63
P01552,2025-02-05,116.96
P01552,2025-02-06,112.97
P01552,2025-02-07,98.36
P01553,2025-02-01,188.07
P01553,2025-02-02,177.13
P01553,2025-02-03,171.67
P01553,2025-02-04,149.6
P01553,2025-02-05,135.61
P01553,2025-02-06,139.53
P01553,2025-02-07,121.19
P01554,2025-02-01,85.55
P01554,2025-02-02,81.17
P01554,2025-02-03,74.86
P01554,2025-02-04,76.18
P01554,2025-02-05,70.71
P01554,2025-02-06,67.05
P01554,2025-02-07,57.29
P01555,2025-02-01,111.51
P01555,2025-02-02,96.42
P01555,2025-02-03,100.45
P01555,2025-02-04,86.92
P01555,2025-02-05,85.83
P01555,2025-02-06,79.4
P01555,2025-02-07,72.47
P01556,2025-02-01,65.75
P01556,2025-02-02,67.83
P01556,2025-02-03,68.62
P01556,2025-02-04,60.79
P01556,2025-02-05,51.79
P01556,2025-02-06,45.87
P01556,2025-02-07,44.19
P01557,2025-02-01,91.69
P01557,2025-02-02,89.06
P01557,2025-02-03,76.26
P01557,2025-02-04,79.71
P01557,2025-02-05,83.6
P01557,2025-02-06,79.15
P01557,2025-02-07,77.0
P01558,2025-02-01,82.09
P01558,2025-02-02,78.75
P01558,2025-02-03,69.43
P01558,2025-02-04,69.31
P01558,2025-02-05,71.76
P01558,2025-02-06,63.76
P01558,2025-02-07,54.57
P01559,2025-02-01,158.17
P01559,2025-02-02,135.17
P01559,2025-02-03,128.73
P01559,2025-02-04,113.34
P01559,2025-02-05,115.99
P01559,2025-02-06,101.25
P01559,2025-02-07,90.46
P01560,2025-02-01,205.18
P01560,2025-02-02,187.84
P01560,2025-02-03,167.92
P01560,2025-02-04,167.17
P01560,2025-02-05,173.52
P01560,2025-02-06,156.78
P01560,2025-02-07,148.36
P01561,2025-02-01,167.09
P01561,2025-02-02,173.88
P01561,2025-02-03,159.92
P01561,2025-02-04,153.57
P01561,2025-02-05,139.57
P01561,2025-02-06,139.44
P01561,2025-02-07,132.35
P01562,2025-02-01,180.93
P01562,2025-02-02,172.34
P01562,2025-02-03,160.27
P01562,2025-02-04,142.42
P01562,2025-02-05,125.98
P01562,2025-02-06,124.39
P01562,2025-02-07,127.81
P01563,2025-02-01,92.19
P01563,2025-02-02,83.54
P01563,2025-02-03,77.57
P01563,2025-02-04,74.99
P01563,2025-02-05,75.24
P01563,2025-02-06,68.64
P01563,2025-02-07,69.25
P01564,2025-02-01,169.77
P01564,2025-02-02,176.69
P01564,2025-02-03,167.43
P01564,2025-02-04,171.88
P01564,2025-02-05,160.66
P01564,2025-02-06,160.57
P01564,2025-02-07,162.69
P01565,2025-02-01,190.39
P01565,2025-02-02,185.55
P01565,2025-02-03,180.25
P01565,2025-02-04,168.69
P01565,2025-02-05,162.52
P01565,2025-02-06,150.3
P01565,2025-02-07,146.77
P01566,2025-02-01,59.33
P01566,2025-02-02,51.19
P01566,2025-02-03,45.22
P01566,2025-02-04,38.74
P01566,2025-02-05,36.89
P01566,2025-02-06,35.69
P01566,2025-02-07,32.43
P01567,2025-02-01,98.64
P01567,2025-02-02,100.15
P01567,2025-02-03,98.05
P01567,2025-02-04,102.27
P01567,2025-02-05,94.13
P01567,2025-02-06,80.57
P01567,2025-02-07,71.38
P01568,2025-02-01,87.8
P01568,2025-02-02,80.3
P01568,2025-02-03,80.96
P01568,2025-02-04,74.61
P01568,2025-02-05,64.5
P01568,2025-02-06,63.3
P01568,2025-02-07,58.51
P01569,2025-02-01,230.63
P01569,2025-02-02,231.99
P01569,2025-02-03,202.87
P01569,2025-02-04,185.37
P01569,2025-02-05,157.97
P01569,2025-02-06,144.66
P01569,2025-02-07,136.43
P01570,2025-02-01,35.94
P01570,2025-02-02,36.27
P01570,2025-02-03,37.35
P01570,2025-02-04,35.94
P01570,2025-02-05,33.32
P01570,2025-02-06,32.33
P01570,2025-02-07,30.89
P01571,2025-02-01,184.19
P01571,2025-02-02,160.35
P01571,2025-02-03,145.21
P01571,2025-02-04,141.08
P01571,2025-02-05,144.84
P01571,2025-02-06,148.02
P01571,2025-02-07,128.03
P01572,2025-02-01,79.12
P01572,2025-02-02,81.38
P01572,2025-02-03,76.04
P01572,2025-02-04,76.13
P01572,2025-02-05,69.55
P01572,2025-02-06,63.57
P01572,2025-02-07,56.54
P01573,2025-02-01,252.33
P01573,2025-02-02,254.99
P01573,2025-02-03,242.17
P01573,2025-02-04,253.81
P01573,2025-02-05,237.12
P01573,2025-02-06,207.44
P01573,2025-02-07,183.42
P01574,2025-02-01,199.75
P01574,2025-02-02,182.85
P01574,2025-02-03,169.42
P01574,2025-02-04,163.54
P01574,2025-02-05,148.33
P01574,2025-02-06,145.18
P01574,2025-02-07,148.26
P01575,2025-02-01,25.72
P01575,2025-02-02,26.94
P01575,2025-02-03,27.81
P01575,2025-02-04,25.22
P01575,2025-02-05,25.68
P01575,2025-02-06,23.9
P01575,2025-02-07,24.6
P01576,2025-02-01,169.96
P01576,2025-02-02,175.67
P01576,2025-02-03,150.69
P01576,2025-02-04,147.52
P01576,2025-02-05,127.44
P01576,2025-02-06,110.75
P01576,2025-02-07,111.91
P01577,2025-02-01,95.15
P01577,2025-02-02,94.64
P01577,2025-02-03,85.64
P01577,2025-02-04,85.7
P01577,2025-02-05,79.71
P01577,2025-02-06,76.62
P01577,2025-02-07,69.93
P01578,2025-02-01,183.28
P01578,2025-02-02,178.23
P01578,2025-02-03,165.52
P01578,2025-02-04,163.75
P01578,2025-02-05,154.08
P01578,2025-02-06,157.12
P01578,2025-02-07,163.94
P01579,2025-02-01,73.51
P01579,2025-02-02,64.27
P01579,2025-02-03,59.44
P01579,2025-02-04,57.87
P01579,2025-02-05,49.53
P01579,2025-02-06,42.57
P01579,2025-02-07,36.27
P01580,2025-02-01,160.9
P01580,2025-02-02,140.15
P01580,2025-02-03,128.18
P01580,2025-02-04,126.58
P01580,2025-02-05,118.62
P01580,2025-02-06,104.86
P01580,2025-02-07,93.14
P01581,2025-02-01,98.47
P01581,2025-02-02,101.47
P01581,2025-02-03,93.74
P01581,2025-02-04,96.61
P01581,2025-02-05,101.24
P01581,2025-02-06,104.97
P01581,2025-02-07,107.45
P01582,2025-02-01,147.5
P01582,2025-02-02,133.04
P01582,2025-02-03,133.97
P01582,2025-02-04,116.84
P01582,2025-02-05,121.45
P01582,2025-02-06,105.06
P01582,2025-02-07,96.22
P01583,2025-02-01,230.37
P01583,2025-02-02,224.05
P01583,2025-02-03,226.85
P01583,2025-02-04,205.07
P01583,2025-02-05,181.3
P01583,2025-02-06,159.1
P01583,2025-02-07,149.89
P01584,2025-02-01,109.41
P01584,2025-02-02,95.76
P01584,2025-02-03,97.9
P01584,2025-02-04,97.96
P01584,2025-02-05,100.66
P01584,2025-02-06,105.01
P01584,2025-02-07,97.94
P01585,2025-02-01,227.19
P01585,2025-02-02,213.41
P01585,2025-02-03,186.62
P01585,2025-02-04,178.32
P01585,2025-02-05,172.18
P01585,2025-02-06,169.12
P01585,2025-02-07,176.78
P01586,2025-02-01,35.76
P01586,2025-02-02,32.7
P01586,2025-02-03,32.57
P01586,2025-02-04,29.16
P01586,2025-02-05,26.32
P01586,2025-02-06,23.93
P01586,2025-02-07,20.74
P01587,2025-02-01,157.4
P01587,2025-02-02,151.37
P01587,2025-02-03,155.09
P01587,2025-02-04,152.28
P01587,2025-02-05,151.83
P01587,2025-02-06,135.31
P01587,2025-02-07,117.12
P01588,2025-02-01,38.87
P01588,2025-02-02,40.59
P01588,2025-02-03,34.99
P01588,2025-02-04,29.83
P01588,2025-02-05,26.64
P01588,2025-02-06,27.01
P01588,2025-02-07,23.97
P01589,2025-02-01,146.42
P01589,2025-02-02,127.52
P01589,2025-02-03,113.71
P01589,2025-02-04,110.08
P01589,2025-02-05,105.18
P01589,2025-02-06,107.46
P01589,2025-02-07,107.69
P01590,2025-02-01,187.01
P01590,2025-02-02,170.62
P01590,2025-02-03,160.52
P01590,2025-02-04,141.39
P01590,2025-02-05,134.45
P01590,2025-02-06,138.86
P01590,2025-02-07,124.11
P01591,2025-02-01,159.49
P01591,2025-02-02,147.17
P01591,2025-02-03,153.79
P01591,2025-02-04,157.42
P01591,2025-02-05,149.97
P01591,2025-02-06,150.87
P01591,2025-02-07,133.91
P01592,2025-02-01,213.76
P01592,2025-02-02,193.57
P01592,2025-02-03,170.89
P01592,2025-02-04,155.75
P01592,2025-02-05,159.48
P01592,2025-02-06,156.24
P01592,2025-02-07,137.41
P01593,2025-02-01,117.25
P01593,2025-02-02,120.21
P01593,2025-02-03,120.09
P01593,2025-02-04,107.85
P01593,2025-02-05,110.96
P01593,2025-02-06,98.47
P01593,2025-02-07,84.26
P01594,2025-02-01,176.95
P01594,2025-02-02,173.83
P01594,2025-02-03,163.49
P01594,2025-02-04,147.65
P01594,2025-02-05,152.87
P01594,2025-02-06,132.51
P01594,2025-02-07,124.07
P01595,2025-02-01,134.71
P01595,2025-02-02,118.56
P01595,2025-02-03,112.68
P01595,2025-02-04,107.22
P01595,2025-02-05,92.28
P01595,2025-02-06,83.47
P01595,2025-02-07,72.58
P01596,2025-02-01,102.94
P01596,2025-02-02,100.85
P01596,2025-02-03,100.49
P01596,2025-02-04,93.91
P01596,2025-02-05,85.35
P01596,2025-02-06,79.42
P01596,2025-02-07,76.94
P01597,2025-02-01,128.66
P01597,2025-02-02,122.99
P01597,2025-02-03,116.68
P01597,2025-02-04,109.3
P01597,2025-02-05,107.8
P01597,2025-02-06,105.57
P01597,2025-02-07,109.98
P01598,2025-02-01,183.49
P01598,2025-02-02,164.02
P01598,2025-02-03,141.16
P01598,2025-02-04,120.99
P01598,2025-02-05,109.28
P01598,2025-02-06,94.33
P01598,2025-02-07,82.09
P01599,2025-02-01,113.85
P01599,2025-02-02,101.93
P01599,2025-02-03,99.28
P01599,2025-02-04,98.6
P01599,2025-02-05,91.54
P01599,2025-02-06,79.66
P01599,2025-02-07,79.4
P01600,2025-02-01,196.17
P01600,2025-02-02,201.25
P01600,2025-02-03,181.86
P01600,2025-02-04,162.06
P01600,2025-02-05,163.22
P01600,2025-02-06,150.09
P01600,2025-02-07,136.22
P01601,2025-02-01,193.67
P01601,2025-02-02,187.72
P01601,2025-02-03,187.11
P01601,2025-02-04,162.57
P01601,2025-02-05,154.55
P01601,2025-02-06,153.02
P01601,2025-02-07,144.66
P01602,2025-02-01,218.11
P01602,2025-02-02,198.71
P01602,2025-02-03,204.94
P01602,2025-02-04,183.98
P01602,2025-02-05,167.98
P01602,2025-02-06,145.12
P01602,2025-02-07,128.79
P01603,2025-02-01,179.99
P01603,2025-02-02,185.38
P01603,2025-02-03,162.83
P01603,2025-02-04,138.82
P01603,2025-02-05,131.17
P01603,2025-02-06,120.26
P01603,2025-02-07,106.49
P01604,2025-02-01,155.32
P01604,2025-02-02,140.22
P01604,2025-02-03,121.35
P01604,2025-02-04,119.63
P01604,2025-02-05,122.1
P01604,2025-02-06,118.29
P01604,2025-02-07,123.48
P01605,2025-02-01,212.55
P01605,2025-02-02,205.46
P01605,2025-02-03,194.71
P01605,2025-02-04,175.14
P01605,2025-02-05,152.7
P01605,2025-02-06,154.81
P01605,2025-02-07,149.15
P01606,2025-02-01,125.77
P01606,2025-02-02,131.82
P01606,2025-02-03,134.07
P01606,2025-02-04,128.04
P01606,2025-02-05,113.12
P01606,2025-02-06,99.47
P01606,2025-02-07,86.42
P01607,2025-02-01,217.82
P01607,2025-02-02,198.42
P01607,2025-02-03,197.87
P01607,2025-02-04,186.1
P01607,2025-02-05,185.53
P01607,2025-02-06,194.43
P01607,2025-02-07,175.27
P01608,2025-02-01,98.35
P01608,2025-02-02,93.17
P01608,2025-02-03,85.98
P01608,2025-02-04,73.32
P01608,2025-02-05,67.49
P01608,2025-02-06,66.95
P01608,2025-02-07,68.84
P01609,2025-02-01,169.25
P01609,2025-02-02,170.08
P01609,2025-02-03,173.72
P01609,2025-02-04,179.01
P01609,2025-02-05,173.49
P01609,2025-02-06,151.38
P01609,2025-02-07,149.44
P01610,2025-02-01,209.02
P01610,2025-02-02,208.11
P01610,2025-02-03,177.76
P01610,2025-02-04,185.89
P01610,2025-02-05,189.84
P01610,2025-02-06,186.4
P01610,2025-02-07,163.72
P01611,2025-02-01,82.2
P01611,2025-02-02,78.05
P01611,2025-02-03,70.16
P01611,2025-02-04,70.03
P01611,2025-02-05,73.16
P01611,2025-02-06,67.45
P01611,2025-02-07,67.37
P01612,2025-02-01,128.29
P01612,2025-02-02,114.02
P01612,2025-02-03,118.69
P01612,2025-02-04,116.05
P01612,2025-02-05,121.05
P01612,2025-02-06,124.13
P01612,2025-02-07,122.36
P01613,2025-02-01,157.01
P01613,2025-02-02,161.7
P01613,2025-02-03,151.97
P01613,2025-02-04,158.3
P01613,2025-02-05,151.24
P01613,2025-02-06,136.58
P01613,2025-02-07,134.64
P01614,2025-02-01,151.01
P01614,2025-02-02,155.18
P01614,2025-02-03,144.04
P01614,2025-02-04,134.46
P01614,2025-02-05,141.02
P01614,2025-02-06,128.59
P01614,2025-02-07,110.36
P01615,2025-02-01,109.05
P01615,2025-02-02,104.04
P01615,2025-02-03,95.58
P01615,2025-02-04,92.95
P01615,2025-02-05,87.07
P01615,2025-02-06,81.93
P01615,2025-02-07,85.5
P01616,2025-02-01,131.68
P01616,2025-02-02,132.8
P01616,2025-02-03,120.54
P01616,2025-02-04,125.83
P01616,2025-02-05,119.51
P01616,2025-02-06,117.97
P01616,2025-02-07,111.28
P01617,2025-02-01,134.76
P01617,2025-02-02,118.59
P01617,2025-02-03,123.73
P01617,2025-02-04,120.61
P01617,2025-02-05,118.54
P01617,2025-02-06,107.96
P01617,2025-02-07,97.99
P01618,2025-02-01,38.02
P01618,2025-02-02,38.4
P01618,2025-02-03,32.76
P01618,2025-02-04,28.11
P01618,2025-02-05,25.48
P01618,2025-02-06,24.68
P01618,2025-02-07,21.24
P01619,2025-02-01,130.14
P01619,2025-02-02,118.58
P01619,2025-02-03,111.0
P01619,2025-02-04,109.01
P01619,2025-02-05,92.67
P01619,2025-02-06,83.43
P01619,2025-02-07,76.76
P01620,2025-02-01,243.58
P01620,2025-02-02,220.84
P01620,2025-02-03,225.65
P01620,2025-02-04,221.83
P01620,2025-02-05,222.67
P01620,2025-02-06,196.17
P01620,2025-02-07,170.12
P01621,2025-02-01,152.5
P01621,2025-02-02,137.88
P01621,2025-02-03,144.66
P01621,2025-02-04,128.65
P01621,2025-02-05,124.41
P01621,2025-02-06,107.76
P01621,2025-02-07,96.31
P01622,2025-02-01,142.05
P01622,2025-02-02,134.19
P01622,2025-02-03,123.58
P01622,2025-02-04,125.11
P01622,2025-02-05,122.28
P01622,2025-02-06,114.27
P01622,2025-02-07,119.23
P01623,2025-02-01,72.87
P01623,2025-02-02,63.37
P01623,2025-02-03,57.18
P01623,2025-02-04,52.06
P01623,2025-02-05,47.49
P01623,2025-02-06,45.72
P01623,2025-02-07,45.07
P01624,2025-02-01,113.96
P01624,2025-02-02,104.22
P01624,2025-02-03,100.64
P01624,2025-02-04,99.3
P01624,2025-02-05,88.37
P01624,2025-02-06,77.51
P01624,2025-02-07,74.48
P01625,2025-02-01,227.6
P01625,2025-02-02,207.16
P01625,2025-02-03,179.63
P01625,2025-02-04,173.04
P01625,2025-02-05,168.83
P01625,2025-02-06,161.94
P01625,2025-02-07,149.83
P01626,2025-02-01,47.77
P01626,2025-02-02,48.97
P01626,2025-02-03,45.9
P01626,2025-02-04,40.29
P01626,2025-02-05,37.81
P01626,2025-02-06,34.51
P01626,2025-02-07,35.79
P01627,2025-02-01,231.59
P01627,2025-02-02,229.86
P01627,2025-02-03,216.91
P01627,2025-02-04,202.93
P01627,2025-02-05,189.56
P01627,2025-02-06,176.68
P01627,2025-02-07,151.16
P01628,2025-02-01,185.69
P01628,2025-02-02,178.59
P01628,2025-02-03,186.0
P01628,2025-02-04,173.76
P01628,2025-02-05,173.96
P01628,2025-02-06,169.27
P01628,2025-02-07,154.12
P01629,2025-02-01,144.12
P01629,2025-02-02,129.5
P01629,2025-02-03,123.34
P01629,2025-02-04,107.98
P01629,2025-02-05,103.52
P01629,2025-02-06,99.7
P01629,2025-02-07,90.59
P01630,2025-02-01,90.97
P01630,2025-02-02,91.07
P01630,2025-02-03,84.56
P01630,2025-02-04,78.69
P01630,2025-02-05,66.98
P01630,2025-02-06,67.75
P01630,2025-02-07,69.44
P01631,2025-02-01,80.5
P01631,2025-02-02,75.83
P01631,2025-02-03,65.28
P01631,2025-02-04,56.2
P01631,2025-02-05,57.1
P01631,2025-02-06,55.96
P01631,2025-02-07,51.3
P01632,2025-02-01,144.02
P01632,2025-02-02,125.22
P01632,2025-02-03,113.71
P01632,2025-02-04,107.6
P01632,2025-02-05,98.59
P01632,2025-02-06,85.0
P01632,2025-02-07,84.84
P01633,2025-02-01,208.8
P01633,2025-02-02,205.64
P01633,2025-02-03,205.2
P01633,2025-02-04,176.6
P01633,2025-02-05,157.35
P01633,2025-02-06,138.28
P01633,2025-02-07,138.02
P01634,2025-02-01,139.22
P01634,2025-02-02,132.13
P01634,2025-02-03,118.22
P01634,2025-02-04,116.46
P01634,2025-02-05,118.84
P01634,2025-02-06,108.17
P01634,2025-02-07,98.67
P01635,2025-02-01,14.55
P01635,2025-02-02,15.25
P01635,2025-02-03,12.98
P01635,2025-02-04,12.29
P01635,2025-02-05,12.14
P01635,2025-02-06,10.6
P01635,2025-02-07,9.01
P01636,2025-02-01,57.83
P01636,2025-02-02,56.14
P01636,2025-02-03,49.08
P01636,2025-02-04,42.67
P01636,2025-02-05,38.01
P01636,2025-02-06,35.91
P01636,2025-02-07,36.5
P01637,2025-02-01,59.79
P01637,2025-02-02,56.13
P01637,2025-02-03,48.34
P01637,2025-02-04,42.27
P01637,2025-02-05,39.35
P01637,2025-02-06,41.18
P01637,2025-02-07,41.76
P01638,2025-02-01,47.39
P01638,2025-02-02,48.26
P01638,2025-02-03,46.3
P01638,2025-02-04,46.96
P01638,2025-02-05,46.31
P01638,2025-02-06,47.32
P01638,2025-02-07,46.06
P01639,2025-02-01,184.78
P01639,2025-02-02,173.04
P01639,2025-02-03,169.1
P01639,2025-02-04,149.99
P01639,2025-02-05,152.05
P01639,2025-02-06,149.24
P01639,2025-02-07,131.95
P01640,2025-02-01,97.81
P01640,2025-02-02,97.65
P01640,2025-02-03,93.68
P01640,2025-02-04,88.55
P01640,2025-02-05,80.4
P01640,2025-02-06,79.07
P01640,2025-02-07,82.38
P01641,2025-02-01,173.92
P01641,2025-02-02,164.98
P01641,2025-02-03,162.26
P01641,2025-02-04,150.62
P01641,2025-02-05,149.04
P01641,2025-02-06,129.88
P01641,2025-02-07,121.23
P01642,2025-02-01,121.3
P01642,2025-02-02,113.41
P01642,2025-02-03,97.03
P01642,2025-02-04,91.35
P01642,2025-02-05,87.96
P01642,2025-02-06,74.96
P01642,2025-02-07,68.26
P01643,2025-02-01,229.3
P01643,2025-02-02,224.49
P01643,2025-02-03,230.92
P01643,2025-02-04,224.91
P01643,2025-02-05,193.09
P01643,2025-02-06,199.16
P01643,2025-02-07,207.64
P01644,2025-02-01,63.1
P01644,2025-02-02,59.54
P01644,2025-02-03,59.22
P01644,2025-02-04,53.62
P01644,2025-02-05,56.11
P01644,2025-02-06,51.71
P01644,2025-02-07,52.8
P01645,2025-02-01,130.12
P01645,2025-02-02,123.7
P01645,2025-02-03,113.78
P01645,2025-02-04,112.78
P01645,2025-02-05,104.67
P01645,2025-02-06,90.28
P01645,2025-02-07,88.58
P01646,2025-02-01,61.18
P01646,2025-02-02,56.31
P01646,2025-02-03,55.96
P01646,2025-02-04,51.36
P01646,2025-02-05,51.0
P01646,2025-02-06,51.37
P01646,2025-02-07,46.52
P01647,2025-02-01,74.27
P01647,2025-02-02,74.46
P01647,2025-02-03,67.8
P01647,2025-02-04,62.97
P01647,2025-02-05,65.06
P01647,2025-02-06,63.7
P01647,2025-02-07,58.94
P01648,2025-02-01,162.98
P01648,2025-02-02,153.91
P01648,2025-02-03,151.11
P01648,2025-02-04,145.85
P01648,2025-02-05,151.03
P01648,2025-02-06,151.8
P01648,2025-02-07,144.98
P01649,2025-02-01,123.13
P01649,2025-02-02,107.85
P01649,2025-02-03,98.66
P01649,2025-02-04,102.71
P01649,2025-02-05,94.45
P01649,2025-02-06,91.95
P01649,2025-02-07,85.58
P01650,2025-02-01,51.54
P01650,2025-02-02,44.27
P01650,2025-02-03,45.17
P01650,2025-02-04,39.83
P01650,2025-02-05,34.62
P01650,2025-02-06,30.16
P01650,2025-02-07,31.27
P01651,2025-02-01,227.07
P01651,2025-02-02,214.65
P01651,2025-02-03,215.08
P01651,2025-02-04,225.03
P01651,2025-02-05,227.67
P01651,2025-02-06,226.88
P01651,2025-02-07,203.58
P01652,2025-02-01,52.0
P01652,2025-02-02,53.56
P01652,2025-02-03,47.39
P01652,2025-02-04,48.74
P01652,2025-02-05,48.8
P01652,2025-02-06,45.58
P01652,2025-02-07,39.33
P01653,2025-02-01,167.37
P01653,2025-02-02,162.75
P01653,2025-02-03,142.06
P01653,2025-02-04,144.81
P01653,2025-02-05,125.2
P01653,2025-02-06,125.53
P01653,2025-02-07,121.93
P01654,2025-02-01,203.72
P01654,2025-02-02,207.41
P01654,2025-02-03,214.61
P01654,2025-02-04,196.2
P01654,2025-02-05,194.19
P01654,2025-02-06,179.73
P01654,2025-02-07,188.32
P01655,2025-02-01,133.91
P01655,2025-02-02,129.19
P01655,2025-02-03,114.97
P01655,2025-02-04,103.53
P01655,2025-02-05,97.06
P01655,2025-02-06,88.05
P01655,2025-02-07,78.39
P01656,2025-02-01,200.36
P01656,2025-02-02,176.8
P01656,2025-02-03,179.06
P01656,2025-02-04,181.16
P01656,2025-02-05,160.95
P01656,2025-02-06,155.55
P01656,2025-02-07,151.79
P01657,2025-02-01,79.03
P01657,2025-02-02,77.74
P01657,2025-02-03,69.24
P01657,2025-02-04,70.07
P01657,2025-02-05,72.08
P01657,2025-02-06,66.45
P01657,2025-02-07,61.91
P01658,2025-02-01,60.21
P01658,2025-02-02,57.76
P01658,2025-02-03,49.93
P01658,2025-02-04,44.29
P01658,2025-02-05,44.11
P01658,2025-02-06,45.53
P01658,2025-02-07,44.55
P01659,2025-02-01,177.12
P01659,2025-02-02,168.13
P01659,2025-02-03,170.9
P01659,2025-02-04,164.76
P01659,2025-02-05,155.66
P01659,2025-02-06,143.27
P01659,2025-02-07,139.5
P01660,2025-02-01,166.66
P01660,2025-02-02,160.28
P01660,2025-02-03,140.66
P01660,2025-02-04,121.45
P01660,2025-02-05,113.62
P01660,2025-02-06,105.12
P01660,2025-02-07,90.84
P01661,2025-02-01,20.03
P01661,2025-02-02,17.34
P01661,2025-02-03,17.45
P01661,2025-02-04,15.87
P01661,2025-02-05,13.86
P01661,2025-02-06,12.42
P01661,2025-02-07,12.05
P01662,2025-02-01,25.36
P01662,2025-02-02,23.23
P01662,2025-02-03,20.79
P01662,2025-02-04,21.58
P01662,2025-02-05,22.32
P01662,2025-02-06,20.09
P01662,2025-02-07,19.9
P01663,2025-02-01,58.74
P01663,2025-02-02,50.73
P01663,2025-02-03,51.96
P01663,2025-02-04,54.23
P01663,2025-02-05,46.91
P01663,2025-02-06,45.27
P01663,2025-02-07,46.2
P01664,2025-02-01,118.08
P01664,2025-02-02,122.37
P01664,2025-02-03,116.25
P01664,2025-02-04,108.09
P01664,2025-02-05,93.1
P01664,2025-02-06,92.12
P01664,2025-02-07,80.34
P01665,2025-02-01,239.26
P01665,2025-02-02,225.91
P01665,2025-02-03,233.47
P01665,2025-02-04,210.73
P01665,2025-02-05,180.38
P01665,2025-02-06,165.52
P01665,2025-02-07,149.33
P01666,2025-02-01,123.81
P01666,2025-02-02,113.52
P01666,2025-02-03,113.85
P01666,2025-02-04,99.94
P01666,2025-02-05,95.88
P01666,2025-02-06,95.57
P01666,2025-02-07,98.9
P01667,2025-02-01,129.3
P01667,2025-02-02,127.06
P01667,2025-02-03,130.32
P01667,2025-02-04,116.91
P01667,2025-02-05,101.08
P01667,2025-02-06,105.08
P01667,2025-02-07,108.32
P01668,2025-02-01,132.94
P01668,2025-02-02,131.69
P01668,2025-02-03,132.1
P01668,2025-02-04,113.22
P01668,2025-02-05,118.45
P01668,2025-02-06,123.19
P01668,2025-02-07,119.45
P01669,2025-02-01,210.0
P01669,2025-02-02,204.22
P01669,2025-02-03,176.88
P01669,2025-02-04,169.86
P01669,2025-02-05,176.54
P01669,2025-02-06,159.61
P01669,2025-02-07,137.0
P01670,2025-02-01,144.44
P01670,2025-02-02,123.8
P01670,2025-02-03,117.8
P01670,2025-02-04,115.45
P01670,2025-02-05,108.1
P01670,2025-02-06,98.44
P01670,2025-02-07,100.41
P01671,2025-02-01,193.02
P01671,2025-02-02,201.57
P01671,2025-02-03,172.2
P01671,2025-02-04,148.28
P01671,2025-02-05,148.98
P01671,2025-02-06,150.81
P01671,2025-02-07,144.3
P01672,2025-02-01,49.61
P01672,2025-02-02,50.7
P01672,2025-02-03,50.01
P01672,2025-02-04,49.89
P01672,2025-02-05,47.92
P01672,2025-02-06,41.23
P01672,2025-02-07,41.36
P01673,2025-02-01,11.46
P01673,2025-02-02,11.33
P01673,2025-02-03,10.6
P01673,2025-02-04,9.91
P01673,2025-02-05,8.7
P01673,2025-02-06,8.16
P01673,2025-02-07,8.4
P01674,2025-02-01,62.37
P01674,2025-02-02,65.27
P01674,2025-02-03,60.28
P01674,2025-02-04,53.57
P01674,2025-02-05,50.21
P01674,2025-02-06,43.26
P01674,2025-02-07,38.78
P01675,2025-02-01,106.83
P01675,2025-02-02,103.38
P01675,2025-02-03,92.57
P01675,2025-02-04,92.52
P01675,2025-02-05,95.08
P01675,2025-02-06,95.9
P01675,2025-02-07,92.41
P01676,2025-02-01,162.25
P01676,2025-02-02,170.07
P01676,2025-02-03,145.07
P01676,2025-02-04,144.19
P01676,2025-02-05,146.0
P01676,2025-02-06,126.34
P01676,2025-02-07,110.59
P01677,2025-02-01,100.09
P01677,2025-02-02,88.69
P01677,2025-02-03,76.16
P01677,2025-02-04,70.06
P01677,2025-02-05,68.73
P01677,2025-02-06,61.78
P01677,2025-02-07,56.13
P01678,2025-02-01,157.32
P01678,2025-02-02,152.79
P01678,2025-02-03,144.5
P01678,2025-02-04,126.36
P01678,2025-02-05,109.35
P01678,2025-02-06,98.42
P01678,2025-02-07,94.36
P01679,2025-02-01,114.97
P01679,2025-02-02,109.1
P01679,2025-02-03,108.78
P01679,2025-02-04,100.23
P01679,2025-02-05,103.54
P01679,2025-02-06,92.57
P01679,2025-02-07,91.89
P01680,2025-02-01,181.28
P01680,2025-02-02,188.22
P01680,2025-02-03,189.36
P01680,2025-02-04,172.04
P01680,2025-02-05,168.72
P01680,2025-02-06,161.19
P01680,2025-02-07,145.64
P01681,2025-02-01,232.7
P01681,2025-02-02,230.27
P01681,2025-02-03,218.92
P01681,2025-02-04,188.45
P01681,2025-02-05,194.12
P01681,2025-02-06,192.39
P01681,2025-02-07,187.46
P01682,2025-02-01,89.53
P01682,2025-02-02,81.11
P01682,2025-02-03,72.25
P01682,2025-02-04,63.39
P01682,2025-02-05,66.25
P01682,2025-02-06,59.37
P01682,2025-02-07,59.27
P01683,2025-02-01,45.22
P01683,2025-02-02,40.34
P01683,2025-02-03,37.29
P01683,2025-02-04,37.79
P01683,2025-02-05,33.19
P01683,2025-02-06,34.7
P01683,2025-02-07,34.34
P01684,2025-02-01,212.86
P01684,2025-02-02,208.6
P01684,2025-02-03,196.24
P01684,2025-02-04,171.29
P01684,2025-02-05,162.69
P01684,2025-02-06,139.38
P01684,2025-02-07,126.22
P01685,2025-02-01,187.87
P01685,2025-02-02,174.12
P01685,2025-02-03,176.81
P01685,2025-02-04,153.28
P01685,2025-02-05,138.84
P01685,2025-02-06,134.95
P01685,2025-02-07,128.08
P01686,2025-02-01,166.74
P01686,2025-02-02,170.5
P01686,2025-02-03,158.04
P01686,2025-02-04,135.74
P01686,2025-02-05,120.96
P01686,2025-02-06,107.28
P01686,2025-02-07,100.44
P01687,2025-02-01,78.65
P01687,2025-02-02,67.67
P01687,2025-02-03,61.65
P01687,2025-02-04,59.08
P01687,2025-02-05,54.33
P01687,2025-02-06,46.46
P01687,2025-02-07,45.15
P01688,2025-02-01,62.51
P01688,2025-02-02,64.3
P01688,2025-02-03,66.52
P01688,2025-02-04,68.61
P01688,2025-02-05,69.44
P01688,2025-02-06,67.23
P01688,2025-02-07,67.33
P01689,2025-02-01,92.84
P01689,2025-02-02,85.24
P01689,2025-02-03,86.59
P01689,2025-02-04,81.12
P01689,2025-02-05,75.89
P01689,2025-02-06,75.57
P01689,2025-02-07,75.35
P01690,2025-02-01,126.83
P01690,2025-02-02,109.25
P01690,2025-02-03,95.25
P01690,2025-02-04,88.36
P01690,2025-02-05,87.85
P01690,2025-02-06,86.58
P01690,2025-02-07,88.46
P01691,2025-02-01,41.31
P01691,2025-02-02,42.86
P01691,2025-02-03,40.4
P01691,2025-02-04,38.97
P01691,2025-02-05,37.55
P01691,2025-02-06,35.81
P01691,2025-02-07,31.6
P01692,2025-02-01,183.2
P01692,2025-02-02,169.69
P01692,2025-02-03,169.54
P01692,2025-02-04,175.46
P01692,2025-02-05,153.77
P01692,2025-02-06,131.17
P01692,2025-02-07,132.47
P01693,2025-02-01,187.46
P01693,2025-02-02,194.99
P01693,2025-02-03,169.08
P01693,2025-02-04,152.17
P01693,2025-02-05,145.86
P01693,2025-02-06,133.83
P01693,2025-02-07,124.32
P01694,2025-02-01,38.32
P01694,2025-02-02,37.29
P01694,2025-02-03,34.39
P01694,2025-02-04,33.77
P01694,2025-02-05,33.99
P01694,2025-02-06,34.4
P01694,2025-02-07,33.42
P01695,2025-02-01,221.7
P01695,2025-02-02,193.96
P01695,2025-02-03,186.92
P01695,2025-02-04,170.88
P01695,2025-02-05,154.29
P01695,2025-02-06,136.66
P01695,2025-02-07,128.81
P01696,2025-02-01,70.61
P01696,2025-02-02,66.23
P01696,2025-02-03,62.47
P01696,2025-02-04,65.17
P01696,2025-02-05,61.65
P01696,2025-02-06,62.81
P01696,2025-02-07,56.13
P01697,2025-02-01,222.59
P01697,2025-02-02,191.81
P01697,2025-02-03,199.05
P01697,2025-02-04,180.2
P01697,2025-02-05,175.17
P01697,2025-02-06,159.9
P01697,2025-02-07,137.96
P01698,2025-02-01,172.64
P01698,2025-02-02,152.95
P01698,2025-02-03,153.44
P01698,2025-02-04,138.9
P01698,2025-02-05,142.21
P01698,2025-02-06,124.5
P01698,2025-02-07,121.52
P01699,2025-02-01,60.36
P01699,2025-02-02,53.08
P01699,2025-02-03,51.68
P01699,2025-02-04,44.44
P01699,2025-02-05,38.79
P01699,2025-02-06,33.27
P01699,2025-02-07,32.83
P01700,2025-02-01,162.57
P01700,2025-02-02,166.17
P01700,2025-02-03,160.52
P01700,2025-02-04,137.79
P01700,2025-02-05,136.89
P01700,2025-02-06,118.02
P01700,2025-02-07,117.18
P01701,2025-02-01,27.11
P01701,2025-02-02,24.45
P01701,2025-02-03,22.04
P01701,2025-02-04,21.72
P01701,2025-02-05,22.19
P01701,2025-02-06,20.43
P01701,2025-02-07,20.3
P01702,2025-02-01,70.58
P01702,2025-02-02,68.47
P01702,2025-02-03,62.99
P01702,2025-02-04,54.52
P01702,2025-02-05,51.18
P01702,2025-02-06,48.73
P01702,2025-02-07,43.73
P01703,2025-02-01,82.01
P01703,2025-02-02,75.05
P01703,2025-02-03,69.37
P01703,2025-02-04,70.38
P01703,2025-02-05,65.68
P01703,2025-02-06,64.26
P01703,2025-02-07,65.88
P01704,2025-02-01,123.51
P01704,2025-02-02,108.52
P01704,2025-02-03,99.33
P01704,2025-02-04,100.09
P01704,2025-02-05,91.78
P01704,2025-02-06,85.5
P01704,2025-02-07,83.82
P01705,2025-02-01,31.21
P01705,2025-02-02,29.47
P01705,2025-02-03,30.79
P01705,2025-02-04,30.0
P01705,2025-02-05,26.46
P01705,2025-02-06,22.73
P01705,2025-02-07,23.55
P01706,2025-02-01,41.93
P01706,2025-02-02,43.29
P01706,2025-02-03,37.02
P01706,2025-02-04,35.98
P01706,2025-02-05,36.4
P01706,2025-02-06,34.66
P01706,2025-02-07,34.87
P01707,2025-02-01,92.17
P01707,2025-02-02,87.71
P01707,2025-02-03,84.75
P01707,2025-02-04,77.87
P01707,2025-02-05,69.54
P01707,2025-02-06,70.66
P01707,2025-02-07,60.52
P01708,2025-02-01,83.84
P01708,2025-02-02,83.44
P01708,2025-02-03,77.28
P01708,2025-02-04,81.11
P01708,2025-02-05,70.22
P01708,2025-02-06,60.77
P01708,2025-02-07,63.02
P01709,2025-02-01,258.33
P01709,2025-02-02,231.18
P01709,2025-02-03,219.78
P01709,2025-02-04,212.06
P01709,2025-02-05,203.5
P01709,2025-02-06,189.99
P01709,2025-02-07,189.35
P01710,2025-02-01,208.87
P01710,2025-02-02,212.95
P01710,2025-02-03,203.48
P01710,2025-02-04,175.05
P01710,2025-02-05,165.33
P01710,2025-02-06,157.87
P01710,2025-02-07,148.11
P01711,2025-02-01,145.84
P01711,2025-02-02,131.82
P01711,2025-02-03,134.09
P01711,2025-02-04,121.84
P01711,2025-02-05,109.51
P01711,2025-02-06,98.41
P01711,2025-02-07,98.76
P01712,2025-02-01,73.38
P01712,2025-02-02,67.69
P01712,2025-02-03,63.71
P01712,2025-02-04,63.69
P01712,2025-02-05,55.61
P01712,2025-02-06,49.95
P01712,2025-02-07,49.78
P01713,2025-02-01,145.25
P01713,2025-02-02,149.03
P01713,2025-02-03,137.46
P01713,2025-02-04,126.52
P01713,2025-02-05,120.34
P01713,2025-02-06,124.3
P01713,2025-02-07,121.9
P01714,2025-02-01,200.38
P01714,2025-02-02,194.58
P01714,2025-02-03,182.87
P01714,2025-02-04,170.76
P01714,2025-02-05,164.59
P01714,2025-02-06,167.12
P01714,2025-02-07,146.24
P01715,2025-02-01,247.9
P01715,2025-02-02,237.37
P01715,2025-02-03,238.63
P01715,2025-02-04,222.29
P01715,2025-02-05,214.94
P01715,2025-02-06,188.64
P01715,2025-02-07,170.16
P01716,2025-02-01,116.51
P01716,2025-02-02,105.72
P01716,2025-02-03,96.5
P01716,2025-02-04,83.6
P01716,2025-02-05,78.1
P01716,2025-02-06,81.74
P01716,2025-02-07,78.9
P01717,2025-02-01,255.09
P01717,2025-02-02,249.1
P01717,2025-02-03,250.23
P01717,2025-02-04,257.73
P01717,2025-02-05,264.25
P01717,2025-02-06,225.43
P01717,2025-02-07,197.06
P01718,2025-02-01,132.33
P01718,2025-02-02,119.45
P01718,2025-02-03,114.78
P01718,2025-02-04,118.91
P01718,2025-02-05,118.74
P01718,2025-02-06,103.93
P01718,2025-02-07,89.05
P01719,2025-02-01,78.56
P01719,2025-02-02,73.55
P01719,2025-02-03,72.67
P01719,2025-02-04,76.16
P01719,2025-02-05,66.75
P01719,2025-02-06,68.31
P01719,2025-02-07,70.61
P01720,2025-02-01,47.34
P01720,2025-02-02,48.8
P01720,2025-02-03,44.94
P01720,2025-02-04,41.82
P01720,2025-02-05,40.21
P01720,2025-02-06,39.9
P01720,2025-02-07,34.86
P01721,2025-02-01,105.46
P01721,2025-02-02,108.57
P01721,2025-02-03,111.79
P01721,2025-02-04,108.25
P01721,2025-02-05,105.36
P01721,2025-02-06,110.5
P01721,2025-02-07,94.92
P01722,2025-02-01,232.96
P01722,2025-02-02,232.44
P01722,2025-02-03,214.08
P01722,2025-02-04,201.19
P01722,2025-02-05,187.46
P01722,2025-02-06,176.2
P01722,2025-02-07,179.19
P01723,2025-02-01,222.43
P01723,2025-02-02,201.93
P01723,2025-02-03,190.91
P01723,2025-02-04,167.41
P01723,2025-02-05,148.44
P01723,2025-02-06,148.91
P01723,2025-02-07,153.86
P01724,2025-02-01,154.39
P01724,2025-02-02,160.15
P01724,2025-02-03,138.81
P01724,2025-02-04,142.85
P01724,2025-02-05,138.38
P01724,2025-02-06,127.86
P01724,2025-02-07,125.29
P01725,2025-02-01,100.85
P01725,2025-02-02,93.37
P01725,2025-02-03,87.55
P01725,2025-02-04,83.32
P01725,2025-02-05,80.62
P01725,2025-02-06,83.76
P01725,2025-02-07,72.82
P01726,2025-02-01,28.77
P01726,2025-02-02,26.17
P01726,2025-02-03,24.03
P01726,2025-02-04,23.14
P01726,2025-02-05,23.82
P01726,2025-02-06,23.01
P01726,2025-02-07,23.44
P01727,2025-02-01,157.76
P01727,2025-02-02,147.56
P01727,2025-02-03,134.95
P01727,2025-02-04,123.31
P01727,2025-02-05,109.21
P01727,2025-02-06,95.96
P01727,2025-02-07,97.19
P01728,2025-02-01,158.58
P01728,2025-02-02,158.09
P01728,2025-02-03,165.65
P01728,2025-02-04,147.78
P01728,2025-02-05,140.96
P01728,2025-02-06,136.03
P01728,2025-02-07,132.37
P01729,2025-02-01,227.18
P01729,2025-02-02,197.62
P01729,2025-02-03,179.23
P01729,2025-02-04,156.6
P01729,2025-02-05,141.69
P01729,2025-02-06,132.87
P01729,2025-02-07,136.47
P01730,2025-02-01,65.79
P01730,2025-02-02,59.72
P01730,2025-02-03,61.72
P01730,2025-02-04,64.67
P01730,2025-02-05,64.71
P01730,2025-02-06,66.97
P01730,2025-02-07,65.85
P01731,2025-02-01,172.64
P01731,2025-02-02,151.61
P01731,2025-02-03,135.14
P01731,2025-02-04,137.54
P01731,2025-02-05,137.67
P01731,2025-02-06,117.77
P01731,2025-02-07,121.36
P01732,2025-02-01,59.98
P01732,2025-02-02,62.5
P01732,2025-02-03,59.87
P01732,2025-02-04,60.46
P01732,2025-02-05,51.47
P01732,2025-02-06,52.32
P01732,2025-02-07,44.74
P01733,2025-02-01,39.41
P01733,2025-02-02,35.1
P01733,2025-02-03,36.45
P01733,2025-02-04,35.15
P01733,2025-02-05,35.02
P01733,2025-02-06,33.42
P01733,2025-02-07,33.96
P01734,2025-02-01,158.06
P01734,2025-02-02,143.67
P01734,2025-02-03,125.27
P01734,2025-02-04,124.18
P01734,2025-02-05,126.53
P01734,2025-02-06,118.8
P01734,2025-02-07,111.25
P01735,2025-02-01,164.74
P01735,2025-02-02,148.7
P01735,2025-02-03,152.11
P01735,2025-02-04,159.5
P01735,2025-02-05,158.91
P01735,2025-02-06,138.77
P01735,2025-02-07,127.77
P01736,2025-02-01,70.07
P01736,2025-02-02,60.67
P01736,2025-02-03,61.2
P01736,2025-02-04,60.92
P01736,2025-02-05,55.77
P01736,2025-02-06,53.06
P01736,2025-02-07,48.03
P01737,2025-02-01,144.11
P01737,2025-02-02,140.67
P01737,2025-02-03,134.0
P01737,2025-02-04,134.72
P01737,2025-02-05,133.56
P01737,2025-02-06,121.94
P01737,2025-02-07,126.2
P01738,2025-02-01,220.88
P01738,2025-02-02,206.89
P01738,2025-02-03,214.44
P01738,2025-02-04,216.34
P01738,2025-02-05,197.63
P01738,2025-02-06,201.24
P01738,2025-02-07,197.66
P01739,2025-02-01,66.99
P01739,2025-02-02,68.7
P01739,2025-02-03,58.88
P01739,2025-02-04,57.52
P01739,2025-02-05,48.98
P01739,2025-02-06,42.97
P01739,2025-02-07,39.76
P01740,2025-02-01,177.29
P01740,2025-02-02,184.14
P01740,2025-02-03,181.32
P01740,2025-02-04,163.74
P01740,2025-02-05,144.14
P01740,2025-02-06,145.98
P01740,2025-02-07,145.5
P01741,2025-02-01,206.44
P01741,2025-02-02,187.14
P01741,2025-02-03,166.5
P01741,2025-02-04,170.69
P01741,2025-02-05,177.55
P01741,2025-02-06,181.36
P01741,2025-02-07,181.34
P01742,2025-02-01,102.24
P01742,2025-02-02,86.97
P01742,2025-02-03,75.09
P01742,2025-02-04,72.2
P01742,2025-02-05,64.38
P01742,2025-02-06,57.02
P01742,2025-02-07,53.24
P01743,2025-02-01,160.98
P01743,2025-02-02,145.3
P01743,2025-02-03,134.56
P01743,2025-02-04,130.09
P01743,2025-02-05,127.17
P01743,2025-02-06,120.41
P01743,2025-02-07,118.17
P01744,2025-02-01,170.17
P01744,2025-02-02,150.77
P01744,2025-02-03,137.2
P01744,2025-02-04,122.98
P01744,2025-02-05,111.72
P01744,2025-02-06,105.8
P01744,2025-02-07,106.79
P01745,2025-02-01,100.73
P01745,2025-02-02,93.52
P01745,2025-02-03,86.17
P01745,2025-02-04,81.53
P01745,2025-02-05,70.87
P01745,2025-02-06,61.83
P01745,2025-02-07,63.45
P01746,2025-02-01,97.27
P01746,2025-02-02,97.37
P01746,2025-02-03,88.36
P01746,2025-02-04,92.24
P01746,2025-02-05,84.41
P01746,2025-02-06,82.93
P01746,2025-02-07,72.41
P01747,2025-02-01,149.96
P01747,2025-02-02,141.4
P01747,2025-02-03,129.21
P01747,2025-02-04,112.76
P01747,2025-02-05,111.56
P01747,2025-02-06,110.55
P01747,2025-02-07,111.07
P01748,2025-02-01,109.05
P01748,2025-02-02,103.24
P01748,2025-02-03,104.37
P01748,2025-02-04,98.93
P01748,2025-02-05,92.24
P01748,2025-02-06,82.74
P01748,2025-02-07,75.14
P01749,2025-02-01,52.17
P01749,2025-02-02,49.64
P01749,2025-02-03,51.03
P01749,2025-02-04,51.37
P01749,2025-02-05,44.29
P01749,2025-02-06,44.48
P01749,2025-02-07,40.14
P01750,2025-02-01,53.91
P01750,2025-02-02,49.25
P01750,2025-02-03,45.72
P01750,2025-02-04,42.9
P01750,2025-02-05,39.89
P01750,2025-02-06,41.19
P01750,2025-02-07,37.22
P01751,2025-02-01,18.84
P01751,2025-02-02,18.76
P01751,2025-02-03,17.22
P01751,2025-02-04,17.46
P01751,2025-02-05,15.92
P01751,2025-02-06,14.84
P01751,2025-02-07,14.31
P01752,2025-02-01,50.44
P01752,2025-02-02,44.55
P01752,2025-02-03,39.7
P01752,2025-02-04,38.71
P01752,2025-02-05,40.24
P01752,2025-02-06,39.14
P01752,2025-02-07,35.85
P01753,2025-02-01,189.7
P01753,2025-02-02,184.2
P01753,2025-02-03,157.3
P01753,2025-02-04,156.43
P01753,2025-02-05,158.07
P01753,2025-02-06,137.21
P01753,2025-02-07,135.97
P01754,2025-02-01,214.74
P01754,2025-02-02,221.71
P01754,2025-02-03,222.46
P01754,2025-02-04,213.69
P01754,2025-02-05,209.63
P01754,2025-02-06,199.93
P01754,2025-02-07,184.42
P01755,2025-02-01,192.34
P01755,2025-02-02,171.12
P01755,2025-02-03,150.82
P01755,2025-02-04,144.36
P01755,2025-02-05,147.53
P01755,2025-02-06,132.17
P01755,2025-02-07,133.53
P01756,2025-02-01,71.69
P01756,2025-02-02,73.99
P01756,2025-02-03,67.8
P01756,2025-02-04,60.55
P01756,2025-02-05,60.35
P01756,2025-02-06,62.64
P01756,2025-02-07,53.7
P01757,2025-02-01,131.53
P01757,2025-02-02,112.33
P01757,2025-02-03,116.61
P01757,2025-02-04,101.51
P01757,2025-02-05,94.36
P01757,2025-02-06,89.36
P01757,2025-02-07,78.76
P01758,2025-02-01,203.02
P01758,2025-02-02,184.81
P01758,2025-02-03,165.59
P01758,2025-02-04,166.33
P01758,2025-02-05,149.61
P01758,2025-02-06,135.32
P01758,2025-02-07,118.37
P01759,2025-02-01,50.98
P01759,2025-02-02,51.33
P01759,2025-02-03,50.36
P01759,2025-02-04,44.13
P01759,2025-02-05,44.05
P01759,2025-02-06,39.82
P01759,2025-02-07,34.52
P01760,2025-02-01,40.07
P01760,2025-02-02,34.65
P01760,2025-02-03,34.46
P01760,2025-02-04,34.55
P01760,2025-02-05,32.24
P01760,2025-02-06,27.5
P01760,2025-02-07,27.94
P01761,2025-02-01,233.55
P01761,2025-02-02,226.77
P01761,2025-02-03,199.64
P01761,2025-02-04,199.08
P01761,2025-02-05,200.78
P01761,2025-02-06,178.46
P01761,2025-02-07,173.31
P01762,2025-02-01,69.64
P01762,2025-02-02,63.54
P01762,2025-02-03,58.12
P01762,2025-02-04,55.36
P01762,2025-02-05,47.32
P01762,2025-02-06,42.82
P01762,2025-02-07,38.13
P01763,2025-02-01,191.78
P01763,2025-02-02,173.15
P01763,2025-02-03,169.9
P01763,2025-02-04,160.43
P01763,2025-02-05,145.71
P01763,2025-02-06,126.57
P01763,2025-02-07,132.06
P01764,2025-02-01,199.74
P01764,2025-02-02,192.19
P01764,2025-02-03,181.94
P01764,2025-02-04,187.68
P01764,2025-02-05,179.54
P01764,2025-02-06,161.39
P01764,2025-02-07,137.74
P01765,2025-02-01,235.31
P01765,2025-02-02,223.4
P01765,2025-02-03,207.48
P01765,2025-02-04,191.83
P01765,2025-02-05,184.03
P01765,2025-02-06,160.41
P01765,2025-02-07,143.54
P01766,2025-02-01,233.55
P01766,2025-02-02,244.07
P01766,2025-02-03,226.86
P01766,2025-02-04,203.36
P01766,2025-02-05,187.9
P01766,2025-02-06,180.88
P01766,2025-02-07,177.0
P01767,2025-02-01,77.66
P01767,2025-02-02,71.17
P01767,2025-02-03,72.02
P01767,2025-02-04,75.27
P01767,2025-02-05,65.42
P01767,2025-02-06,57.82
P01767,2025-02-07,59.15
P01768,2025-02-01,209.63
P01768,2025-02-02,198.72
P01768,2025-02-03,178.85
P01768,2025-02-04,157.08
P01768,2025-02-05,152.89
P01768,2025-02-06,144.44
P01768,2025-02-07,143.66
P01769,2025-02-01,189.81
P01769,2025-02-02,182.85
P01769,2025-02-03,163.92
P01769,2025-02-04,164.49
P01769,2025-02-05,148.11
P01769,2025-02-06,135.12
P01769,2025-02-07,123.98
P01770,2025-02-01,166.73
P01770,2025-02-02,146.74
P01770,2025-02-03,134.16
P01770,2025-02-04,129.2
P01770,2025-02-05,120.32
P01770,2025-02-06,102.41
P01770,2025-02-07,101.19
P01771,2025-02-01,33.23
P01771,2025-02-02,33.26
P01771,2025-02-03,33.56
P01771,2025-02-04,32.19
P01771,2025-02-05,29.38
P01771,2025-02-06,28.8
P01771,2025-02-07,26.33
P01772,2025-02-01,19.07
P01772,2025-02-02,18.91
P01772,2025-02-03,18.02
P01772,2025-02-04,18.41
P01772,2025-02-05,19.3
P01772,2025-02-06,16.72
P01772,2025-02-07,14.56
P01773,2025-02-01,81.84
P01773,2025-02-02,81.01
P01773,2025-02-03,74.95
P01773,2025-02-04,75.05
P01773,2025-02-05,66.23
P01773,2025-02-06,66.21
P01773,2025-02-07,58.48
P01774,2025-02-01,193.49
P01774,2025-02-02,181.4
P01774,2025-02-03,189.45
P01774,2025-02-04,162.51
P01774,2025-02-05,151.92
P01774,2025-02-06,134.32
P01774,2025-02-07,135.75
P01775,2025-02-01,21.35
P01775,2025-02-02,20.23
P01775,2025-02-03,20.23
P01775,2025-02-04,19.41
P01775,2025-02-05,18.05
P01775,2025-02-06,16.41
P01775,2025-02-07,15.38
P01776,2025-02-01,77.64
P01776,2025-02-02,70.56
P01776,2025-02-03,72.99
P01776,2025-02-04,71.92
P01776,2025-02-05,68.65
P01776,2025-02-06,66.8
P01776,2025-02-07,61.75
P01777,2025-02-01,98.81
P01777,2025-02-02,96.84
P01777,2025-02-03,85.05
P01777,2025-02-04,81.19
P01777,2025-02-05,72.33
P01777,2025-02-06,70.36
P01777,2025-02-07,69.86
P01778,2025-02-01,157.94
P01778,2025-02-02,150.66
P01778,2025-02-03,135.63
P01778,2025-02-04,127.84
P01778,2025-02-05,132.6
P01778,2025-02-06,137.3
P01778,2025-02-07,136.48
P01779,2025-02-01,195.17
P01779,2025-02-02,199.17
P01779,2025-02-03,174.69
P01779,2025-02-04,166.81
P01779,2025-02-05,169.46
P01779,2025-02-06,144.37
P01779,2025-02-07,134.73
P01780,2025-02-01,218.39
P01780,2025-02-02,192.2
P01780,2025-02-03,165.95
P01780,2025-02-04,173.48
P01780,2025-02-05,158.28
P01780,2025-02-06,140.48
P01780,2025-02-07,138.91
P01781,2025-02-01,248.98
P01781,2025-02-02,238.41
P01781,2025-02-03,218.43
P01781,2025-02-04,188.34
P01781,2025-02-05,177.74
P01781,2025-02-06,156.64
P01781,2025-02-07,144.12
P01782,2025-02-01,135.44
P01782,2025-02-02,130.27
P01782,2025-02-03,116.62
P01782,2025-02-04,113.79
P01782,2025-02-05,117.84
P01782,2025-02-06,106.64
P01782,2025-02-07,108.15
P01783,2025-02-01,191.04
P01783,2025-02-02,195.55
P01783,2025-02-03,189.08
P01783,2025-02-04,172.28
P01783,2025-02-05,167.96
P01783,2025-02-06,156.31
P01783,2025-02-07,140.83
P01784,2025-02-01,55.11
P01784,2025-02-02,52.81
P01784,2025-02-03,51.85
P01784,2025-02-04,44.88
P01784,2025-02-05,39.52
P01784,2025-02-06,39.37
P01784,2025-02-07,35.67
P01785,2025-02-01,231.7
P01785,2025-02-02,209.13
P01785,2025-02-03,182.04
P01785,2025-02-04,183.75
P01785,2025-02-05,177.77
P01785,2025-02-06,178.34
P01785,2025-02-07,163.37
P01786,2025-02-01,219.0
P01786,2025-02-02,219.96
P01786,2025-02-03,213.02
P01786,2025-02-04,192.88
P01786,2025-02-05,195.09
P01786,2025-02-06,199.82
P01786,2025-02-07,196.56
P01787,2025-02-01,224.65
P01787,2025-02-02,212.22
P01787,2025-02-03,187.52
P01787,2025-02-04,188.77
P01787,2025-02-05,197.8
P01787,2025-02-06,171.74
P01787,2025-02-07,173.57
P01788,2025-02-01,161.59
P01788,2025-02-02,142.09
P01788,2025-02-03,125.46
P01788,2025-02-04,128.59
P01788,2025-02-05,117.62
P01788,2025-02-06,121.05
P01788,2025-02-07,104.16
P01789,2025-02-01,71.58
P01789,2025-02-02,68.17
P01789,2025-02-03,63.94
P01789,2025-02-04,62.85
P01789,2025-02-05,57.53
P01789,2025-02-06,54.66
P01789,2025-02-07,47.74
P01790,2025-02-01,32.56
P01790,2025-02-02,31.32
P01790,2025-02-03,28.99
P01790,2025-02-04,26.88
P01790,2025-02-05,25.4
P01790,2025-02-06,23.17
P01790,2025-02-07,22.11
P01791,2025-02-01,110.01
P01791,2025-02-02,105.18
P01791,2025-02-03,107.98
P01791,2025-02-04,109.97
P01791,2025-02-05,114.49
P01791,2025-02-06,118.97
P01791,2025-02-07,120.96
P01792,2025-02-01,35.9
P01792,2025-02-02,35.62
P01792,2025-02-03,36.26
P01792,2025-02-04,34.89
P01792,2025-02-05,33.08
P01792,2025-02-06,33.34
P01792,2025-02-07,32.91
P01793,2025-02-01,156.49
P01793,2025-02-02,150.48
P01793,2025-02-03,141.01
P01793,2025-02-04,129.68
P01793,2025-02-05,110.88
P01793,2025-02-06,102.36
P01793,2025-02-07,96.55
P01794,2025-02-01,245.65
P01794,2025-02-02,241.72
P01794,2025-02-03,240.68
P01794,2025-02-04,214.87
P01794,2025-02-05,206.7
P01794,2025-02-06,216.95
P01794,2025-02-07,225.17
P01795,2025-02-01,143.82
P01795,2025-02-02,133.25
P01795,2025-02-03,118.03
P01795,2025-02-04,117.97
P01795,2025-02-05,100.53
P01795,2025-02-06,94.34
P01795,2025-02-07,90.11
P01796,2025-02-01,189.76
P01796,2025-02-02,161.51
P01796,2025-02-03,147.31
P01796,2025-02-04,127.99
P01796,2025-02-05,118.23
P01796,2025-02-06,106.5
P01796,2025-02-07,110.15
P01797,2025-02-01,50.66
P01797,2025-02-02,49.21
P01797,2025-02-03,42.16
P01797,2025-02-04,38.15
P01797,2025-02-05,36.08
P01797,2025-02-06,30.98
P01797,2025-02-07,30.64
P01798,2025-02-01,135.04
P01798,2025-02-02,121.62
P01798,2025-02-03,118.59
P01798,2025-02-04,123.84
P01798,2025-02-05,125.66
P01798,2025-02-06,128.5
P01798,2025-02-07,133.06
P01799,2025-02-01,230.94
P01799,2025-02-02,242.36
P01799,2025-02-03,236.65
P01799,2025-02-04,224.36
P01799,2025-02-05,211.95
P01799,2025-02-06,217.25
P01799,2025-02-07,217.28
P01800,2025-02-01,29.13
P01800,2025-02-02,29.46
P01800,2025-02-03,25.27
P01800,2025-02-04,21.63
P01800,2025-02-05,22.25
P01800,2025-02-06,19.59
P01800,2025-02-07,19.54
P01801,2025-02-01,91.12
P01801,2025-02-02,93.32
P01801,2025-02-03,81.78
P01801,2025-02-04,76.38
P01801,2025-02-05,77.84
P01801,2025-02-06,67.04
P01801,2025-02-07,65.53
P01802,2025-02-01,154.42
P01802,2025-02-02,133.18
P01802,2025-02-03,115.8
P01802,2025-02-04,111.03
P01802,2025-02-05,116.21
P01802,2025-02-06,103.29
P01802,2025-02-07,100.48
P01803,2025-02-01,33.49
P01803,2025-02-02,28.58
P01803,2025-02-03,29.08
P01803,2025-02-04,29.65
P01803,2025-02-05,27.08
P01803,2025-02-06,26.86
P01803,2025-02-07,27.7
P01804,2025-02-01,173.72
P01804,2025-02-02,168.05
P01804,2025-02-03,174.58
P01804,2025-02-04,166.42
P01804,2025-02-05,172.76
P01804,2025-02-06,160.78
P01804,2025-02-07,163.6
P01805,2025-02-01,133.96
P01805,2025-02-02,131.81
P01805,2025-02-03,113.75
P01805,2025-02-04,115.46
P01805,2025-02-05,109.72
P01805,2025-02-06,109.26
P01805,2025-02-07,94.71
P01806,2025-02-01,225.19
P01806,2025-02-02,211.38
P01806,2025-02-03,191.32
P01806,2025-02-04,170.22
P01806,2025-02-05,161.9
P01806,2025-02-06,143.22
P01806,2025-02-07,143.13
P01807,2025-02-01,187.11
P01807,2025-02-02,190.4
P01807,2025-02-03,161.96
P01807,2025-02-04,146.53
P01807,2025-02-05,134.83
P01807,2025-02-06,123.81
P01807,2025-02-07,119.31
P01808,2025-02-01,64.54
P01808,2025-02-02,63.85
P01808,2025-02-03,61.5
P01808,2025-02-04,57.97
P01808,2025-02-05,50.62
P01808,2025-02-06,43.94
P01808,2025-02-07,43.76
P01809,2025-02-01,138.53
P01809,2025-02-02,122.89
P01809,2025-02-03,118.99
P01809,2025-02-04,124.12
P01809,2025-02-05,124.54
P01809,2025-02-06,125.5
P01809,2025-02-07,112.13
P01810,2025-02-01,119.03
P01810,2025-02-02,110.09
P01810,2025-02-03,95.37
P01810,2025-02-04,94.88
P01810,2025-02-05,85.33
P01810,2025-02-06,86.82
P01810,2025-02-07,84.95
P01811,2025-02-01,72.71
P01811,2025-02-02,74.91
P01811,2025-02-03,66.54
P01811,2025-02-04,66.62
P01811,2025-02-05,58.4
P01811,2025-02-06,50.26
P01811,2025-02-07,49.82
P01812,2025-02-01,153.29
P01812,2025-02-02,135.75
P01812,2025-02-03,119.2
P01812,2025-02-04,108.84
P01812,2025-02-05,97.43
P01812,2025-02-06,86.48
P01812,2025-02-07,88.79
P01813,2025-02-01,121.59
P01813,2025-02-02,107.66
P01813,2025-02-03,97.86
P01813,2025-02-04,96.83
P01813,2025-02-05,87.43
P01813,2025-02-06,82.88
P01813,2025-02-07,80.04
P01814,2025-02-01,152.11
P01814,2025-02-02,139.91
P01814,2025-02-03,136.88
P01814,2025-02-04,128.66
P01814,2025-02-05,125.6
P01814,2025-02-06,127.65
P01814,2025-02-07,109.44
P01815,2025-02-01,119.3
P01815,2025-02-02,121.32
P01815,2025-02-03,112.48
P01815,2025-02-04,107.71
P01815,2025-02-05,96.09
P01815,2025-02-06,95.17
P01815,2025-02-07,87.5
P01816,2025-02-01,95.13
P01816,2025-02-02,96.29
P01816,2025-02-03,97.18
P01816,2025-02-04,86.63
P01816,2025-02-05,85.76
P01816,2025-02-06,81.54
P01816,2025-02-07,82.84
P01817,2025-02-01,82.02
P01817,2025-02-02,82.75
P01817,2025-02-03,71.84
P01817,2025-02-04,72.18
P01817,2025-02-05,65.08
P01817,2025-02-06,61.41
P01817,2025-02-07,52.58
P01818,2025-02-01,26.55
P01818,2025-02-02,23.18
P01818,2025-02-03,22.76
P01818,2025-02-04,20.19
P01818,2025-02-05,17.73
P01818,2025-02-06,17.15
P01818,2025-02-07,15.85
P01819,2025-02-01,164.33
P01819,2025-02-02,152.1
P01819,2025-02-03,147.18
P01819,2025-02-04,126.1
P01819,2025-02-05,124.87
P01819,2025-02-06,121.86
P01819,2025-02-07,124.77
P01820,2025-02-01,158.8
P01820,2025-02-02,135.23
P01820,2025-02-03,126.34
P01820,2025-02-04,115.85
P01820,2025-02-05,113.48
P01820,2025-02-06,98.73
P01820,2025-02-07,101.95
P01821,2025-02-01,222.53
P01821,2025-02-02,202.78
P01821,2025-02-03,191.3
P01821,2025-02-04,169.73
P01821,2025-02-05,145.01
P01821,2025-02-06,146.73
P01821,2025-02-07,138.12
P01822,2025-02-01,212.45
P01822,2025-02-02,205.06
P01822,2025-02-03,192.14
P01822,2025-02-04,178.66
P01822,2025-02-05,181.66
P01822,2025-02-06,163.59
P01822,2025-02-07,151.26
P01823,2025-02-01,107.44
P01823,2025-02-02,98.58
P01823,2025-02-03,97.17
P01823,2025-02-04,88.43
P01823,2025-02-05,92.33
P01823,2025-02-06,94.68
P01823,2025-02-07,94.93
P01824,2025-02-01,222.84
P01824,2025-02-02,229.56
P01824,2025-02-03,218.4
P01824,2025-02-04,204.03
P01824,2025-02-05,205.01
P01824,2025-02-06,213.37
P01824,2025-02-07,198.47
P01825,2025-02-01,60.47
P01825,2025-02-02,51.74
P01825,2025-02-03,49.28
P01825,2025-02-04,50.98
P01825,2025-02-05,52.37
P01825,2025-02-06,54.62
P01825,2025-02-07,56.73
P01826,2025-02-01,157.93
P01826,2025-02-02,140.51
P01826,2025-02-03,146.76
P01826,2025-02-04,146.81
P01826,2025-02-05,128.6
P01826,2025-02-06,117.88
P01826,2025-02-07,122.83
P01827,2025-02-01,169.24
P01827,2025-02-02,176.7
P01827,2025-02-03,161.12
P01827,2025-02-04,161.63
P01827,2025-02-05,163.29
P01827,2025-02-06,153.78
P01827,2025-02-07,135.8
P01828,2025-02-01,41.0
P01828,2025-02-02,34.86
P01828,2025-02-03,30.66
P01828,2025-02-04,31.48
P01828,2025-02-05,28.65
P01828,2025-02-06,24.81
P01828,2025-02-07,22.26
P01829,2025-02-01,163.95
P01829,2025-02-02,146.02
P01829,2025-02-03,126.75
P01829,2025-02-04,113.94
P01829,2025-02-05,112.45
P01829,2025-02-06,114.6
P01829,2025-02-07,105.99
P01830,2025-02-01,161.86
P01830,2025-02-02,153.03
P01830,2025-02-03,140.63
P01830,2025-02-04,132.78
P01830,2025-02-05,131.1
P01830,2025-02-06,129.76
P01830,2025-02-07,133.99
P01831,2025-02-01,165.22
P01831,2025-02-02,162.52
P01831,2025-02-03,165.16
P01831,2025-02-04,163.71
P01831,2025-02-05,164.14
P01831,2025-02-06,142.66
P01831,2025-02-07,124.93
P01832,2025-02-01,118.32
P01832,2025-02-02,118.63
P01832,2025-02-03,104.0
P01832,2025-02-04,104.48
P01832,2025-02-05,107.57
P01832,2025-02-06,109.07
P01832,2025-02-07,108.64
P01833,2025-02-01,49.09
P01833,2025-02-02,45.9
P01833,2025-02-03,42.63
P01833,2025-02-04,36.85
P01833,2025-02-05,34.92
P01833,2025-02-06,34.85
P01833,2025-02-07,33.71
P01834,2025-02-01,193.22
P01834,2025-02-02,172.8
P01834,2025-02-03,167.91
P01834,2025-02-04,168.51
P01834,2025-02-05,155.67
P01834,2025-02-06,142.9
P01834,2025-02-07,144.99
P01835,2025-02-01,59.8
P01835,2025-02-02,58.13
P01835,2025-02-03,58.15
P01835,2025-02-04,60.06
P01835,2025-02-05,58.81
P01835,2025-02-06,51.61
P01835,2025-02-07,45.81
P01836,2025-02-01,237.17
P01836,2025-02-02,211.61
P01836,2025-02-03,198.3
P01836,2025-02-04,182.02
P01836,2025-02-05,178.53
P01836,2025-02-06,166.95
P01836,2025-02-07,151.42
P01837,2025-02-01,69.87
P01837,2025-02-02,64.79
P01837,2025-02-03,65.71
P01837,2025-02-04,56.31
P01837,2025-02-05,58.66
P01837,2025-02-06,54.81
P01837,2025-02-07,48.38
P01838,2025-02-01,42.86
P01838,2025-02-02,42.28
P01838,2025-02-03,42.99
P01838,2025-02-04,40.54
P01838,2025-02-05,35.13
P01838,2025-02-06,34.68
P01838,2025-02-07,30.18
P01839,2025-02-01,146.98
P01839,2025-02-02,150.29
P01839,2025-02-03,151.9
P01839,2025-02-04,129.49
P01839,2025-02-05,118.33
P01839,2025-02-06,114.18
P01839,2025-02-07,105.82
P01840,2025-02-01,248.54
P01840,2025-02-02,233.86
P01840,2025-02-03,221.52
P01840,2025-02-04,230.82
P01840,2025-02-05,214.74
P01840,2025-02-06,215.66
P01840,2025-02-07,196.38
P01841,2025-02-01,134.67
P01841,2025-02-02,121.44
P01841,2025-02-03,118.63
P01841,2025-02-04,115.16
P01841,2025-02-05,116.37
P01841,2025-02-06,109.39
P01841,2025-02-07,101.14
P01842,2025-02-01,141.93
P01842,2025-02-02,134.08
P01842,2025-02-03,122.95
P01842,2025-02-04,117.66
P01842,2025-02-05,108.6
P01842,2025-02-06,109.37
P01842,2025-02-07,114.42
P01843,2025-02-01,151.34
P01843,2025-02-02,144.73
P01843,2025-02-03,134.12
P01843,2025-02-04,132.1
P01843,2025-02-05,116.26
P01843,2025-02-06,106.66
P01843,2025-02-07,110.59
P01844,2025-02-01,69.41
P01844,2025-02-02,67.19
P01844,2025-02-03,59.77
P01844,2025-02-04,60.52
P01844,2025-02-05,60.25
P01844,2025-02-06,56.7
P01844,2025-02-07,48.75
P01845,2025-02-01,130.44
P01845,2025-02-02,118.22
P01845,2025-02-03,103.36
P01845,2025-02-04,97.98
P01845,2025-02-05,90.48
P01845,2025-02-06,93.0
P01845,2025-02-07,91.82
P01846,2025-02-01,235.19
P01846,2025-02-02,211.78
P01846,2025-02-03,194.31
P01846,2025-02-04,176.67
P01846,2025-02-05,179.11
P01846,2025-02-06,171.69
P01846,2025-02-07,152.07
P01847,2025-02-01,168.26
P01847,2025-02-02,155.03
P01847,2025-02-03,132.32
P01847,2025-02-04,121.06
P01847,2025-02-05,118.3
P01847,2025-02-06,114.65
P01847,2025-02-07,105.64
P01848,2025-02-01,111.57
P01848,2025-02-02,95.65
P01848,2025-02-03,95.43
P01848,2025-02-04,85.86
P01848,2025-02-05,74.42
P01848,2025-02-06,64.66
P01848,2025-02-07,64.36
P01849,2025-02-01,181.8
P01849,2025-02-02,177.54
P01849,2025-02-03,166.22
P01849,2025-02-04,150.42
P01849,2025-02-05,157.09
P01849,2025-02-06,155.17
P01849,2025-02-07,139.47
P01850,2025-02-01,31.08
P01850,2025-02-02,31.55
P01850,2025-02-03,32.09
P01850,2025-02-04,31.98
P01850,2025-02-05,30.53
P01850,2025-02-06,28.75
P01850,2025-02-07,24.88
P01851,2025-02-01,16.97
P01851,2025-02-02,15.69
P01851,2025-02-03,13.8
P01851,2025-02-04,14.43
P01851,2025-02-05,14.11
P01851,2025-02-06,14.48
P01851,2025-02-07,13.41
P01852,2025-02-01,126.17
P01852,2025-02-02,131.98
P01852,2025-02-03,114.26
P01852,2025-02-04,118.31
P01852,2025-02-05,118.29
P01852,2025-02-06,110.54
P01852,2025-02-07,94.45
P01853,2025-02-01,164.36
P01853,2025-02-02,170.95
P01853,2025-02-03,154.09
P01853,2025-02-04,151.1
P01853,2025-02-05,155.12
P01853,2025-02-06,157.81
P01853,2025-02-07,147.82
P01854,2025-02-01,218.67
P01854,2025-02-02,190.96
P01854,2025-02-03,169.64
P01854,2025-02-04,153.05
P01854,2025-02-05,139.37
P01854,2025-02-06,132.79
P01854,2025-02-07,135.56
P01855,2025-02-01,133.02
P01855,2025-02-02,119.55
P01855,2025-02-03,120.72
P01855,2025-02-04,111.65
P01855,2025-02-05,105.46
P01855,2025-02-06,105.69
P01855,2025-02-07,99.07
P01856,2025-02-01,37.47
P01856,2025-02-02,37.45
P01856,2025-02-03,37.66
P01856,2025-02-04,34.1
P01856,2025-02-05,33.56
P01856,2025-02-06,32.58
P01856,2025-02-07,33.62
P01857,2025-02-01,153.76
P01857,2025-02-02,151.55
P01857,2025-02-03,137.08
P01857,2025-02-04,127.68
P01857,2025-02-05,109.01
P01857,2025-02-06,101.69
P01857,2025-02-07,89.08
P01858,2025-02-01,31.84
P01858,2025-02-02,28.76
P01858,2025-02-03,27.89
P01858,2025-02-04,29.15
P01858,2025-02-05,26.63
P01858,2025-02-06,23.81
P01858,2025-02-07,20.32
P01859,2025-02-01,191.1
P01859,2025-02-02,174.84
P01859,2025-02-03,150.84
P01859,2025-02-04,136.9
P01859,2025-02-05,135.86
P01859,2025-02-06,137.95
P01859,2025-02-07,133.48
P01860,2025-02-01,171.52
P01860,2025-02-02,167.57
P01860,2025-02-03,153.45
P01860,2025-02-04,142.37
P01860,2025-02-05,147.49
P01860,2025-02-06,125.74
P01860,2025-02-07,115.44
P01861,2025-02-01,142.26
P01861,2025-02-02,130.78
P01861,2025-02-03,122.79
P01861,2025-02-04,115.72
P01861,2025-02-05,115.55
P01861,2025-02-06,103.09
P01861,2025-02-07,102.01
P01862,2025-02-01,86.99
P01862,2025-02-02,85.65
P01862,2025-02-03,77.18
P01862,2025-02-04,66.1
P01862,2025-02-05,67.45
P01862,2025-02-06,70.39
P01862,2025-02-07,68.72
P01863,2025-02-01,245.78
P01863,2025-02-02,236.51
P01863,2025-02-03,217.37
P01863,2025-02-04,193.79
P01863,2025-02-05,202.89
P01863,2025-02-06,187.44
P01863,2025-02-07,170.26
P01864,2025-02-01,142.02
P01864,2025-02-02,129.67
P01864,2025-02-03,127.71
P01864,2025-02-04,109.31
P01864,2025-02-05,106.57
P01864,2025-02-06,94.14
P01864,2025-02-07,86.64
P01865,2025-02-01,165.81
P01865,2025-02-02,155.25
P01865,2025-02-03,162.88
P01865,2025-02-04,139.21
P01865,2025-02-05,145.43
P01865,2025-02-06,139.8
P01865,2025-02-07,132.55
P01866,2025-02-01,253.08
P01866,2025-02-02,227.0
P01866,2025-02-03,234.77
P01866,2025-02-04,205.74
P01866,2025-02-05,199.86
P01866,2025-02-06,203.84
P01866,2025-02-07,177.22
P01867,2025-02-01,253.71
P01867,2025-02-02,226.73
P01867,2025-02-03,237.71
P01867,2025-02-04,229.19
P01867,2025-02-05,203.0
P01867,2025-02-06,179.01
P01867,2025-02-07,180.0
P01868,2025-02-01,208.33
P01868,2025-02-02,207.68
P01868,2025-02-03,193.19
P01868,2025-02-04,180.0
P01868,2025-02-05,180.05
P01868,2025-02-06,168.1
P01868,2025-02-07,163.03
P01869,2025-02-01,164.11
P01869,2025-02-02,149.98
P01869,2025-02-03,138.38
P01869,2025-02-04,120.55
P01869,2025-02-05,123.8
P01869,2025-02-06,129.01
P01869,2025-02-07,129.31
P01870,2025-02-01,93.12
P01870,2025-02-02,85.07
P01870,2025-02-03,81.42
P01870,2025-02-04,75.59
P01870,2025-02-05,77.24
P01870,2025-02-06,73.3
P01870,2025-02-07,69.11
P01871,2025-02-01,51.82
P01871,2025-02-02,52.61
P01871,2025-02-03,49.45
P01871,2025-02-04,51.17
P01871,2025-02-05,45.31
P01871,2025-02-06,41.13
P01871,2025-02-07,39.34
P01872,2025-02-01,138.74
P01872,2025-02-02,127.2
P01872,2025-02-03,119.92
P01872,2025-02-04,106.06
P01872,2025-02-05,109.4
P01872,2025-02-06,101.38
P01872,2025-02-07,99.42
P01873,2025-02-01,174.94
P01873,2025-02-02,182.79
P01873,2025-02-03,170.37
P01873,2025-02-04,166.5
P01873,2025-02-05,162.13
P01873,2025-02-06,142.3
P01873,2025-02-07,138.6
P01874,2025-02-01,173.65
P01874,2025-02-02,182.29
P01874,2025-02-03,176.81
P01874,2025-02-04,176.18
P01874,2025-02-05,183.07
P01874,2025-02-06,167.51
P01874,2025-02-07,150.76
P01875,2025-02-01,18.8
P01875,2025-02-02,18.12
P01875,2025-02-03,17.11
P01875,2025-02-04,14.85
P01875,2025-02-05,13.72
P01875,2025-02-06,13.7
P01875,2025-02-07,14.07
P01876,2025-02-01,240.05
P01876,2025-02-02,235.45
P01876,2025-02-03,226.13
P01876,2025-02-04,231.26
P01876,2025-02-05,235.9
P01876,2025-02-06,208.13
P01876,2025-02-07,192.27
P01877,2025-02-01,119.89
P01877,2025-02-02,122.88
P01877,2025-02-03,108.75
P01877,2025-02-04,112.82
P01877,2025-02-05,116.69
P01877,2025-02-06,106.72
P01877,2025-02-07,96.97
P01878,2025-02-01,88.35
P01878,2025-02-02,90.9
P01878,2025-02-03,81.03
P01878,2025-02-04,76.35
P01878,2025-02-05,68.64
P01878,2025-02-06,66.63
P01878,2025-02-07,69.82
P01879,2025-02-01,134.07
P01879,2025-02-02,135.32
P01879,2025-02-03,141.35
P01879,2025-02-04,134.29
P01879,2025-02-05,117.13
P01879,2025-02-06,113.71
P01879,2025-02-07,104.19
P01880,2025-02-01,12.26
P01880,2025-02-02,12.68
P01880,2025-02-03,11.18
P01880,2025-02-04,10.54
P01880,2025-02-05,10.99
P01880,2025-02-06,9.36
P01880,2025-02-07,8.02
P01881,2025-02-01,78.41
P01881,2025-02-02,77.26
P01881,2025-02-03,79.07
P01881,2025-02-04,82.95
P01881,2025-02-05,84.81
P01881,2025-02-06,73.28
P01881,2025-02-07,68.4
P01882,2025-02-01,145.29
P01882,2025-02-02,131.05
P01882,2025-02-03,130.16
P01882,2025-02-04,113.79
P01882,2025-02-05,114.4
P01882,2025-02-06,112.05
P01882,2025-02-07,107.21
P01883,2025-02-01,162.69
P01883,2025-02-02,139.06
P01883,2025-02-03,131.57
P01883,2025-02-04,130.94
P01883,2025-02-05,118.97
P01883,2025-02-06,110.6
P01883,2025-02-07,112.2
P01884,2025-02-01,127.4
P01884,2025-02-02,127.88
P01884,2025-02-03,117.99
P01884,2025-02-04,117.2
P01884,2025-02-05,111.61
P01884,2025-02-06,109.37
P01884,2025-02-07,102.34
P01885,2025-02-01,145.87
P01885,2025-02-02,127.61
P01885,2025-02-03,112.19
P01885,2025-02-04,101.25
P01885,2025-02-05,102.77
P01885,2025-02-06,102.84
P01885,2025-02-07,89.71
P01886,2025-02-01,215.34
P01886,2025-02-02,190.32
P01886,2025-02-03,177.49
P01886,2025-02-04,162.93
P01886,2025-02-05,168.24
P01886,2025-02-06,169.77
P01886,2025-02-07,151.44
P01887,2025-02-01,174.15
P01887,2025-02-02,151.41
P01887,2025-02-03,148.14
P01887,2025-02-04,128.11
P01887,2025-02-05,131.93
P01887,2025-02-06,125.11
P01887,2025-02-07,112.47
P01888,2025-02-01,117.4
P01888,2025-02-02,105.89
P01888,2025-02-03,96.26
P01888,2025-02-04,90.38
P01888,2025-02-05,91.06
P01888,2025-02-06,90.14
P01888,2025-02-07,86.86
P01889,2025-02-01,189.25
P01889,2025-02-02,183.36
P01889,2025-02-03,183.78
P01889,2025-02-04,161.65
P01889,2025-02-05,146.73
P01889,2025-02-06,131.21
P01889,2025-02-07,121.26
P01890,2025-02-01,147.39
P01890,2025-02-02,135.97
P01890,2025-02-03,123.49
P01890,2025-02-04,128.3
P01890,2025-02-05,113.12
P01890,2025-02-06,110.49
P01890,2025-02-07,104.42
P01891,2025-02-01,145.58
P01891,2025-02-02,136.55
P01891,2025-02-03,124.12
P01891,2025-02-04,123.96
P01891,2025-02-05,122.6
P01891,2025-02-06,107.8
P01891,2025-02-07,97.93
P01892,2025-02-01,228.59
P01892,2025-02-02,211.87
P01892,2025-02-03,207.07
P01892,2025-02-04,177.17
P01892,2025-02-05,158.09
P01892,2025-02-06,143.96
P01892,2025-02-07,139.19
P01893,2025-02-01,182.89
P01893,2025-02-02,164.95
P01893,2025-02-03,164.0
P01893,2025-02-04,163.85
P01893,2025-02-05,171.92
P01893,2025-02-06,160.09
P01893,2025-02-07,155.88
P01894,2025-02-01,228.05
P01894,2025-02-02,201.61
P01894,2025-02-03,185.25
P01894,2025-02-04,163.24
P01894,2025-02-05,166.59
P01894,2025-02-06,152.07
P01894,2025-02-07,140.65
P01895,2025-02-01,165.21
P01895,2025-02-02,169.02
P01895,2025-02-03,160.07
P01895,2025-02-04,141.47
P01895,2025-02-05,135.11
P01895,2025-02-06,119.58
P01895,2025-02-07,123.1
P01896,2025-02-01,212.61
P01896,2025-02-02,181.32
P01896,2025-02-03,188.46
P01896,2025-02-04,173.1
P01896,2025-02-05,157.84
P01896,2025-02-06,141.25
P01896,2025-02-07,127.92
P01897,2025-02-01,189.59
P01897,2025-02-02,190.65
P01897,2025-02-03,192.15
P01897,2025-02-04,188.31
P01897,2025-02-05,173.49
P01897,2025-02-06,163.4
P01897,2025-02-07,168.72
P01898,2025-02-01,76.42
P01898,2025-02-02,78.81
P01898,2025-02-03,80.23
P01898,2025-02-04,81.77
P01898,2025-02-05,82.31
P01898,2025-02-06,78.59
P01898,2025-02-07,70.39
P01899,2025-02-01,22.05
P01899,2025-02-02,19.64
P01899,2025-02-03,19.3
P01899,2025-02-04,17.94
P01899,2025-02-05,15.6
P01899,2025-02-06,14.29
P01899,2025-02-07,12.34
P01900,2025-02-01,206.75
P01900,2025-02-02,198.62
P01900,2025-02-03,190.07
P01900,2025-02-04,189.74
P01900,2025-02-05,194.39
P01900,2025-02-06,202.96
P01900,2025-02-07,174.79
P01901,2025-02-01,134.57
P01901,2025-02-02,129.64
P01901,2025-02-03,116.62
P01901,2025-02-04,105.1
P01901,2025-02-05,104.88
P01901,2025-02-06,103.62
P01901,2025-02-07,101.56
P01902,2025-02-01,142.24
P01902,2025-02-02,127.88
P01902,2025-02-03,126.34
P01902,2025-02-04,118.91
P01902,2025-02-05,102.03
P01902,2025-02-06,99.16
P01902,2025-02-07,95.23
P01903,2025-02-01,141.99
P01903,2025-02-02,123.29
P01903,2025-02-03,109.48
P01903,2025-02-04,111.25
P01903,2025-02-05,95.98
P01903,2025-02-06,98.92
P01903,2025-02-07,94.42
P01904,2025-02-01,173.97
P01904,2025-02-02,149.99
P01904,2025-02-03,134.32
P01904,2025-02-04,129.91
P01904,2025-02-05,125.53
P01904,2025-02-06,118.36
P01904,2025-02-07,113.32
P01905,2025-02-01,239.71
P01905,2025-02-02,241.22
P01905,2025-02-03,220.42
P01905,2025-02-04,215.3
P01905,2025-02-05,191.46
P01905,2025-02-06,167.2
P01905,2025-02-07,144.91
P01906,2025-02-01,73.92
P01906,2025-02-02,65.75
P01906,2025-02-03,63.02
P01906,2025-02-04,56.28
P01906,2025-02-05,53.32
P01906,2025-02-06,51.39
P01906,2025-02-07,49.66
P01907,2025-02-01,199.36
P01907,2025-02-02,203.79
P01907,2025-02-03,177.77
P01907,2025-02-04,182.62
P01907,2025-02-05,183.62
P01907,2025-02-06,163.23
P01907,2025-02-07,165.05
P01908,2025-02-01,39.79
P01908,2025-02-02,38.71
P01908,2025-02-03,36.44
P01908,2025-02-04,30.98
P01908,2025-02-05,31.01
P01908,2025-02-06,30.09
P01908,2025-02-07,28.54
P01909,2025-02-01,240.25
P01909,2025-02-02,212.69
P01909,2025-02-03,202.37
P01909,2025-02-04,192.83
P01909,2025-02-05,200.6
P01909,2025-02-06,182.53
P01909,2025-02-07,186.81
P01910,2025-02-01,246.34
P01910,2025-02-02,221.66
P01910,2025-02-03,200.62
P01910,2025-02-04,193.05
P01910,2025-02-05,176.02
P01910,2025-02-06,165.11
P01910,2025-02-07,172.61
P01911,2025-02-01,33.22
P01911,2025-02-02,34.52
P01911,2025-02-03,32.71
P01911,2025-02-04,29.89
P01911,2025-02-05,31.23
P01911,2025-02-06,29.48
P01911,2025-02-07,26.02
P01912,2025-02-01,48.82
P01912,2025-02-02,42.14
P01912,2025-02-03,39.46
P01912,2025-02-04,35.95
P01912,2025-02-05,37.21
P01912,2025-02-06,34.93
P01912,2025-02-07,34.15
P01913,2025-02-01,82.85
P01913,2025-02-02,79.35
P01913,2025-02-03,70.35
P01913,2025-02-04,70.76
P01913,2025-02-05,70.94
P01913,2025-02-06,63.32
P01913,2025-02-07,60.18
P01914,2025-02-01,172.34
P01914,2025-02-02,157.52
P01914,2025-02-03,150.6
P01914,2025-02-04,131.11
P01914,2025-02-05,119.31
P01914,2025-02-06,115.96
P01914,2025-02-07,111.81
P01915,2025-02-01,149.12
P01915,2025-02-02,131.36
P01915,2025-02-03,115.76
P01915,2025-02-04,116.14
P01915,2025-02-05,116.97
P01915,2025-02-06,119.36
P01915,2025-02-07,116.02
P01916,2025-02-01,157.65
P01916,2025-02-02,138.96
P01916,2025-02-03,144.7
P01916,2025-02-04,151.39
P01916,2025-02-05,148.47
P01916,2025-02-06,149.62
P01916,2025-02-07,150.51
P01917,2025-02-01,212.09
P01917,2025-02-02,191.7
P01917,2025-02-03,198.71
P01917,2025-02-04,187.66
P01917,2025-02-05,191.65
P01917,2025-02-06,174.54
P01917,2025-02-07,153.42
P01918,2025-02-01,127.03
P01918,2025-02-02,116.45
P01918,2025-02-03,107.23
P01918,2025-02-04,107.13
P01918,2025-02-05,100.7
P01918,2025-02-06,94.16
P01918,2025-02-07,87.45
P01919,2025-02-01,149.97
P01919,2025-02-02,139.99
P01919,2025-02-03,140.33
P01919,2025-02-04,130.62
P01919,2025-02-05,136.33
P01919,2025-02-06,125.52
P01919,2025-02-07,126.91
P01920,2025-02-01,187.65
P01920,2025-02-02,196.09
P01920,2025-02-03,196.76
P01920,2025-02-04,168.01
P01920,2025-02-05,166.48
P01920,2025-02-06,148.45
P01920,2025-02-07,147.46
P01921,2025-02-01,146.58
P01921,2025-02-02,133.24
P01921,2025-02-03,123.21
P01921,2025-02-04,112.66
P01921,2025-02-05,113.58
P01921,2025-02-06,103.94
P01921,2025-02-07,99.99
P01922,2025-02-01,66.16
P01922,2025-02-02,58.88
P01922,2025-02-03,52.58
P01922,2025-02-04,49.98
P01922,2025-02-05,51.04
P01922,2025-02-06,44.47
P01922,2025-02-07,39.96
P01923,2025-02-01,183.69
P01923,2025-02-02,168.09
P01923,2025-02-03,159.0
P01923,2025-02-04,158.09
P01923,2025-02-05,149.23
P01923,2025-02-06,155.83
P01923,2025-02-07,133.89
P01924,2025-02-01,241.83
P01924,2025-02-02,237.45
P01924,2025-02-03,234.5
P01924,2025-02-04,241.95
P01924,2025-02-05,229.23
P01924,2025-02-06,207.69
P01924,2025-02-07,201.74
P01925,2025-02-01,127.6
P01925,2025-02-02,118.03
P01925,2025-02-03,102.72
P01925,2025-02-04,100.45
P01925,2025-02-05,90.93
P01925,2025-02-06,84.01
P01925,2025-02-07,86.93
P01926,2025-02-01,210.51
P01926,2025-02-02,183.61
P01926,2025-02-03,161.0
P01926,2025-02-04,160.99
P01926,2025-02-05,147.29
P01926,2025-02-06,148.03
P01926,2025-02-07,138.08
P01927,2025-02-01,207.64
P01927,2025-02-02,182.8
P01927,2025-02-03,160.88
P01927,2025-02-04,146.36
P01927,2025-02-05,130.26
P01927,2025-02-06,113.01
P01927,2025-02-07,101.6
P01928,2025-02-01,191.21
P01928,2025-02-02,184.43
P01928,2025-02-03,184.9
P01928,2025-02-04,166.81
P01928,2025-02-05,159.5
P01928,2025-02-06,144.87
P01928,2025-02-07,123.77
P01929,2025-02-01,176.45
P01929,2025-02-02,177.23
P01929,2025-02-03,153.06
P01929,2025-02-04,154.16
P01929,2025-02-05,152.97
P01929,2025-02-06,139.63
P01929,2025-02-07,142.52
P01930,2025-02-01,56.79
P01930,2025-02-02,58.55
P01930,2025-02-03,54.99
P01930,2025-02-04,56.47
P01930,2025-02-05,50.08
P01930,2025-02-06,47.26
P01930,2025-02-07,44.53
P01931,2025-02-01,38.64
P01931,2025-02-02,35.42
P01931,2025-02-03,34.91
P01931,2025-02-04,34.59
P01931,2025-02-05,31.17
P01931,2025-02-06,31.16
P01931,2025-02-07,26.63
P01932,2025-02-01,56.54
P01932,2025-02-02,49.41
P01932,2025-02-03,46.06
P01932,2025-02-04,42.8
P01932,2025-02-05,40.54
P01932,2025-02-06,34.85
P01932,2025-02-07,33.31
P01933,2025-02-01,187.22
P01933,2025-02-02,193.32
P01933,2025-02-03,184.13
P01933,2025-02-04,157.11
P01933,2025-02-05,147.28
P01933,2025-02-06,126.13
P01933,2025-02-07,119.93
P01934,2025-02-01,214.4
P01934,2025-02-02,216.47
P01934,2025-02-03,218.21
P01934,2025-02-04,206.95
P01934,2025-02-05,199.7
P01934,2025-02-06,195.08
P01934,2025-02-07,194.47
P01935,2025-02-01,115.63
P01935,2025-02-02,111.36
P01935,2025-02-03,116.35
P01935,2025-02-04,117.06
P01935,2025-02-05,111.95
P01935,2025-02-06,113.04
P01935,2025-02-07,115.22
P01936,2025-02-01,37.14
P01936,2025-02-02,32.22
P01936,2025-02-03,33.33
P01936,2025-02-04,32.4
P01936,2025-02-05,33.97
P01936,2025-02-06,33.98
P01936,2025-02-07,34.1
P01937,2025-02-01,203.35
P01937,2025-02-02,190.37
P01937,2025-02-03,172.36
P01937,2025-02-04,162.06
P01937,2025-02-05,166.29
P01937,2025-02-06,165.92
P01937,2025-02-07,162.62
P01938,2025-02-01,27.72
P01938,2025-02-02,23.97
P01938,2025-02-03,23.48
P01938,2025-02-04,21.55
P01938,2025-02-05,20.59
P01938,2025-02-06,20.35
P01938,2025-02-07,20.64
P01939,2025-02-01,224.23
P01939,2025-02-02,209.99
P01939,2025-02-03,179.39
P01939,2025-02-04,173.1
P01939,2025-02-05,147.35
P01939,2025-02-06,149.66
P01939,2025-02-07,127.78
P01940,2025-02-01,55.56
P01940,2025-02-02,49.73
P01940,2025-02-03,46.52
P01940,2025-02-04,41.95
P01940,2025-02-05,37.53
P01940,2025-02-06,36.96
P01940,2025-02-07,33.83
P01941,2025-02-01,240.12
P01941,2025-02-02,226.09
P01941,2025-02-03,222.26
P01941,2025-02-04,223.15
P01941,2025-02-05,215.31
P01941,2025-02-06,198.29
P01941,2025-02-07,203.46
P01942,2025-02-01,187.28
P01942,2025-02-02,191.67
P01942,2025-02-03,168.77
P01942,2025-02-04,169.55
P01942,2025-02-05,151.11
P01942,2025-02-06,133.93
P01942,2025-02-07,114.54
P01943,2025-02-01,143.02
P01943,2025-02-02,138.78
P01943,2025-02-03,141.41
P01943,2025-02-04,142.24
P01943,2025-02-05,136.27
P01943,2025-02-06,141.85
P01943,2025-02-07,129.86
P01944,2025-02-01,116.89
P01944,2025-02-02,106.73
P01944,2025-02-03,95.63
P01944,2025-02-04,85.28
P01944,2025-02-05,77.65
P01944,2025-02-06,72.59
P01944,2025-02-07,65.64
P01945,2025-02-01,27.67
P01945,2025-02-02,28.7
P01945,2025-02-03,25.64
P01945,2025-02-04,23.62
P01945,2025-02-05,20.73
P01945,2025-02-06,21.35
P01945,2025-02-07,20.02
P01946,2025-02-01,213.47
P01946,2025-02-02,217.06
P01946,2025-02-03,200.79
P01946,2025-02-04,188.5
P01946,2025-02-05,188.27
P01946,2025-02-06,187.89
P01946,2025-02-07,174.0
P01947,2025-02-01,32.51
P01947,2025-02-02,30.54
P01947,2025-02-03,28.4
P01947,2025-02-04,25.31
P01947,2025-02-05,23.44
P01947,2025-02-06,23.74
P01947,2025-02-07,20.62
P01948,2025-02-01,156.23
P01948,2025-02-02,138.27
P01948,2025-02-03,142.79
P01948,2025-02-04,142.06
P01948,2025-02-05,124.21
P01948,2025-02-06,124.37
P01948,2025-02-07,108.71
P01949,2025-02-01,216.6
P01949,2025-02-02,205.3
P01949,2025-02-03,199.34
P01949,2025-02-04,199.33
P01949,2025-02-05,182.06
P01949,2025-02-06,161.71
P01949,2025-02-07,169.32
P01950,2025-02-01,146.44
P01950,2025-02-02,147.9
P01950,2025-02-03,136.36
P01950,2025-02-04,122.87
P01950,2025-02-05,107.19
P01950,2025-02-06,100.91
P01950,2025-02-07,85.92
P01951,2025-02-01,228.05
P01951,2025-02-02,230.49
P01951,2025-02-03,214.37
P01951,2025-02-04,218.98
P01951,2025-02-05,201.67
P01951,2025-02-06,209.56
P01951,2025-02-07,213.19
P01952,2025-02-01,205.98
P01952,2025-02-02,192.97
P01952,2025-02-03,196.74
P01952,2025-02-04,179.06
P01952,2025-02-05,188.0
P01952,2025-02-06,162.98
P01952,2025-02-07,159.51
P01953,2025-02-01,215.5
P01953,2025-02-02,199.97
P01953,2025-02-03,188.83
P01953,2025-02-04,196.43
P01953,2025-02-05,177.76
P01953,2025-02-06,174.11
P01953,2025-02-07,159.25
P01954,2025-02-01,64.91
P01954,2025-02-02,57.0
P01954,2025-02-03,51.29
P01954,2025-02-04,49.39
P01954,2025-02-05,43.25
P01954,2025-02-06,38.11
P01954,2025-02-07,37.69
P01955,2025-02-01,133.93
P01955,2025-02-02,134.26
P01955,2025-02-03,115.76
P01955,2025-02-04,116.97
P01955,2025-02-05,119.69
P01955,2025-02-06,117.56
P01955,2025-02-07,108.67
P01956,2025-02-01,55.8
P01956,2025-02-02,52.06
P01956,2025-02-03,45.89
P01956,2025-02-04,40.59
P01956,2025-02-05,42.1
P01956,2025-02-06,43.91
P01956,2025-02-07,43.84
P01957,2025-02-01,78.06
P01957,2025-02-02,79.0
P01957,2025-02-03,70.02
P01957,2025-02-04,71.83
P01957,2025-02-05,62.63
P01957,2025-02-06,55.27
P01957,2025-02-07,52.48
P01958,2025-02-01,213.59
P01958,2025-02-02,194.63
P01958,2025-02-03,189.78
P01958,2025-02-04,195.81
P01958,2025-02-05,176.82
P01958,2025-02-06,161.65
P01958,2025-02-07,162.73
P01959,2025-02-01,88.71
P01959,2025-02-02,81.29
P01959,2025-02-03,83.55
P01959,2025-02-04,71.59
P01959,2025-02-05,73.34
P01959,2025-02-06,75.74
P01959,2025-02-07,65.08
P01960,2025-02-01,133.28
P01960,2025-02-02,123.34
P01960,2025-02-03,119.6
P01960,2025-02-04,114.22
P01960,2025-02-05,100.7
P01960,2025-02-06,85.9
P01960,2025-02-07,88.43
P01961,2025-02-01,240.95
P01961,2025-02-02,209.25
P01961,2025-02-03,219.22
P01961,2025-02-04,191.27
P01961,2025-02-05,180.78
P01961,2025-02-06,189.22
P01961,2025-02-07,193.24
P01962,2025-02-01,251.21
P01962,2025-02-02,240.49
P01962,2025-02-03,210.88
P01962,2025-02-04,204.69
P01962,2025-02-05,200.06
P01962,2025-02-06,182.51
P01962,2025-02-07,172.27
P01963,2025-02-01,249.38
P01963,2025-02-02,257.01
P01963,2025-02-03,225.05
P01963,2025-02-04,220.84
P01963,2025-02-05,203.86
P01963,2025-02-06,198.3
P01963,2025-02-07,196.96
P01964,2025-02-01,32.43
P01964,2025-02-02,30.66
P01964,2025-02-03,30.65
P01964,2025-02-04,31.28
P01964,2025-02-05,27.82
P01964,2025-02-06,24.87
P01964,2025-02-07,21.79
P01965,2025-02-01,66.22
P01965,2025-02-02,68.77
P01965,2025-02-03,61.56
P01965,2025-02-04,53.34
P01965,2025-02-05,46.35
P01965,2025-02-06,43.14
P01965,2025-02-07,44.32
P01966,2025-02-01,25.38
P01966,2025-02-02,22.11
P01966,2025-02-03,19.79
P01966,2025-02-04,17.55
P01966,2025-02-05,17.23
P01966,2025-02-06,15.78
P01966,2025-02-07,16.49
P01967,2025-02-01,113.8
P01967,2025-02-02,111.94
P01967,2025-02-03,106.79
P01967,2025-02-04,103.1
P01967,2025-02-05,105.85
P01967,2025-02-06,106.06
P01967,2025-02-07,92.94
P01968,2025-02-01,21.28
P01968,2025-02-02,19.88
P01968,2025-02-03,19.53
P01968,2025-02-04,18.86
P01968,2025-02-05,19.56
P01968,2025-02-06,16.76
P01968,2025-02-07,17.28
P01969,2025-02-01,201.91
P01969,2025-02-02,187.17
P01969,2025-02-03,160.89
P01969,2025-02-04,143.12
P01969,2025-02-05,126.87
P01969,2025-02-06,111.47
P01969,2025-02-07,95.51
P01970,2025-02-01,30.65
P01970,2025-02-02,30.92
P01970,2025-02-03,27.28
P01970,2025-02-04,24.95
P01970,2025-02-05,24.06
P01970,2025-02-06,22.78
P01970,2025-02-07,20.93
P01971,2025-02-01,124.18
P01971,2025-02-02,121.17
P01971,2025-02-03,122.79
P01971,2025-02-04,118.55
P01971,2025-02-05,111.49
P01971,2025-02-06,99.56
P01971,2025-02-07,97.0
P01972,2025-02-01,80.72
P01972,2025-02-02,77.42
P01972,2025-02-03,67.63
P01972,2025-02-04,61.26
P01972,2025-02-05,61.49
P01972,2025-02-06,63.63
P01972,2025-02-07,58.38
P01973,2025-02-01,236.25
P01973,2025-02-02,242.98
P01973,2025-02-03,218.94
P01973,2025-02-04,221.44
P01973,2025-02-05,209.81
P01973,2025-02-06,201.37
P01973,2025-02-07,197.88
P01974,2025-02-01,24.07
P01974,2025-02-02,23.68
P01974,2025-02-03,21.75
P01974,2025-02-04,20.75
P01974,2025-02-05,17.9
P01974,2025-02-06,16.52
P01974,2025-02-07,16.16
P01975,2025-02-01,219.84
P01975,2025-02-02,229.28
P01975,2025-02-03,200.68
P01975,2025-02-04,179.69
P01975,2025-02-05,169.18
P01975,2025-02-06,147.56
P01975,2025-02-07,141.67
P01976,2025-02-01,165.12
P01976,2025-02-02,150.12
P01976,2025-02-03,153.82
P01976,2025-02-04,140.19
P01976,2025-02-05,131.39
P01976,2025-02-06,137.55
P01976,2025-02-07,119.2
P01977,2025-02-01,49.85
P01977,2025-02-02,51.02
P01977,2025-02-03,48.52
P01977,2025-02-04,45.1
P01977,2025-02-05,46.83
P01977,2025-02-06,49.16
P01977,2025-02-07,43.7
P01978,2025-02-01,162.64
P01978,2025-02-02,165.57
P01978,2025-02-03,148.08
P01978,2025-02-04,126.36
P01978,2025-02-05,125.94
P01978,2025-02-06,115.96
P01978,2025-02-07,112.5
P01979,2025-02-01,246.29
P01979,2025-02-02,216.82
P01979,2025-02-03,221.59
P01979,2025-02-04,211.62
P01979,2025-02-05,213.75
P01979,2025-02-06,197.19
P01979,2025-02-07,176.7
P01980,2025-02-01,64.43
P01980,2025-02-02,66.97
P01980,2025-02-03,64.03
P01980,2025-02-04,59.22
P01980,2025-02-05,51.52
P01980,2025-02-06,45.5
P01980,2025-02-07,44.45
P01981,2025-02-01,25.87
P01981,2025-02-02,25.19
P01981,2025-02-03,25.66
P01981,2025-02-04,25.67
P01981,2025-02-05,22.6
P01981,2025-02-06,23.47
P01981,2025-02-07,22.81
P01982,2025-02-01,57.89
P01982,2025-02-02,59.14
P01982,2025-02-03,53.56
P01982,2025-02-04,55.8
P01982,2025-02-05,58.02
P01982,2025-02-06,52.76
P01982,2025-02-07,54.35
P01983,2025-02-01,122.41
P01983,2025-02-02,127.85
P01983,2025-02-03,131.53
P01983,2025-02-04,124.11
P01983,2025-02-05,108.87
P01983,2025-02-06,112.97
P01983,2025-02-07,96.03
P01984,2025-02-01,30.79
P01984,2025-02-02,27.72
P01984,2025-02-03,26.64
P01984,2025-02-04,24.3
P01984,2025-02-05,25.14
P01984,2025-02-06,24.45
P01984,2025-02-07,25.47
P01985,2025-02-01,206.14
P01985,2025-02-02,177.66
P01985,2025-02-03,165.59
P01985,2025-02-04,145.51
P01985,2025-02-05,147.62
P01985,2025-02-06,148.05
P01985,2025-02-07,149.74
P01986,2025-02-01,18.1
P01986,2025-02-02,18.83
P01986,2025-02-03,16.92
P01986,2025-02-04,17.04
P01986,2025-02-05,16.69
P01986,2025-02-06,15.49
P01986,2025-02-07,13.77
P01987,2025-02-01,84.97
P01987,2025-02-02,86.4
P01987,2025-02-03,74.66
P01987,2025-02-04,77.85
P01987,2025-02-05,70.47
P01987,2025-02-06,72.48
P01987,2025-02-07,63.4
P01988,2025-02-01,117.3
P01988,2025-02-02,117.06
P01988,2025-02-03,121.61
P01988,2025-02-04,107.06
P01988,2025-02-05,100.49
P01988,2025-02-06,98.93
P01988,2025-02-07,99.14
P01989,2025-02-01,130.07
P01989,2025-02-02,110.84
P01989,2025-02-03,96.81
P01989,2025-02-04,88.31
P01989,2025-02-05,76.88
P01989,2025-02-06,75.01
P01989,2025-02-07,70.83
P01990,2025-02-01,64.81
P01990,2025-02-02,63.65
P01990,2025-02-03,57.91
P01990,2025-02-04,50.67
P01990,2025-02-05,50.6
P01990,2025-02-06,47.61
P01990,2025-02-07,41.14
P01991,2025-02-01,78.96
P01991,2025-02-02,82.58
P01991,2025-02-03,85.23
P01991,2025-02-04,78.26
P01991,2025-02-05,70.78
P01991,2025-02-06,74.15
P01991,2025-02-07,68.69
P01992,2025-02-01,187.81
P01992,2025-02-02,193.11
P01992,2025-02-03,168.5
P01992,2025-02-04,158.95
P01992,2025-02-05,153.7
P01992,2025-02-06,157.58
P01992,2025-02-07,155.73
P01993,2025-02-01,85.26
P01993,2025-02-02,86.02
P01993,2025-02-03,86.17
P01993,2025-02-04,77.12
P01993,2025-02-05,67.14
P01993,2025-02-06,70.46
P01993,2025-02-07,68.39
P01994,2025-02-01,234.2
P01994,2025-02-02,227.13
P01994,2025-02-03,209.53
P01994,2025-02-04,214.53
P01994,2025-02-05,210.88
P01994,2025-02-06,214.54
P01994,2025-02-07,223.69
P01995,2025-02-01,231.33
P01995,2025-02-02,216.14
P01995,2025-02-03,211.3
P01995,2025-02-04,216.17
P01995,2025-02-05,195.86
P01995,2025-02-06,194.84
P01995,2025-02-07,176.36
P01996,2025-02-01,203.19
P01996,2025-02-02,182.94
P01996,2025-02-03,174.08
P01996,2025-02-04,162.58
P01996,2025-02-05,165.39
P01996,2025-02-06,173.1
P01996,2025-02-07,150.01
P01997,2025-02-01,179.06
P01997,2025-02-02,155.82
P01997,2025-02-03,157.56
P01997,2025-02-04,141.58
P01997,2025-02-05,134.36
P01997,2025-02-06,130.09
P01997,2025-02-07,127.89
P01998,2025-02-01,187.39
P01998,2025-02-02,163.18
P01998,2025-02-03,164.19
P01998,2025-02-04,162.83
P01998,2025-02-05,156.66
P01998,2025-02-06,159.4
P01998,2025-02-07,147.47
P01999,2025-02-01,160.32
P01999,2025-02-02,152.91
P01999,2025-02-03,158.27
P01999,2025-02-04,146.64
P01999,2025-02-05,142.29
P01999,2025-02-06,137.75
P01999,2025-02-07,138.95
P02000,2025-02-01,263.24
P02000,2025-02-02,273.98
P02000,2025-02-03,264.42
P02000,2025-02-04,230.97
P02000,2025-02-05,231.62
P02000,2025-02-06,213.59
P02000,2025-02-07,210.28
P02001,2025-02-01,82.53
P02001,2025-02-02,85.07
P02001,2025-02-03,79.49
P02001,2025-02-04,73.83
P02001,2025-02-05,73.75
P02001,2025-02-06,67.81
P02001,2025-02-07,68.33
P02002,2025-02-01,34.24
P02002,2025-02-02,34.94
P02002,2025-02-03,33.71
P02002,2025-02-04,32.18
P02002,2025-02-05,33.4
P02002,2025-02-06,33.82
P02002,2025-02-07,33.0
P02003,2025-02-01,126.98
P02003,2025-02-02,127.68
P02003,2025-02-03,125.61
P02003,2025-02-04,107.41
P02003,2025-02-05,103.48
P02003,2025-02-06,88.46
P02003,2025-02-07,91.93
P02004,2025-02-01,196.45
P02004,2025-02-02,170.86
P02004,2025-02-03,176.69
P02004,2025-02-04,178.52
P02004,2025-02-05,177.77
P02004,2025-02-06,181.31
P02004,2025-02-07,163.31
P02005,2025-02-01,135.54
P02005,2025-02-02,137.39
P02005,2025-02-03,126.24
P02005,2025-02-04,131.88
P02005,2025-02-05,118.66
P02005,2025-02-06,111.45
P02005,2025-02-07,95.8
P02006,2025-02-01,210.15
P02006,2025-02-02,197.89
P02006,2025-02-03,207.43
P02006,2025-02-04,187.23
P02006,2025-02-05,188.86
P02006,2025-02-06,168.44
P02006,2025-02-07,169.14
P02007,2025-02-01,51.39
P02007,2025-02-02,49.31
P02007,2025-02-03,45.09
P02007,2025-02-04,41.95
P02007,2025-02-05,38.58
P02007,2025-02-06,39.09
P02007,2025-02-07,39.83
P02008,2025-02-01,165.54
P02008,2025-02-02,169.07
P02008,2025-02-03,155.0
P02008,2025-02-04,150.86
P02008,2025-02-05,150.55
P02008,2025-02-06,153.15
P02008,2025-02-07,137.15
P02009,2025-02-01,72.19
P02009,2025-02-02,73.33
P02009,2025-02-03,63.82
P02009,2025-02-04,63.46
P02009,2025-02-05,62.06
P02009,2025-02-06,56.64
P02009,2025-02-07,53.78
P02010,2025-02-01,172.82
P02010,2025-02-02,153.33
P02010,2025-02-03,142.07
P02010,2025-02-04,128.28
P02010,2025-02-05,127.19
P02010,2025-02-06,117.03
P02010,2025-02-07,118.34
P02011,2025-02-01,241.41
P02011,2025-02-02,248.45
P02011,2025-02-03,248.69
P02011,2025-02-04,259.1
P02011,2025-02-05,236.96
P02011,2025-02-06,206.7
P02011,2025-02-07,199.75
P02012,2025-02-01,81.83
P02012,2025-02-02,84.43
P02012,2025-02-03,83.59
P02012,2025-02-04,80.42
P02012,2025-02-05,80.53
P02012,2025-02-06,77.12
P02012,2025-02-07,71.69
P02013,2025-02-01,234.02
P02013,2025-02-02,231.48
P02013,2025-02-03,205.95
P02013,2025-02-04,178.79
P02013,2025-02-05,173.35
P02013,2025-02-06,177.75
P02013,2025-02-07,165.47
P02014,2025-02-01,62.17
P02014,2025-02-02,56.12
P02014,2025-02-03,55.74
P02014,2025-02-04,53.32
P02014,2025-02-05,49.55
P02014,2025-02-06,51.25
P02014,2025-02-07,44.62
P02015,2025-02-01,86.2
P02015,2025-02-02,89.75
P02015,2025-02-03,90.91
P02015,2025-02-04,93.41
P02015,2025-02-05,84.89
P02015,2025-02-06,81.84
P02015,2025-02-07,70.91
P02016,2025-02-01,164.66
P02016,2025-02-02,172.87
P02016,2025-02-03,162.24
P02016,2025-02-04,139.23
P02016,2025-02-05,133.6
P02016,2025-02-06,131.4
P02016,2025-02-07,118.89
P02017,2025-02-01,72.12
P02017,2025-02-02,68.43
P02017,2025-02-03,69.57
P02017,2025-02-04,72.82
P02017,2025-02-05,65.47
P02017,2025-02-06,58.61
P02017,2025-02-07,57.41
P02018,2025-02-01,102.26
P02018,2025-02-02,91.34
P02018,2025-02-03,77.87
P02018,2025-02-04,69.98
P02018,2025-02-05,59.77
P02018,2025-02-06,58.12
P02018,2025-02-07,59.14
P02019,2025-02-01,251.89
P02019,2025-02-02,234.99
P02019,2025-02-03,225.65
P02019,2025-02-04,217.44
P02019,2025-02-05,202.76
P02019,2025-02-06,206.73
P02019,2025-02-07,199.74
P02020,2025-02-01,82.02
P02020,2025-02-02,80.01
P02020,2025-02-03,82.23
P02020,2025-02-04,86.0
P02020,2025-02-05,85.94
P02020,2025-02-06,85.2
P02020,2025-02-07,89.15
P02021,2025-02-01,172.77
P02021,2025-02-02,174.62
P02021,2025-02-03,157.63
P02021,2025-02-04,145.66
P02021,2025-02-05,150.03
P02021,2025-02-06,155.64
P02021,2025-02-07,142.26
P02022,2025-02-01,145.89
P02022,2025-02-02,134.43
P02022,2025-02-03,140.02
P02022,2025-02-04,122.78
P02022,2025-02-05,125.48
P02022,2025-02-06,131.41
P02022,2025-02-07,118.19
P02023,2025-02-01,159.32
P02023,2025-02-02,152.57
P02023,2025-02-03,133.61
P02023,2025-02-04,139.78
P02023,2025-02-05,140.74
P02023,2025-02-06,133.91
P02023,2025-02-07,126.56
P02024,2025-02-01,232.28
P02024,2025-02-02,212.0
P02024,2025-02-03,214.43
P02024,2025-02-04,208.17
P02024,2025-02-05,206.93
P02024,2025-02-06,205.59
P02024,2025-02-07,201.27
P02025,2025-02-01,61.51
P02025,2025-02-02,59.1
P02025,2025-02-03,61.88
P02025,2025-02-04,58.36
P02025,2025-02-05,56.31
P02025,2025-02-06,48.46
P02025,2025-02-07,47.19
P02026,2025-02-01,39.07
P02026,2025-02-02,37.09
P02026,2025-02-03,34.76
P02026,2025-02-04,36.17
P02026,2025-02-05,31.98
P02026,2025-02-06,30.76
P02026,2025-02-07,29.58
P02027,2025-02-01,33.01
P02027,2025-02-02,28.44
P02027,2025-02-03,26.15
P02027,2025-02-04,26.76
P02027,2025-02-05,23.54
P02027,2025-02-06,23.22
P02027,2025-02-07,20.04
P02028,2025-02-01,105.09
P02028,2025-02-02,104.44
P02028,2025-02-03,100.68
P02028,2025-02-04,104.65
P02028,2025-02-05,104.18
P02028,2025-02-06,103.42
P02028,2025-02-07,98.06
P02029,2025-02-01,132.45
P02029,2025-02-02,131.24
P02029,2025-02-03,136.3
P02029,2025-02-04,142.74
P02029,2025-02-05,127.47
P02029,2025-02-06,119.88
P02029,2025-02-07,114.81
P02030,2025-02-01,88.05
P02030,2025-02-02,86.72
P02030,2025-02-03,79.44
P02030,2025-02-04,76.58
P02030,2025-02-05,78.51
P02030,2025-02-06,81.59
P02030,2025-02-07,71.71
P02031,2025-02-01,132.46
P02031,2025-02-02,126.89
P02031,2025-02-03,125.15
P02031,2025-02-04,114.25
P02031,2025-02-05,97.27
P02031,2025-02-06,94.54
P02031,2025-02-07,93.82
P02032,2025-02-01,45.8
P02032,2025-02-02,42.21
P02032,2025-02-03,36.89
P02032,2025-02-04,38.57
P02032,2025-02-05,37.52
P02032,2025-02-06,35.87
P02032,2025-02-07,35.73
P02033,2025-02-01,211.39
P02033,2025-02-02,210.65
P02033,2025-02-03,189.53
P02033,2025-02-04,183.9
P02033,2025-02-05,184.22
P02033,2025-02-06,163.19
P02033,2025-02-07,144.63
P02034,2025-02-01,122.34
P02034,2025-02-02,119.88
P02034,2025-02-03,113.77
P02034,2025-02-04,99.42
P02034,2025-02-05,86.28
P02034,2025-02-06,89.66
P02034,2025-02-07,86.5
P02035,2025-02-01,218.59
P02035,2025-02-02,227.29
P02035,2025-02-03,210.81
P02035,2025-02-04,196.37
P02035,2025-02-05,194.27
P02035,2025-02-06,170.51
P02035,2025-02-07,156.64
P02036,2025-02-01,12.97
P02036,2025-02-02,11.27
P02036,2025-02-03,10.38
P02036,2025-02-04,10.29
P02036,2025-02-05,10.56
P02036,2025-02-06,10.03
P02036,2025-02-07,8.9
P02037,2025-02-01,116.42
P02037,2025-02-02,108.3
P02037,2025-02-03,96.96
P02037,2025-02-04,101.53
P02037,2025-02-05,99.15
P02037,2025-02-06,91.01
P02037,2025-02-07,91.04
P02038,2025-02-01,175.81
P02038,2025-02-02,167.86
P02038,2025-02-03,143.37
P02038,2025-02-04,139.25
P02038,2025-02-05,145.71
P02038,2025-02-06,125.58
P02038,2025-02-07,116.11
P02039,2025-02-01,135.14
P02039,2025-02-02,119.42
P02039,2025-02-03,124.52
P02039,2025-02-04,119.02
P02039,2025-02-05,101.28
P02039,2025-02-06,93.88
P02039,2025-02-07,80.32
P02040,2025-02-01,79.78
P02040,2025-02-02,82.26
P02040,2025-02-03,79.19
P02040,2025-02-04,80.92
P02040,2025-02-05,84.25
P02040,2025-02-06,74.79
P02040,2025-02-07,72.86
P02041,2025-02-01,117.37
P02041,2025-02-02,104.03
P02041,2025-02-03,92.97
P02041,2025-02-04,85.44
P02041,2025-02-05,87.53
P02041,2025-02-06,90.38
P02041,2025-02-07,87.66
P02042,2025-02-01,227.64
P02042,2025-02-02,219.63
P02042,2025-02-03,225.84
P02042,2025-02-04,223.87
P02042,2025-02-05,229.68
P02042,2025-02-06,203.38
P02042,2025-02-07,178.93
P02043,2025-02-01,140.91
P02043,2025-02-02,142.85
P02043,2025-02-03,122.29
P02043,2025-02-04,104.89
P02043,2025-02-05,100.43
P02043,2025-02-06,104.61
P02043,2025-02-07,108.6
P02044,2025-02-01,198.28
P02044,2025-02-02,200.55
P02044,2025-02-03,182.97
P02044,2025-02-04,166.19
P02044,2025-02-05,152.86
P02044,2025-02-06,135.45
P02044,2025-02-07,129.18
P02045,2025-02-01,236.41
P02045,2025-02-02,243.51
P02045,2025-02-03,231.22
P02045,2025-02-04,224.45
P02045,2025-02-05,235.55
P02045,2025-02-06,243.56
P02045,2025-02-07,252.71
P02046,2025-02-01,157.97
P02046,2025-02-02,163.61
P02046,2025-02-03,157.0
P02046,2025-02-04,145.66
P02046,2025-02-05,136.86
P02046,2025-02-06,119.52
P02046,2025-02-07,114.85
P02047,2025-02-01,99.71
P02047,2025-02-02,91.5
P02047,2025-02-03,84.47
P02047,2025-02-04,75.84
P02047,2025-02-05,76.87
P02047,2025-02-06,68.24
P02047,2025-02-07,63.52
P02048,2025-02-01,139.01
P02048,2025-02-02,128.12
P02048,2025-02-03,132.39
P02048,2025-02-04,136.92
P02048,2025-02-05,138.59
P02048,2025-02-06,143.02
P02048,2025-02-07,141.81
P02049,2025-02-01,238.0
P02049,2025-02-02,242.24
P02049,2025-02-03,210.69
P02049,2025-02-04,200.99
P02049,2025-02-05,197.51
P02049,2025-02-06,180.55
P02049,2025-02-07,172.51
P02050,2025-02-01,242.42
P02050,2025-02-02,233.94
P02050,2025-02-03,223.74
P02050,2025-02-04,207.82
P02050,2025-02-05,199.36
P02050,2025-02-06,177.47
P02050,2025-02-07,162.22
P02051,2025-02-01,119.95
P02051,2025-02-02,112.7
P02051,2025-02-03,100.26
P02051,2025-02-04,104.16
P02051,2025-02-05,97.42
P02051,2025-02-06,91.29
P02051,2025-02-07,79.1
P02052,2025-02-01,107.43
P02052,2025-02-02,91.83
P02052,2025-02-03,79.97
P02052,2025-02-04,76.95
P02052,2025-02-05,74.79
P02052,2025-02-06,68.15
P02052,2025-02-07,71.45
P02053,2025-02-01,45.05
P02053,2025-02-02,45.24
P02053,2025-02-03,45.43
P02053,2025-02-04,44.97
P02053,2025-02-05,42.97
P02053,2025-02-06,36.88
P02053,2025-02-07,38.33
P02054,2025-02-01,253.5
P02054,2025-02-02,231.05
P02054,2025-02-03,223.54
P02054,2025-02-04,230.26
P02054,2025-02-05,220.72
P02054,2025-02-06,215.91
P02054,2025-02-07,215.45
P02055,2025-02-01,98.16
P02055,2025-02-02,93.93
P02055,2025-02-03,80.73
P02055,2025-02-04,73.51
P02055,2025-02-05,65.25
P02055,2025-02-06,68.05
P02055,2025-02-07,58.56
P02056,2025-02-01,101.85
P02056,2025-02-02,103.39
P02056,2025-02-03,105.95
P02056,2025-02-04,105.71
P02056,2025-02-05,100.93
P02056,2025-02-06,89.39
P02056,2025-02-07,82.61
P02057,2025-02-01,70.85
P02057,2025-02-02,70.13
P02057,2025-02-03,72.38
P02057,2025-02-04,62.95
P02057,2025-02-05,65.47
P02057,2025-02-06,67.33
P02057,2025-02-07,66.82
P02058,2025-02-01,227.54
P02058,2025-02-02,196.73
P02058,2025-02-03,175.23
P02058,2025-02-04,156.19
P02058,2025-02-05,152.77
P02058,2025-02-06,130.33
P02058,2025-02-07,134.82
P02059,2025-02-01,183.06
P02059,2025-02-02,163.14
P02059,2025-02-03,161.16
P02059,2025-02-04,166.78
P02059,2025-02-05,141.92
P02059,2025-02-06,127.46
P02059,2025-02-07,129.08
P02060,2025-02-01,203.86
P02060,2025-02-02,207.17
P02060,2025-02-03,216.88
P02060,2025-02-04,227.16
P02060,2025-02-05,230.64
P02060,2025-02-06,213.19
P02060,2025-02-07,216.93
P02061,2025-02-01,181.29
P02061,2025-02-02,155.72
P02061,2025-02-03,136.77
P02061,2025-02-04,122.99
P02061,2025-02-05,120.99
P02061,2025-02-06,124.18
P02061,2025-02-07,116.05
P02062,2025-02-01,66.9
P02062,2025-02-02,64.5
P02062,2025-02-03,65.97
P02062,2025-02-04,64.34
P02062,2025-02-05,57.33
P02062,2025-02-06,58.81
P02062,2025-02-07,58.65
P02063,2025-02-01,21.68
P02063,2025-02-02,19.61
P02063,2025-02-03,19.38
P02063,2025-02-04,18.08
P02063,2025-02-05,16.86
P02063,2025-02-06,15.27
P02063,2025-02-07,15.73
P02064,2025-02-01,254.33
P02064,2025-02-02,257.72
P02064,2025-02-03,244.23
P02064,2025-02-04,236.91
P02064,2025-02-05,231.06
P02064,2025-02-06,214.68
P02064,2025-02-07,212.36
P02065,2025-02-01,178.03
P02065,2025-02-02,167.32
P02065,2025-02-03,164.41
P02065,2025-02-04,147.08
P02065,2025-02-05,143.77
P02065,2025-02-06,125.52
P02065,2025-02-07,129.34
P02066,2025-02-01,231.29
P02066,2025-02-02,219.2
P02066,2025-02-03,194.36
P02066,2025-02-04,177.93
P02066,2025-02-05,184.82
P02066,2025-02-06,166.58
P02066,2025-02-07,164.28
P02067,2025-02-01,35.05
P02067,2025-02-02,36.32
P02067,2025-02-03,33.76
P02067,2025-02-04,32.32
P02067,2025-02-05,29.31
P02067,2025-02-06,28.26
P02067,2025-02-07,24.63
P02068,2025-02-01,141.61
P02068,2025-02-02,123.75
P02068,2025-02-03,125.55
P02068,2025-02-04,128.92
P02068,2025-02-05,134.08
P02068,2025-02-06,128.84
P02068,2025-02-07,122.35
P02069,2025-02-01,243.85
P02069,2025-02-02,213.47
P02069,2025-02-03,223.95
P02069,2025-02-04,211.36
P02069,2025-02-05,184.28
P02069,2025-02-06,165.06
P02069,2025-02-07,167.8
P02070,2025-02-01,53.5
P02070,2025-02-02,47.45
P02070,2025-02-03,47.57
P02070,2025-02-04,48.11
P02070,2025-02-05,43.22
P02070,2025-02-06,42.06
P02070,2025-02-07,39.44
P02071,2025-02-01,104.28
P02071,2025-02-02,91.62
P02071,2025-02-03,88.82
P02071,2025-02-04,76.23
P02071,2025-02-05,79.03
P02071,2025-02-06,79.3
P02071,2025-02-07,70.4
P02072,2025-02-01,170.75
P02072,2025-02-02,152.32
P02072,2025-02-03,139.16
P02072,2025-02-04,134.12
P02072,2025-02-05,139.45
P02072,2025-02-06,128.05
P02072,2025-02-07,133.18
P02073,2025-02-01,183.89
P02073,2025-02-02,190.21
P02073,2025-02-03,175.0
P02073,2025-02-04,155.77
P02073,2025-02-05,152.47
P02073,2025-02-06,141.53
P02073,2025-02-07,124.63
P02074,2025-02-01,155.41
P02074,2025-02-02,141.17
P02074,2025-02-03,121.79
P02074,2025-02-04,108.0
P02074,2025-02-05,96.0
P02074,2025-02-06,94.23
P02074,2025-02-07,88.37
P02075,2025-02-01,106.66
P02075,2025-02-02,109.25
P02075,2025-02-03,94.38
P02075,2025-02-04,84.86
P02075,2025-02-05,81.1
P02075,2025-02-06,77.97
P02075,2025-02-07,68.51
P02076,2025-02-01,207.17
P02076,2025-02-02,216.04
P02076,2025-02-03,186.08
P02076,2025-02-04,183.65
P02076,2025-02-05,171.16
P02076,2025-02-06,163.78
P02076,2025-02-07,159.48
P02077,2025-02-01,157.97
P02077,2025-02-02,139.64
P02077,2025-02-03,144.75
P02077,2025-02-04,133.76
P02077,2025-02-05,117.53
P02077,2025-02-06,102.34
P02077,2025-02-07,91.77
P02078,2025-02-01,233.29
P02078,2025-02-02,216.08
P02078,2025-02-03,207.99
P02078,2025-02-04,210.64
P02078,2025-02-05,211.43
P02078,2025-02-06,184.77
P02078,2025-02-07,165.35
P02079,2025-02-01,119.38
P02079,2025-02-02,116.47
P02079,2025-02-03,112.13
P02079,2025-02-04,96.97
P02079,2025-02-05,95.01
P02079,2025-02-06,98.07
P02079,2025-02-07,101.74
P02080,2025-02-01,78.07
P02080,2025-02-02,76.43
P02080,2025-02-03,69.28
P02080,2025-02-04,67.42
P02080,2025-02-05,63.37
P02080,2025-02-06,63.35
P02080,2025-02-07,62.5
P02081,2025-02-01,166.08
P02081,2025-02-02,161.52
P02081,2025-02-03,148.44
P02081,2025-02-04,155.51
P02081,2025-02-05,146.33
P02081,2025-02-06,151.29
P02081,2025-02-07,133.23
P02082,2025-02-01,182.61
P02082,2025-02-02,174.81
P02082,2025-02-03,161.18
P02082,2025-02-04,141.66
P02082,2025-02-05,138.46
P02082,2025-02-06,122.52
P02082,2025-02-07,127.85
P02083,2025-02-01,154.0
P02083,2025-02-02,161.67
P02083,2025-02-03,165.94
P02083,2025-02-04,153.26
P02083,2025-02-05,130.91
P02083,2025-02-06,132.36
P02083,2025-02-07,116.32
P02084,2025-02-01,145.62
P02084,2025-02-02,137.17
P02084,2025-02-03,136.09
P02084,2025-02-04,130.42
P02084,2025-02-05,116.78
P02084,2025-02-06,108.66
P02084,2025-02-07,110.62
P02085,2025-02-01,45.37
P02085,2025-02-02,41.77
P02085,2025-02-03,43.37
P02085,2025-02-04,40.52
P02085,2025-02-05,37.83
P02085,2025-02-06,37.7
P02085,2025-02-07,35.39
P02086,2025-02-01,105.59
P02086,2025-02-02,97.95
P02086,2025-02-03,90.38
P02086,2025-02-04,82.72
P02086,2025-02-05,76.91
P02086,2025-02-06,76.5
P02086,2025-02-07,68.18
P02087,2025-02-01,33.71
P02087,2025-02-02,30.12
P02087,2025-02-03,26.75
P02087,2025-02-04,23.78
P02087,2025-02-05,24.37
P02087,2025-02-06,23.93
P02087,2025-02-07,23.3
P02088,2025-02-01,168.79
P02088,2025-02-02,173.87
P02088,2025-02-03,166.85
P02088,2025-02-04,167.32
P02088,2025-02-05,155.88
P02088,2025-02-06,152.58
P02088,2025-02-07,136.21
P02089,2025-02-01,55.93
P02089,2025-02-02,49.12
P02089,2025-02-03,42.82
P02089,2025-02-04,41.98
P02089,2025-02-05,38.2
P02089,2025-02-06,38.83
P02089,2025-02-07,39.02
P02090,2025-02-01,191.0
P02090,2025-02-02,186.17
P02090,2025-02-03,160.14
P02090,2025-02-04,143.07
P02090,2025-02-05,137.4
P02090,2025-02-06,121.1
P02090,2025-02-07,112.24
P02091,2025-02-01,180.87
P02091,2025-02-02,172.46
P02091,2025-02-03,152.81
P02091,2025-02-04,143.43
P02091,2025-02-05,141.82
P02091,2025-02-06,131.49
P02091,2025-02-07,129.31
P02092,2025-02-01,220.69
P02092,2025-02-02,199.65
P02092,2025-02-03,199.49
P02092,2025-02-04,192.04
P02092,2025-02-05,169.22
P02092,2025-02-06,157.44
P02092,2025-02-07,158.44
P02093,2025-02-01,73.51
P02093,2025-02-02,65.39
P02093,2025-02-03,60.96
P02093,2025-02-04,57.53
P02093,2025-02-05,58.89
P02093,2025-02-06,51.59
P02093,2025-02-07,53.46
P02094,2025-02-01,111.69
P02094,2025-02-02,102.0
P02094,2025-02-03,105.73
P02094,2025-02-04,102.82
P02094,2025-02-05,102.52
P02094,2025-02-06,105.1
P02094,2025-02-07,103.55
P02095,2025-02-01,44.72
P02095,2025-02-02,45.05
P02095,2025-02-03,39.07
P02095,2025-02-04,33.28
P02095,2025-02-05,34.03
P02095,2025-02-06,29.28
P02095,2025-02-07,29.88
P02096,2025-02-01,165.9
P02096,2025-02-02,151.41
P02096,2025-02-03,156.01
P02096,2025-02-04,138.94
P02096,2025-02-05,122.28
P02096,2025-02-06,109.15
P02096,2025-02-07,111.13
P02097,2025-02-01,87.24
P02097,2025-02-02,80.49
P02097,2025-02-03,83.05
P02097,2025-02-04,80.28
P02097,2025-02-05,81.54
P02097,2025-02-06,77.06
P02097,2025-02-07,76.34
P02098,2025-02-01,108.93
P02098,2025-02-02,98.9
P02098,2025-02-03,86.07
P02098,2025-02-04,82.83
P02098,2025-02-05,85.33
P02098,2025-02-06,75.12
P02098,2025-02-07,70.09
P02099,2025-02-01,245.75
P02099,2025-02-02,235.05
P02099,2025-02-03,228.86
P02099,2025-02-04,201.78
P02099,2025-02-05,193.8
P02099,2025-02-06,182.93
P02099,2025-02-07,191.47
P02100,2025-02-01,109.76
P02100,2025-02-02,108.44
P02100,2025-02-03,111.77
P02100,2025-02-04,116.82
P02100,2025-02-05,114.81
P02100,2025-02-06,100.96
P02100,2025-02-07,94.8
P02101,2025-02-01,253.93
P02101,2025-02-02,254.22
P02101,2025-02-03,222.98
P02101,2025-02-04,206.52
P02101,2025-02-05,191.21
P02101,2025-02-06,169.05
P02101,2025-02-07,144.37
P02102,2025-02-01,155.41
P02102,2025-02-02,153.49
P02102,2025-02-03,155.58
P02102,2025-02-04,161.21
P02102,2025-02-05,155.89
P02102,2025-02-06,138.18
P02102,2025-02-07,142.16
P02103,2025-02-01,82.38
P02103,2025-02-02,86.01
P02103,2025-02-03,89.39
P02103,2025-02-04,86.11
P02103,2025-02-05,88.45
P02103,2025-02-06,92.66
P02103,2025-02-07,95.19
P02104,2025-02-01,146.79
P02104,2025-02-02,126.79
P02104,2025-02-03,111.19
P02104,2025-02-04,101.19
P02104,2025-02-05,93.98
P02104,2025-02-06,82.69
P02104,2025-02-07,86.71
P02105,2025-02-01,145.3
P02105,2025-02-02,146.49
P02105,2025-02-03,144.11
P02105,2025-02-04,150.21
P02105,2025-02-05,137.31
P02105,2025-02-06,136.25
P02105,2025-02-07,141.67
P02106,2025-02-01,99.53
P02106,2025-02-02,86.25
P02106,2025-02-03,83.71
P02106,2025-02-04,84.54
P02106,2025-02-05,72.13
P02106,2025-02-06,74.16
P02106,2025-02-07,69.23
P02107,2025-02-01,60.8
P02107,2025-02-02,53.74
P02107,2025-02-03,54.83
P02107,2025-02-04,48.71
P02107,2025-02-05,44.13
P02107,2025-02-06,42.1
P02107,2025-02-07,43.5
P02108,2025-02-01,86.68
P02108,2025-02-02,82.17
P02108,2025-02-03,84.73
P02108,2025-02-04,72.9
P02108,2025-02-05,65.45
P02108,2025-02-06,59.65
P02108,2025-02-07,56.06
P02109,2025-02-01,127.94
P02109,2025-02-02,119.83
P02109,2025-02-03,102.83
P02109,2025-02-04,102.83
P02109,2025-02-05,103.03
P02109,2025-02-06,97.01
P02109,2025-02-07,84.02
P02110,2025-02-01,96.81
P02110,2025-02-02,92.96
P02110,2025-02-03,81.45
P02110,2025-02-04,85.17
P02110,2025-02-05,83.03
P02110,2025-02-06,82.77
P02110,2025-02-07,70.67
P02111,2025-02-01,106.56
P02111,2025-02-02,98.69
P02111,2025-02-03,101.74
P02111,2025-02-04,94.21
P02111,2025-02-05,80.76
P02111,2025-02-06,79.5
P02111,2025-02-07,78.66
P02112,2025-02-01,129.38
P02112,2025-02-02,118.66
P02112,2025-02-03,119.92
P02112,2025-02-04,122.41
P02112,2025-02-05,123.25
P02112,2025-02-06,114.8
P02112,2025-02-07,105.44
P02113,2025-02-01,18.5
P02113,2025-02-02,19.21
P02113,2025-02-03,19.09
P02113,2025-02-04,18.34
P02113,2025-02-05,17.38
P02113,2025-02-06,15.7
P02113,2025-02-07,16.21
P02114,2025-02-01,59.24
P02114,2025-02-02,61.24
P02114,2025-02-03,53.09
P02114,2025-02-04,52.2
P02114,2025-02-05,47.7
P02114,2025-02-06,45.4
P02114,2025-02-07,39.62
P02115,2025-02-01,75.35
P02115,2025-02-02,76.27
P02115,2025-02-03,77.13
P02115,2025-02-04,67.21
P02115,2025-02-05,58.13
P02115,2025-02-06,53.75
P02115,2025-02-07,47.34
P02116,2025-02-01,55.13
P02116,2025-02-02,55.7
P02116,2025-02-03,56.02
P02116,2025-02-04,57.29
P02116,2025-02-05,48.81
P02116,2025-02-06,41.62
P02116,2025-02-07,42.09
P02117,2025-02-01,239.68
P02117,2025-02-02,245.44
P02117,2025-02-03,238.93
P02117,2025-02-04,210.56
P02117,2025-02-05,205.34
P02117,2025-02-06,210.32
P02117,2025-02-07,198.15
P02118,2025-02-01,120.13
P02118,2025-02-02,123.09
P02118,2025-02-03,123.98
P02118,2025-02-04,108.01
P02118,2025-02-05,94.44
P02118,2025-02-06,93.57
P02118,2025-02-07,83.27
P02119,2025-02-01,137.1
P02119,2025-02-02,136.99
P02119,2025-02-03,118.67
P02119,2025-02-04,103.05
P02119,2025-02-05,107.2
P02119,2025-02-06,91.2
P02119,2025-02-07,91.96
P02120,2025-02-01,236.43
P02120,2025-02-02,211.99
P02120,2025-02-03,182.31
P02120,2025-02-04,157.86
P02120,2025-02-05,144.3
P02120,2025-02-06,137.93
P02120,2025-02-07,130.37
P02121,2025-02-01,69.19
P02121,2025-02-02,61.54
P02121,2025-02-03,64.47
P02121,2025-02-04,62.61
P02121,2025-02-05,55.55
P02121,2025-02-06,50.42
P02121,2025-02-07,49.68
P02122,2025-02-01,31.37
P02122,2025-02-02,32.09
P02122,2025-02-03,27.67
P02122,2025-02-04,24.54
P02122,2025-02-05,20.89
P02122,2025-02-06,18.49
P02122,2025-02-07,16.45
P02123,2025-02-01,62.78
P02123,2025-02-02,55.17
P02123,2025-02-03,52.87
P02123,2025-02-04,55.23
P02123,2025-02-05,54.68
P02123,2025-02-06,54.16
P02123,2025-02-07,46.86
P02124,2025-02-01,55.89
P02124,2025-02-02,49.6
P02124,2025-02-03,45.35
P02124,2025-02-04,47.54
P02124,2025-02-05,41.95
P02124,2025-02-06,40.99
P02124,2025-02-07,39.7
P02125,2025-02-01,54.62
P02125,2025-02-02,53.0
P02125,2025-02-03,50.42
P02125,2025-02-04,45.74
P02125,2025-02-05,42.78
P02125,2025-02-06,43.42
P02125,2025-02-07,43.29
P02126,2025-02-01,36.96
P02126,2025-02-02,35.34
P02126,2025-02-03,34.67
P02126,2025-02-04,36.18
P02126,2025-02-05,32.57
P02126,2025-02-06,32.6
P02126,2025-02-07,28.13
P02127,2025-02-01,212.87
P02127,2025-02-02,183.61
P02127,2025-02-03,168.71
P02127,2025-02-04,168.13
P02127,2025-02-05,163.75
P02127,2025-02-06,165.97
P02127,2025-02-07,143.73
P02128,2025-02-01,195.12
P02128,2025-02-02,195.68
P02128,2025-02-03,194.35
P02128,2025-02-04,165.66
P02128,2025-02-05,165.47
P02128,2025-02-06,143.57
P02128,2025-02-07,138.92
P02129,2025-02-01,163.29
P02129,2025-02-02,168.72
P02129,2025-02-03,155.61
P02129,2025-02-04,153.47
P02129,2025-02-05,151.27
P02129,2025-02-06,130.57
P02129,2025-02-07,117.84
P02130,2025-02-01,226.83
P02130,2025-02-02,230.9
P02130,2025-02-03,217.08
P02130,2025-02-04,216.74
P02130,2025-02-05,205.06
P02130,2025-02-06,194.79
P02130,2025-02-07,195.31
P02131,2025-02-01,169.19
P02131,2025-02-02,154.42
P02131,2025-02-03,162.11
P02131,2025-02-04,143.96
P02131,2025-02-05,139.27
P02131,2025-02-06,119.57
P02131,2025-02-07,110.07
P02132,2025-02-01,178.14
P02132,2025-02-02,167.98
P02132,2025-02-03,158.29
P02132,2025-02-04,163.78
P02132,2025-02-05,166.94
P02132,2025-02-06,174.36
P02132,2025-02-07,164.37
P02133,2025-02-01,236.82
P02133,2025-02-02,243.88
P02133,2025-02-03,229.35
P02133,2025-02-04,201.46
P02133,2025-02-05,201.48
P02133,2025-02-06,188.17
P02133,2025-02-07,160.87
P02134,2025-02-01,26.11
P02134,2025-02-02,22.92
P02134,2025-02-03,20.93
P02134,2025-02-04,21.93
P02134,2025-02-05,21.41
P02134,2025-02-06,19.91
P02134,2025-02-07,16.98
P02135,2025-02-01,48.5
P02135,2025-02-02,48.9
P02135,2025-02-03,48.04
P02135,2025-02-04,42.49
P02135,2025-02-05,41.16
P02135,2025-02-06,36.5
P02135,2025-02-07,31.72
P02136,2025-02-01,46.34
P02136,2025-02-02,43.02
P02136,2025-02-03,37.86
P02136,2025-02-04,34.74
P02136,2025-02-05,29.68
P02136,2025-02-06,27.56
P02136,2025-02-07,25.1
P02137,2025-02-01,225.2
P02137,2025-02-02,234.44
P02137,2025-02-03,225.03
P02137,2025-02-04,201.53
P02137,2025-02-05,190.91
P02137,2025-02-06,189.91
P02137,2025-02-07,177.86
P02138,2025-02-01,189.75
P02138,2025-02-02,197.24
P02138,2025-02-03,173.96
P02138,2025-02-04,181.58
P02138,2025-02-05,156.51
P02138,2025-02-06,163.13
P02138,2025-02-07,140.84
P02139,2025-02-01,16.09
P02139,2025-02-02,14.72
P02139,2025-02-03,13.92
P02139,2025-02-04,12.64
P02139,2025-02-05,11.34
P02139,2025-02-06,11.78
P02139,2025-02-07,11.91
P02140,2025-02-01,157.37
P02140,2025-02-02,146.87
P02140,2025-02-03,125.22
P02140,2025-02-04,114.15
P02140,2025-02-05,100.65
P02140,2025-02-06,98.24
P02140,2025-02-07,96.94
P02141,2025-02-01,175.08
P02141,2025-02-02,163.84
P02141,2025-02-03,143.26
P02141,2025-02-04,125.48
P02141,2025-02-05,113.73
P02141,2025-02-06,113.16
P02141,2025-02-07,114.45
P02142,2025-02-01,205.31
P02142,2025-02-02,210.0
P02142,2025-02-03,194.02
P02142,2025-02-04,202.57
P02142,2025-02-05,174.74
P02142,2025-02-06,164.15
P02142,2025-02-07,153.22
P02143,2025-02-01,127.66
P02143,2025-02-02,113.86
P02143,2025-02-03,104.21
P02143,2025-02-04,93.44
P02143,2025-02-05,95.72
P02143,2025-02-06,87.35
P02143,2025-02-07,90.25
P02144,2025-02-01,49.91
P02144,2025-02-02,52.13
P02144,2025-02-03,52.51
P02144,2025-02-04,50.46
P02144,2025-02-05,48.72
P02144,2025-02-06,44.64
P02144,2025-02-07,39.68
P02145,2025-02-01,39.16
P02145,2025-02-02,34.28
P02145,2025-02-03,31.34
P02145,2025-02-04,30.6
P02145,2025-02-05,31.95
P02145,2025-02-06,28.62
P02145,2025-02-07,27.72
P02146,2025-02-01,84.58
P02146,2025-02-02,75.9
P02146,2025-02-03,76.96
P02146,2025-02-04,72.94
P02146,2025-02-05,68.85
P02146,2025-02-06,58.79
P02146,2025-02-07,55.98
P02147,2025-02-01,27.54
P02147,2025-02-02,23.94
P02147,2025-02-03,23.94
P02147,2025-02-04,23.33
P02147,2025-02-05,20.21
P02147,2025-02-06,19.16
P02147,2025-02-07,18.6
P02148,2025-02-01,85.22
P02148,2025-02-02,87.62
P02148,2025-02-03,91.27
P02148,2025-02-04,82.44
P02148,2025-02-05,77.49
P02148,2025-02-06,77.92
P02148,2025-02-07,78.56
P02149,2025-02-01,200.34
P02149,2025-02-02,181.36
P02149,2025-02-03,159.35
P02149,2025-02-04,162.47
P02149,2025-02-05,140.02
P02149,2025-02-06,125.92
P02149,2025-02-07,122.98
P02150,2025-02-01,44.05
P02150,2025-02-02,40.33
P02150,2025-02-03,40.93
P02150,2025-02-04,38.74
P02150,2025-02-05,34.06
P02150,2025-02-06,30.81
P02150,2025-02-07,28.16
P02151,2025-02-01,81.59
P02151,2025-02-02,85.43
P02151,2025-02-03,82.95
P02151,2025-02-04,79.4
P02151,2025-02-05,80.58
P02151,2025-02-06,78.9
P02151,2025-02-07,82.18
P02152,2025-02-01,243.89
P02152,2025-02-02,236.46
P02152,2025-02-03,206.68
P02152,2025-02-04,205.99
P02152,2025-02-05,205.39
P02152,2025-02-06,182.59
P02152,2025-02-07,184.37
P02153,2025-02-01,245.2
P02153,2025-02-02,222.27
P02153,2025-02-03,224.08
P02153,2025-02-04,209.42
P02153,2025-02-05,212.29
P02153,2025-02-06,180.91
P02153,2025-02-07,163.22
P02154,2025-02-01,147.08
P02154,2025-02-02,129.26
P02154,2025-02-03,110.52
P02154,2025-02-04,108.35
P02154,2025-02-05,108.62
P02154,2025-02-06,94.04
P02154,2025-02-07,88.68
P02155,2025-02-01,188.96
P02155,2025-02-02,195.0
P02155,2025-02-03,171.51
P02155,2025-02-04,167.25
P02155,2025-02-05,160.74
P02155,2025-02-06,155.72
P02155,2025-02-07,155.98
P02156,2025-02-01,73.34
P02156,2025-02-02,63.92
P02156,2025-02-03,57.83
P02156,2025-02-04,52.35
P02156,2025-02-05,51.89
P02156,2025-02-06,48.81
P02156,2025-02-07,43.08
P02157,2025-02-01,43.12
P02157,2025-02-02,37.76
P02157,2025-02-03,39.32
P02157,2025-02-04,34.4
P02157,2025-02-05,35.21
P02157,2025-02-06,33.82
P02157,2025-02-07,31.24
P02158,2025-02-01,236.19
P02158,2025-02-02,215.65
P02158,2025-02-03,214.38
P02158,2025-02-04,205.81
P02158,2025-02-05,200.82
P02158,2025-02-06,196.66
P02158,2025-02-07,182.72
P02159,2025-02-01,153.27
P02159,2025-02-02,140.29
P02159,2025-02-03,142.71
P02159,2025-02-04,122.29
P02159,2025-02-05,110.87
P02159,2025-02-06,106.78
P02159,2025-02-07,102.9
P02160,2025-02-01,239.53
P02160,2025-02-02,245.91
P02160,2025-02-03,211.77
P02160,2025-02-04,210.38
P02160,2025-02-05,184.37
P02160,2025-02-06,159.07
P02160,2025-02-07,137.37
P02161,2025-02-01,25.9
P02161,2025-02-02,22.8
P02161,2025-02-03,21.76
P02161,2025-02-04,22.59
P02161,2025-02-05,20.26
P02161,2025-02-06,20.28
P02161,2025-02-07,21.18
P02162,2025-02-01,250.44
P02162,2025-02-02,229.81
P02162,2025-02-03,214.3
P02162,2025-02-04,214.34
P02162,2025-02-05,203.3
P02162,2025-02-06,194.97
P02162,2025-02-07,186.18
P02163,2025-02-01,105.54
P02163,2025-02-02,103.26
P02163,2025-02-03,95.95
P02163,2025-02-04,84.53
P02163,2025-02-05,85.76
P02163,2025-02-06,86.86
P02163,2025-02-07,81.62
P02164,2025-02-01,19.23
P02164,2025-02-02,16.79
P02164,2025-02-03,17.33
P02164,2025-02-04,15.63
P02164,2025-02-05,14.03
P02164,2025-02-06,13.73
P02164,2025-02-07,13.2
P02165,2025-02-01,66.74
P02165,2025-02-02,57.43
P02165,2025-02-03,58.5
P02165,2025-02-04,52.36
P02165,2025-02-05,44.95
P02165,2025-02-06,40.18
P02165,2025-02-07,36.02
P02166,2025-02-01,160.73
P02166,2025-02-02,141.53
P02166,2025-02-03,144.94
P02166,2025-02-04,137.71
P02166,2025-02-05,125.95
P02166,2025-02-06,126.1
P02166,2025-02-07,124.09
P02167,2025-02-01,234.39
P02167,2025-02-02,200.13
P02167,2025-02-03,200.75
P02167,2025-02-04,190.4
P02167,2025-02-05,187.34
P02167,2025-02-06,185.36
P02167,2025-02-07,177.95
P02168,2025-02-01,49.9
P02168,2025-02-02,42.82
P02168,2025-02-03,41.45
P02168,2025-02-04,36.96
P02168,2025-02-05,35.72
P02168,2025-02-06,30.41
P02168,2025-02-07,30.12
P02169,2025-02-01,151.61
P02169,2025-02-02,146.5
P02169,2025-02-03,135.31
P02169,2025-02-04,139.33
P02169,2025-02-05,123.01
P02169,2025-02-06,109.79
P02169,2025-02-07,105.1
P02170,2025-02-01,177.83
P02170,2025-02-02,183.71
P02170,2025-02-03,183.5
P02170,2025-02-04,166.3
P02170,2025-02-05,159.86
P02170,2025-02-06,152.21
P02170,2025-02-07,134.25
P02171,2025-02-01,184.4
P02171,2025-02-02,164.17
P02171,2025-02-03,159.5
P02171,2025-02-04,146.25
P02171,2025-02-05,133.88
P02171,2025-02-06,120.77
P02171,2025-02-07,105.53
P02172,2025-02-01,197.57
P02172,2025-02-02,179.21
P02172,2025-02-03,153.36
P02172,2025-02-04,148.86
P02172,2025-02-05,145.92
P02172,2025-02-06,138.97
P02172,2025-02-07,129.4
P02173,2025-02-01,217.09
P02173,2025-02-02,192.55
P02173,2025-02-03,165.27
P02173,2025-02-04,167.08
P02173,2025-02-05,166.84
P02173,2025-02-06,170.99
P02173,2025-02-07,152.19
P02174,2025-02-01,44.42
P02174,2025-02-02,42.82
P02174,2025-02-03,42.8
P02174,2025-02-04,43.51
P02174,2025-02-05,42.85
P02174,2025-02-06,44.02
P02174,2025-02-07,44.62
P02175,2025-02-01,57.09
P02175,2025-02-02,52.65
P02175,2025-02-03,45.32
P02175,2025-02-04,44.2
P02175,2025-02-05,42.58
P02175,2025-02-06,43.72
P02175,2025-02-07,39.37
P02176,2025-02-01,197.1
P02176,2025-02-02,187.68
P02176,2025-02-03,171.16
P02176,2025-02-04,152.89
P02176,2025-02-05,135.49
P02176,2025-02-06,124.22
P02176,2025-02-07,118.0
P02177,2025-02-01,159.41
P02177,2025-02-02,158.45
P02177,2025-02-03,157.5
P02177,2025-02-04,148.3
P02177,2025-02-05,137.64
P02177,2025-02-06,137.75
P02177,2025-02-07,142.46
P02178,2025-02-01,62.7
P02178,2025-02-02,59.32
P02178,2025-02-03,57.5
P02178,2025-02-04,58.02
P02178,2025-02-05,57.06
P02178,2025-02-06,59.2
P02178,2025-02-07,51.24
P02179,2025-02-01,45.72
P02179,2025-02-02,39.84
P02179,2025-02-03,33.87
P02179,2025-02-04,29.0
P02179,2025-02-05,24.94
P02179,2025-02-06,21.25
P02179,2025-02-07,19.23
P02180,2025-02-01,60.44
P02180,2025-02-02,51.37
P02180,2025-02-03,48.24
P02180,2025-02-04,48.03
P02180,2025-02-05,50.06
P02180,2025-02-06,43.52
P02180,2025-02-07,40.2
P02181,2025-02-01,61.02
P02181,2025-02-02,59.75
P02181,2025-02-03,62.39
P02181,2025-02-04,62.29
P02181,2025-02-05,57.59
P02181,2025-02-06,52.18
P02181,2025-02-07,51.17
P02182,2025-02-01,181.74
P02182,2025-02-02,165.29
P02182,2025-02-03,141.65
P02182,2025-02-04,123.8
P02182,2025-02-05,108.74
P02182,2025-02-06,102.37
P02182,2025-02-07,106.1
P02183,2025-02-01,194.97
P02183,2025-02-02,204.07
P02183,2025-02-03,210.79
P02183,2025-02-04,184.24
P02183,2025-02-05,180.07
P02183,2025-02-06,187.36
P02183,2025-02-07,188.96
P02184,2025-02-01,44.33
P02184,2025-02-02,45.49
P02184,2025-02-03,47.15
P02184,2025-02-04,41.72
P02184,2025-02-05,36.4
P02184,2025-02-06,36.22
P02184,2025-02-07,34.08
P02185,2025-02-01,65.21
P02185,2025-02-02,66.99
P02185,2025-02-03,66.25
P02185,2025-02-04,59.93
P02185,2025-02-05,51.21
P02185,2025-02-06,49.3
P02185,2025-02-07,42.53
P02186,2025-02-01,158.84
P02186,2025-02-02,156.99
P02186,2025-02-03,140.21
P02186,2025-02-04,130.33
P02186,2025-02-05,120.62
P02186,2025-02-06,103.42
P02186,2025-02-07,96.85
P02187,2025-02-01,192.29
P02187,2025-02-02,181.36
P02187,2025-02-03,160.5
P02187,2025-02-04,136.85
P02187,2025-02-05,140.88
P02187,2025-02-06,138.25
P02187,2025-02-07,144.04
P02188,2025-02-01,146.96
P02188,2025-02-02,150.67
P02188,2025-02-03,149.46
P02188,2025-02-04,148.53
P02188,2025-02-05,132.27
P02188,2025-02-06,119.5
P02188,2025-02-07,117.62
P02189,2025-02-01,39.76
P02189,2025-02-02,41.46
P02189,2025-02-03,36.8
P02189,2025-02-04,36.36
P02189,2025-02-05,36.8
P02189,2025-02-06,38.61
P02189,2025-02-07,33.16
P02190,2025-02-01,160.22
P02190,2025-02-02,154.23
P02190,2025-02-03,157.53
P02190,2025-02-04,151.51
P02190,2025-02-05,150.08
P02190,2025-02-06,151.34
P02190,2025-02-07,150.3
P02191,2025-02-01,46.46
P02191,2025-02-02,46.39
P02191,2025-02-03,42.09
P02191,2025-02-04,36.52
P02191,2025-02-05,33.72
P02191,2025-02-06,34.2
P02191,2025-02-07,32.8
P02192,2025-02-01,236.07
P02192,2025-02-02,218.28
P02192,2025-02-03,224.91
P02192,2025-02-04,223.84
P02192,2025-02-05,214.47
P02192,2025-02-06,196.06
P02192,2025-02-07,191.72
P02193,2025-02-01,215.68
P02193,2025-02-02,200.88
P02193,2025-02-03,194.06
P02193,2025-02-04,179.39
P02193,2025-02-05,187.77
P02193,2025-02-06,188.42
P02193,2025-02-07,165.72
P02194,2025-02-01,29.71
P02194,2025-02-02,29.25
P02194,2025-02-03,30.07
P02194,2025-02-04,29.62
P02194,2025-02-05,27.59
P02194,2025-02-06,28.76
P02194,2025-02-07,24.94
P02195,2025-02-01,238.42
P02195,2025-02-02,214.73
P02195,2025-02-03,188.43
P02195,2025-02-04,195.01
P02195,2025-02-05,190.93
P02195,2025-02-06,179.5
P02195,2025-02-07,171.93
P02196,2025-02-01,231.15
P02196,2025-02-02,227.93
P02196,2025-02-03,234.3
P02196,2025-02-04,215.25
P02196,2025-02-05,222.5
P02196,2025-02-06,232.86
P02196,2025-02-07,204.69
P02197,2025-02-01,204.71
P02197,2025-02-02,187.99
P02197,2025-02-03,183.58
P02197,2025-02-04,183.39
P02197,2025-02-05,187.1
P02197,2025-02-06,180.5
P02197,2025-02-07,188.7
P02198,2025-02-01,250.25
P02198,2025-02-02,252.37
P02198,2025-02-03,256.14
P02198,2025-02-04,238.02
P02198,2025-02-05,241.52
P02198,2025-02-06,247.83
P02198,2025-02-07,259.75
P02199,2025-02-01,202.73
P02199,2025-02-02,194.38
P02199,2025-02-03,185.42
P02199,2025-02-04,178.95
P02199,2025-02-05,161.22
P02199,2025-02-06,154.79
P02199,2025-02-07,160.74
P02200,2025-02-01,56.38
P02200,2025-02-02,56.26
P02200,2025-02-03,55.52
P02200,2025-02-04,55.94
P02200,2025-02-05,53.02
P02200,2025-02-06,48.52
P02200,2025-02-07,49.36
P02201,2025-02-01,105.23
P02201,2025-02-02,97.3
P02201,2025-02-03,100.94
P02201,2025-02-04,96.36
P02201,2025-02-05,97.7
P02201,2025-02-06,87.33
P02201,2025-02-07,80.36
P02202,2025-02-01,79.19
P02202,2025-02-02,73.77
P02202,2025-02-03,73.79
P02202,2025-02-04,64.29
P02202,2025-02-05,62.88
P02202,2025-02-06,59.15
P02202,2025-02-07,60.15
P02203,2025-02-01,105.38
P02203,2025-02-02,108.44
P02203,2025-02-03,96.26
P02203,2025-02-04,81.83
P02203,2025-02-05,82.54
P02203,2025-02-06,78.49
P02203,2025-02-07,68.41
P02204,2025-02-01,190.88
P02204,2025-02-02,167.76
P02204,2025-02-03,145.02
P02204,2025-02-04,150.82
P02204,2025-02-05,135.49
P02204,2025-02-06,126.17
P02204,2025-02-07,128.07
P02205,2025-02-01,40.07
P02205,2025-02-02,38.4
P02205,2025-02-03,33.38
P02205,2025-02-04,33.81
P02205,2025-02-05,28.9
P02205,2025-02-06,24.74
P02205,2025-02-07,21.63
P02206,2025-02-01,196.79
P02206,2025-02-02,174.58
P02206,2025-02-03,175.49
P02206,2025-02-04,151.67
P02206,2025-02-05,136.61
P02206,2025-02-06,142.1
P02206,2025-02-07,132.78
P02207,2025-02-01,98.42
P02207,2025-02-02,90.69
P02207,2025-02-03,84.4
P02207,2025-02-04,83.52
P02207,2025-02-05,76.01
P02207,2025-02-06,70.5
P02207,2025-02-07,62.86
P02208,2025-02-01,111.6
P02208,2025-02-02,104.42
P02208,2025-02-03,101.07
P02208,2025-02-04,95.58
P02208,2025-02-05,93.0
P02208,2025-02-06,79.83
P02208,2025-02-07,75.7
P02209,2025-02-01,120.47
P02209,2025-02-02,103.16
P02209,2025-02-03,94.28
P02209,2025-02-04,80.72
P02209,2025-02-05,79.92
P02209,2025-02-06,81.7
P02209,2025-02-07,75.72
P02210,2025-02-01,112.68
P02210,2025-02-02,107.93
P02210,2025-02-03,93.86
P02210,2025-02-04,92.71
P02210,2025-02-05,90.3
P02210,2025-02-06,83.1
P02210,2025-02-07,86.78
P02211,2025-02-01,54.47
P02211,2025-02-02,51.64
P02211,2025-02-03,44.18
P02211,2025-02-04,37.89
P02211,2025-02-05,35.9
P02211,2025-02-06,37.02
P02211,2025-02-07,34.98
P02212,2025-02-01,111.19
P02212,2025-02-02,106.6
P02212,2025-02-03,92.38
P02212,2025-02-04,91.9
P02212,2025-02-05,91.27
P02212,2025-02-06,94.42
P02212,2025-02-07,88.84
P02213,2025-02-01,236.51
P02213,2025-02-02,236.47
P02213,2025-02-03,212.42
P02213,2025-02-04,222.36
P02213,2025-02-05,190.53
P02213,2025-02-06,173.76
P02213,2025-02-07,174.7
P02214,2025-02-01,69.55
P02214,2025-02-02,71.01
P02214,2025-02-03,63.43
P02214,2025-02-04,59.12
P02214,2025-02-05,50.37
P02214,2025-02-06,44.11
P02214,2025-02-07,45.1
P02215,2025-02-01,27.58
P02215,2025-02-02,27.75
P02215,2025-02-03,28.78
P02215,2025-02-04,27.02
P02215,2025-02-05,25.68
P02215,2025-02-06,24.21
P02215,2025-02-07,23.95
P02216,2025-02-01,70.19
P02216,2025-02-02,65.11
P02216,2025-02-03,67.39
P02216,2025-02-04,66.09
P02216,2025-02-05,56.82
P02216,2025-02-06,54.95
P02216,2025-02-07,54.38
P02217,2025-02-01,212.34
P02217,2025-02-02,201.34
P02217,2025-02-03,207.47
P02217,2025-02-04,188.52
P02217,2025-02-05,166.38
P02217,2025-02-06,151.08
P02217,2025-02-07,138.43
P02218,2025-02-01,196.29
P02218,2025-02-02,171.15
P02218,2025-02-03,150.78
P02218,2025-02-04,153.41
P02218,2025-02-05,136.51
P02218,2025-02-06,129.31
P02218,2025-02-07,110.06
P02219,2025-02-01,248.95
P02219,2025-02-02,250.23
P02219,2025-02-03,253.07
P02219,2025-02-04,260.94
P02219,2025-02-05,262.11
P02219,2025-02-06,225.09
P02219,2025-02-07,199.55
P02220,2025-02-01,121.3
P02220,2025-02-02,111.36
P02220,2025-02-03,109.87
P02220,2025-02-04,111.97
P02220,2025-02-05,100.3
P02220,2025-02-06,94.18
P02220,2025-02-07,93.25
P02221,2025-02-01,139.76
P02221,2025-02-02,144.28
P02221,2025-02-03,125.57
P02221,2025-02-04,110.23
P02221,2025-02-05,110.02
P02221,2025-02-06,114.35
P02221,2025-02-07,110.07
P02222,2025-02-01,123.32
P02222,2025-02-02,115.63
P02222,2025-02-03,106.77
P02222,2025-02-04,105.68
P02222,2025-02-05,90.26
P02222,2025-02-06,86.2
P02222,2025-02-07,85.23
P02223,2025-02-01,166.98
P02223,2025-02-02,163.13
P02223,2025-02-03,142.13
P02223,2025-02-04,134.27
P02223,2025-02-05,121.62
P02223,2025-02-06,116.93
P02223,2025-02-07,109.27
P02224,2025-02-01,30.72
P02224,2025-02-02,26.51
P02224,2025-02-03,23.93
P02224,2025-02-04,24.88
P02224,2025-02-05,22.93
P02224,2025-02-06,21.33
P02224,2025-02-07,22.05
P02225,2025-02-01,248.69
P02225,2025-02-02,256.48
P02225,2025-02-03,262.92
P02225,2025-02-04,229.85
P02225,2025-02-05,202.82
P02225,2025-02-06,195.54
P02225,2025-02-07,192.2
P02226,2025-02-01,117.66
P02226,2025-02-02,110.51
P02226,2025-02-03,115.96
P02226,2025-02-04,107.22
P02226,2025-02-05,96.78
P02226,2025-02-06,83.56
P02226,2025-02-07,84.23
P02227,2025-02-01,47.05
P02227,2025-02-02,41.74
P02227,2025-02-03,38.93
P02227,2025-02-04,37.45
P02227,2025-02-05,33.57
P02227,2025-02-06,29.52
P02227,2025-02-07,25.88
P02228,2025-02-01,177.21
P02228,2025-02-02,175.49
P02228,2025-02-03,149.56
P02228,2025-02-04,128.92
P02228,2025-02-05,129.9
P02228,2025-02-06,113.34
P02228,2025-02-07,111.43
P02229,2025-02-01,215.22
P02229,2025-02-02,208.14
P02229,2025-02-03,177.29
P02229,2025-02-04,181.91
P02229,2025-02-05,159.61
P02229,2025-02-06,165.06
P02229,2025-02-07,168.71
P02230,2025-02-01,195.51
P02230,2025-02-02,197.51
P02230,2025-02-03,175.34
P02230,2025-02-04,165.69
P02230,2025-02-05,156.7
P02230,2025-02-06,136.3
P02230,2025-02-07,126.43
P02231,2025-02-01,33.7
P02231,2025-02-02,32.91
P02231,2025-02-03,31.54
P02231,2025-02-04,31.88
P02231,2025-02-05,28.03
P02231,2025-02-06,24.54
P02231,2025-02-07,23.36
P02232,2025-02-01,62.78
P02232,2025-02-02,64.18
P02232,2025-02-03,55.43
P02232,2025-02-04,52.81
P02232,2025-02-05,55.32
P02232,2025-02-06,53.29
P02232,2025-02-07,47.93
P02233,2025-02-01,36.3
P02233,2025-02-02,36.32
P02233,2025-02-03,36.97
P02233,2025-02-04,34.1
P02233,2025-02-05,30.52
P02233,2025-02-06,27.54
P02233,2025-02-07,23.74
P02234,2025-02-01,238.98
P02234,2025-02-02,223.77
P02234,2025-02-03,229.17
P02234,2025-02-04,230.57
P02234,2025-02-05,197.26
P02234,2025-02-06,194.17
P02234,2025-02-07,201.19
P02235,2025-02-01,155.04
P02235,2025-02-02,143.9
P02235,2025-02-03,139.77
P02235,2025-02-04,143.04
P02235,2025-02-05,143.0
P02235,2025-02-06,125.19
P02235,2025-02-07,121.81
P02236,2025-02-01,140.67
P02236,2025-02-02,141.81
P02236,2025-02-03,145.75
P02236,2025-02-04,142.72
P02236,2025-02-05,142.87
P02236,2025-02-06,125.93
P02236,2025-02-07,122.13
P02237,2025-02-01,165.25
P02237,2025-02-02,149.97
P02237,2025-02-03,150.66
P02237,2025-02-04,141.1
P02237,2025-02-05,120.81
P02237,2025-02-06,104.29
P02237,2025-02-07,90.42
P02238,2025-02-01,69.63
P02238,2025-02-02,71.6
P02238,2025-02-03,62.94
P02238,2025-02-04,61.57
P02238,2025-02-05,56.88
P02238,2025-02-06,52.82
P02238,2025-02-07,49.8
P02239,2025-02-01,180.32
P02239,2025-02-02,182.37
P02239,2025-02-03,188.47
P02239,2025-02-04,171.64
P02239,2025-02-05,164.27
P02239,2025-02-06,150.38
P02239,2025-02-07,137.09
P02240,2025-02-01,168.84
P02240,2025-02-02,175.54
P02240,2025-02-03,167.16
P02240,2025-02-04,154.99
P02240,2025-02-05,158.75
P02240,2025-02-06,156.8
P02240,2025-02-07,155.08
P02241,2025-02-01,150.73
P02241,2025-02-02,155.96
P02241,2025-02-03,151.44
P02241,2025-02-04,148.74
P02241,2025-02-05,143.5
P02241,2025-02-06,135.44
P02241,2025-02-07,117.59
P02242,2025-02-01,140.51
P02242,2025-02-02,133.19
P02242,2025-02-03,122.33
P02242,2025-02-04,116.63
P02242,2025-02-05,113.86
P02242,2025-02-06,102.51
P02242,2025-02-07,92.63
P02243,2025-02-01,21.01
P02243,2025-02-02,19.0
P02243,2025-02-03,17.25
P02243,2025-02-04,16.43
P02243,2025-02-05,14.99
P02243,2025-02-06,15.46
P02243,2025-02-07,15.95
P02244,2025-02-01,197.98
P02244,2025-02-02,190.69
P02244,2025-02-03,175.38
P02244,2025-02-04,159.82
P02244,2025-02-05,162.24
P02244,2025-02-06,154.7
P02244,2025-02-07,144.23
P02245,2025-02-01,26.54
P02245,2025-02-02,23.96
P02245,2025-02-03,22.4
P02245,2025-02-04,21.99
P02245,2025-02-05,22.07
P02245,2025-02-06,22.69
P02245,2025-02-07,19.92
P02246,2025-02-01,152.29
P02246,2025-02-02,152.9
P02246,2025-02-03,138.99
P02246,2025-02-04,137.24
P02246,2025-02-05,126.58
P02246,2025-02-06,121.33
P02246,2025-02-07,110.92
P02247,2025-02-01,87.08
P02247,2025-02-02,87.92
P02247,2025-02-03,84.96
P02247,2025-02-04,75.16
P02247,2025-02-05,74.78
P02247,2025-02-06,76.67
P02247,2025-02-07,74.96
P02248,2025-02-01,90.53
P02248,2025-02-02,80.68
P02248,2025-02-03,81.32
P02248,2025-02-04,82.63
P02248,2025-02-05,73.26
P02248,2025-02-06,71.76
P02248,2025-02-07,68.13
P02249,2025-02-01,138.86
P02249,2025-02-02,124.85
P02249,2025-02-03,118.22
P02249,2025-02-04,106.89
P02249,2025-02-05,103.0
P02249,2025-02-06,98.62
P02249,2025-02-07,86.71
P02250,2025-02-01,51.97
P02250,2025-02-02,50.47
P02250,2025-02-03,45.45
P02250,2025-02-04,47.42
P02250,2025-02-05,48.02
P02250,2025-02-06,50.27
P02250,2025-02-07,42.76
P02251,2025-02-01,62.79
P02251,2025-02-02,55.74
P02251,2025-02-03,57.79
P02251,2025-02-04,59.85
P02251,2025-02-05,56.32
P02251,2025-02-06,59.03
P02251,2025-02-07,57.07
P02252,2025-02-01,148.49
P02252,2025-02-02,134.45
P02252,2025-02-03,129.54
P02252,2025-02-04,115.27
P02252,2025-02-05,99.16
P02252,2025-02-06,92.77
P02252,2025-02-07,97.07
P02253,2025-02-01,159.3
P02253,2025-02-02,154.37
P02253,2025-02-03,145.92
P02253,2025-02-04,135.32
P02253,2025-02-05,118.25
P02253,2025-02-06,104.8
P02253,2025-02-07,96.65
P02254,2025-02-01,97.34
P02254,2025-02-02,98.34
P02254,2025-02-03,84.66
P02254,2025-02-04,86.31
P02254,2025-02-05,78.15
P02254,2025-02-06,75.0
P02254,2025-02-07,67.78
P02255,2025-02-01,166.55
P02255,2025-02-02,167.68
P02255,2025-02-03,173.57
P02255,2025-02-04,171.37
P02255,2025-02-05,152.69
P02255,2025-02-06,157.01
P02255,2025-02-07,151.25
P02256,2025-02-01,89.96
P02256,2025-02-02,76.64
P02256,2025-02-03,70.32
P02256,2025-02-04,68.55
P02256,2025-02-05,62.07
P02256,2025-02-06,58.1
P02256,2025-02-07,52.06
P02257,2025-02-01,116.51
P02257,2025-02-02,113.44
P02257,2025-02-03,109.37
P02257,2025-02-04,98.8
P02257,2025-02-05,94.9
P02257,2025-02-06,96.62
P02257,2025-02-07,85.06
P02258,2025-02-01,199.48
P02258,2025-02-02,191.65
P02258,2025-02-03,175.04
P02258,2025-02-04,156.48
P02258,2025-02-05,158.22
P02258,2025-02-06,160.6
P02258,2025-02-07,143.03
P02259,2025-02-01,238.22
P02259,2025-02-02,231.85
P02259,2025-02-03,241.33
P02259,2025-02-04,209.53
P02259,2025-02-05,209.13
P02259,2025-02-06,218.69
P02259,2025-02-07,197.68
P02260,2025-02-01,230.08
P02260,2025-02-02,217.94
P02260,2025-02-03,189.42
P02260,2025-02-04,193.03
P02260,2025-02-05,172.61
P02260,2025-02-06,162.58
P02260,2025-02-07,143.58
P02261,2025-02-01,92.93
P02261,2025-02-02,82.22
P02261,2025-02-03,73.51
P02261,2025-02-04,64.06
P02261,2025-02-05,57.51
P02261,2025-02-06,52.43
P02261,2025-02-07,50.64
P02262,2025-02-01,234.27
P02262,2025-02-02,227.23
P02262,2025-02-03,210.72
P02262,2025-02-04,188.11
P02262,2025-02-05,163.67
P02262,2025-02-06,141.8
P02262,2025-02-07,140.73
P02263,2025-02-01,113.89
P02263,2025-02-02,106.89
P02263,2025-02-03,106.66
P02263,2025-02-04,98.86
P02263,2025-02-05,96.19
P02263,2025-02-06,89.08
P02263,2025-02-07,85.36
P02264,2025-02-01,101.96
P02264,2025-02-02,92.21
P02264,2025-02-03,94.64
P02264,2025-02-04,89.75
P02264,2025-02-05,90.46
P02264,2025-02-06,86.37
P02264,2025-02-07,78.98
P02265,2025-02-01,93.23
P02265,2025-02-02,88.55
P02265,2025-02-03,86.17
P02265,2025-02-04,87.69
P02265,2025-02-05,85.17
P02265,2025-02-06,78.75
P02265,2025-02-07,78.02
P02266,2025-02-01,222.78
P02266,2025-02-02,216.14
P02266,2025-02-03,213.93
P02266,2025-02-04,198.0
P02266,2025-02-05,199.51
P02266,2025-02-06,177.85
P02266,2025-02-07,162.35
P02267,2025-02-01,230.03
P02267,2025-02-02,214.16
P02267,2025-02-03,192.69
P02267,2025-02-04,174.99
P02267,2025-02-05,156.82
P02267,2025-02-06,152.13
P02267,2025-02-07,143.6
P02268,2025-02-01,202.24
P02268,2025-02-02,172.89
P02268,2025-02-03,179.3
P02268,2025-02-04,161.16
P02268,2025-02-05,159.47
P02268,2025-02-06,149.97
P02268,2025-02-07,151.47
P02269,2025-02-01,89.93
P02269,2025-02-02,83.43
P02269,2025-02-03,76.68
P02269,2025-02-04,71.02
P02269,2025-02-05,67.34
P02269,2025-02-06,66.99
P02269,2025-02-07,69.12
P02270,2025-02-01,47.23
P02270,2025-02-02,40.99
P02270,2025-02-03,36.93
P02270,2025-02-04,33.08
P02270,2025-02-05,30.54
P02270,2025-02-06,32.05
P02270,2025-02-07,30.31
P02271,2025-02-01,147.07
P02271,2025-02-02,129.97
P02271,2025-02-03,132.66
P02271,2025-02-04,129.87
P02271,2025-02-05,125.95
P02271,2025-02-06,127.46
P02271,2025-02-07,129.9
P02272,2025-02-01,71.45
P02272,2025-02-02,74.72
P02272,2025-02-03,68.96
P02272,2025-02-04,69.11
P02272,2025-02-05,59.99
P02272,2025-02-06,61.98
P02272,2025-02-07,53.83
P02273,2025-02-01,184.32
P02273,2025-02-02,182.3
P02273,2025-02-03,156.78
P02273,2025-02-04,135.75
P02273,2025-02-05,140.69
P02273,2025-02-06,132.34
P02273,2025-02-07,120.25
P02274,2025-02-01,62.66
P02274,2025-02-02,64.02
P02274,2025-02-03,57.98
P02274,2025-02-04,59.9
P02274,2025-02-05,53.66
P02274,2025-02-06,48.96
P02274,2025-02-07,46.71
P02275,2025-02-01,66.48
P02275,2025-02-02,59.59
P02275,2025-02-03,51.75
P02275,2025-02-04,44.53
P02275,2025-02-05,43.68
P02275,2025-02-06,43.98
P02275,2025-02-07,45.77
P02276,2025-02-01,248.94
P02276,2025-02-02,258.47
P02276,2025-02-03,228.79
P02276,2025-02-04,219.54
P02276,2025-02-05,227.97
P02276,2025-02-06,234.58
P02276,2025-02-07,210.48
P02277,2025-02-01,96.35
P02277,2025-02-02,97.46
P02277,2025-02-03,86.65
P02277,2025-02-04,86.0
P02277,2025-02-05,74.26
P02277,2025-02-06,64.63
P02277,2025-02-07,65.5
P02278,2025-02-01,177.07
P02278,2025-02-02,156.84
P02278,2025-02-03,137.21
P02278,2025-02-04,129.32
P02278,2025-02-05,129.6
P02278,2025-02-06,128.91
P02278,2025-02-07,113.51
P02279,2025-02-01,91.48
P02279,2025-02-02,94.81
P02279,2025-02-03,85.25
P02279,2025-02-04,72.61
P02279,2025-02-05,74.14
P02279,2025-02-06,74.38
P02279,2025-02-07,70.86
P02280,2025-02-01,128.27
P02280,2025-02-02,109.56
P02280,2025-02-03,104.18
P02280,2025-02-04,89.74
P02280,2025-02-05,78.7
P02280,2025-02-06,67.66
P02280,2025-02-07,59.62
P02281,2025-02-01,211.91
P02281,2025-02-02,185.73
P02281,2025-02-03,189.88
P02281,2025-02-04,193.08
P02281,2025-02-05,186.28
P02281,2025-02-06,168.74
P02281,2025-02-07,151.72
P02282,2025-02-01,77.91
P02282,2025-02-02,68.95
P02282,2025-02-03,60.12
P02282,2025-02-04,54.09
P02282,2025-02-05,52.9
P02282,2025-02-06,52.95
P02282,2025-02-07,45.72
P02283,2025-02-01,174.27
P02283,2025-02-02,161.28
P02283,2025-02-03,137.11
P02283,2025-02-04,129.18
P02283,2025-02-05,130.44
P02283,2025-02-06,128.55
P02283,2025-02-07,119.42
P02284,2025-02-01,242.99
P02284,2025-02-02,232.86
P02284,2025-02-03,216.74
P02284,2025-02-04,206.99
P02284,2025-02-05,215.77
P02284,2025-02-06,224.11
P02284,2025-02-07,206.36
P02285,2025-02-01,225.99
P02285,2025-02-02,219.46
P02285,2025-02-03,218.07
P02285,2025-02-04,218.04
P02285,2025-02-05,218.11
P02285,2025-02-06,208.23
P02285,2025-02-07,193.97
P02286,2025-02-01,235.12
P02286,2025-02-02,223.51
P02286,2025-02-03,212.32
P02286,2025-02-04,214.65
P02286,2025-02-05,191.33
P02286,2025-02-06,185.58
P02286,2025-02-07,171.38
P02287,2025-02-01,225.68
P02287,2025-02-02,205.3
P02287,2025-02-03,199.32
P02287,2025-02-04,185.86
P02287,2025-02-05,171.96
P02287,2025-02-06,159.02
P02287,2025-02-07,145.17
P02288,2025-02-01,24.93
P02288,2025-02-02,22.18
P02288,2025-02-03,18.92
P02288,2025-02-04,17.73
P02288,2025-02-05,17.33
P02288,2025-02-06,15.24
P02288,2025-02-07,15.59
P02289,2025-02-01,223.47
P02289,2025-02-02,225.28
P02289,2025-02-03,225.25
P02289,2025-02-04,220.7
P02289,2025-02-05,200.92
P02289,2025-02-06,180.61
P02289,2025-02-07,154.11
P02290,2025-02-01,19.94
P02290,2025-02-02,17.85
P02290,2025-02-03,16.74
P02290,2025-02-04,15.86
P02290,2025-02-05,14.96
P02290,2025-02-06,14.11
P02290,2025-02-07,14.48
P02291,2025-02-01,68.36
P02291,2025-02-02,64.44
P02291,2025-02-03,60.13
P02291,2025-02-04,51.73
P02291,2025-02-05,53.78
P02291,2025-02-06,55.36
P02291,2025-02-07,57.27
P02292,2025-02-01,69.39
P02292,2025-02-02,63.08
P02292,2025-02-03,54.29
P02292,2025-02-04,51.2
P02292,2025-02-05,47.48
P02292,2025-02-06,46.56
P02292,2025-02-07,43.61
P02293,2025-02-01,142.11
P02293,2025-02-02,137.8
P02293,2025-02-03,126.91
P02293,2025-02-04,120.88
P02293,2025-02-05,114.28
P02293,2025-02-06,118.48
P02293,2025-02-07,121.29
P02294,2025-02-01,161.54
P02294,2025-02-02,152.8
P02294,2025-02-03,140.65
P02294,2025-02-04,125.0
P02294,2025-02-05,129.3
P02294,2025-02-06,114.2
P02294,2025-02-07,119.73
P02295,2025-02-01,118.39
P02295,2025-02-02,104.09
P02295,2025-02-03,103.28
P02295,2025-02-04,93.36
P02295,2025-02-05,79.82
P02295,2025-02-06,71.34
P02295,2025-02-07,68.07
P02296,2025-02-01,136.95
P02296,2025-02-02,117.07
P02296,2025-02-03,108.95
P02296,2025-02-04,110.01
P02296,2025-02-05,103.64
P02296,2025-02-06,100.98
P02296,2025-02-07,91.59
P02297,2025-02-01,187.37
P02297,2025-02-02,161.17
P02297,2025-02-03,153.66
P02297,2025-02-04,134.4
P02297,2025-02-05,126.02
P02297,2025-02-06,119.4
P02297,2025-02-07,119.73
P02298,2025-02-01,247.57
P02298,2025-02-02,212.22
P02298,2025-02-03,213.46
P02298,2025-02-04,212.55
P02298,2025-02-05,204.74
P02298,2025-02-06,176.78
P02298,2025-02-07,184.49
P02299,2025-02-01,151.34
P02299,2025-02-02,156.88
P02299,2025-02-03,145.21
P02299,2025-02-04,142.61
P02299,2025-02-05,133.76
P02299,2025-02-06,133.03
P02299,2025-02-07,120.18
P02300,2025-02-01,182.07
P02300,2025-02-02,159.94
P02300,2025-02-03,165.22
P02300,2025-02-04,143.52
P02300,2025-02-05,133.01
P02300,2025-02-06,123.55
P02300,2025-02-07,106.05
P02301,2025-02-01,226.61
P02301,2025-02-02,206.35
P02301,2025-02-03,214.75
P02301,2025-02-04,190.89
P02301,2025-02-05,183.99
P02301,2025-02-06,171.76
P02301,2025-02-07,174.37
P02302,2025-02-01,188.05
P02302,2025-02-02,165.55
P02302,2025-02-03,158.83
P02302,2025-02-04,143.11
P02302,2025-02-05,147.86
P02302,2025-02-06,125.7
P02302,2025-02-07,108.51
P02303,2025-02-01,80.9
P02303,2025-02-02,82.66
P02303,2025-02-03,74.65
P02303,2025-02-04,70.66
P02303,2025-02-05,60.99
P02303,2025-02-06,57.55
P02303,2025-02-07,60.21
P02304,2025-02-01,218.17
P02304,2025-02-02,225.8
P02304,2025-02-03,214.22
P02304,2025-02-04,185.51
P02304,2025-02-05,174.74
P02304,2025-02-06,179.96
P02304,2025-02-07,175.17
P02305,2025-02-01,76.12
P02305,2025-02-02,79.61
P02305,2025-02-03,81.21
P02305,2025-02-04,84.55
P02305,2025-02-05,76.23
P02305,2025-02-06,73.31
P02305,2025-02-07,75.35
P02306,2025-02-01,113.18
P02306,2025-02-02,114.64
P02306,2025-02-03,105.02
P02306,2025-02-04,103.23
P02306,2025-02-05,98.62
P02306,2025-02-06,97.0
P02306,2025-02-07,98.66
P02307,2025-02-01,215.65
P02307,2025-02-02,208.74
P02307,2025-02-03,205.93
P02307,2025-02-04,208.24
P02307,2025-02-05,209.42
P02307,2025-02-06,188.28
P02307,2025-02-07,190.73
P02308,2025-02-01,163.23
P02308,2025-02-02,152.91
P02308,2025-02-03,138.3
P02308,2025-02-04,143.55
P02308,2025-02-05,130.65
P02308,2025-02-06,136.47
P02308,2025-02-07,143.06
P02309,2025-02-01,65.6
P02309,2025-02-02,56.43
P02309,2025-02-03,54.64
P02309,2025-02-04,55.2
P02309,2025-02-05,49.76
P02309,2025-02-06,50.5
P02309,2025-02-07,48.53
P02310,2025-02-01,127.89
P02310,2025-02-02,130.31
P02310,2025-02-03,116.47
P02310,2025-02-04,121.27
P02310,2025-02-05,114.34
P02310,2025-02-06,100.69
P02310,2025-02-07,87.57
P02311,2025-02-01,157.91
P02311,2025-02-02,151.35
P02311,2025-02-03,139.64
P02311,2025-02-04,139.43
P02311,2025-02-05,130.21
P02311,2025-02-06,119.3
P02311,2025-02-07,103.34
P02312,2025-02-01,86.25
P02312,2025-02-02,76.11
P02312,2025-02-03,72.02
P02312,2025-02-04,74.59
P02312,2025-02-05,64.39
P02312,2025-02-06,58.77
P02312,2025-02-07,60.41
P02313,2025-02-01,240.73
P02313,2025-02-02,225.59
P02313,2025-02-03,228.53
P02313,2025-02-04,201.29
P02313,2025-02-05,190.15
P02313,2025-02-06,162.79
P02313,2025-02-07,168.9
P02314,2025-02-01,102.21
P02314,2025-02-02,89.3
P02314,2025-02-03,80.11
P02314,2025-02-04,82.18
P02314,2025-02-05,77.94
P02314,2025-02-06,81.19
P02314,2025-02-07,78.57
P02315,2025-02-01,253.56
P02315,2025-02-02,236.08
P02315,2025-02-03,240.78
P02315,2025-02-04,218.46
P02315,2025-02-05,212.37
P02315,2025-02-06,187.52
P02315,2025-02-07,165.36
P02316,2025-02-01,190.63
P02316,2025-02-02,174.51
P02316,2025-02-03,161.49
P02316,2025-02-04,139.94
P02316,2025-02-05,121.25
P02316,2025-02-06,122.37
P02316,2025-02-07,104.22
P02317,2025-02-01,67.7
P02317,2025-02-02,64.86
P02317,2025-02-03,61.52
P02317,2025-02-04,53.43
P02317,2025-02-05,55.78
P02317,2025-02-06,56.43
P02317,2025-02-07,55.28
P02318,2025-02-01,18.29
P02318,2025-02-02,19.17
P02318,2025-02-03,16.3
P02318,2025-02-04,14.43
P02318,2025-02-05,12.65
P02318,2025-02-06,13.24
P02318,2025-02-07,12.23
P02319,2025-02-01,71.87
P02319,2025-02-02,70.95
P02319,2025-02-03,72.04
P02319,2025-02-04,66.38
P02319,2025-02-05,64.02
P02319,2025-02-06,54.93
P02319,2025-02-07,56.5
P02320,2025-02-01,50.0
P02320,2025-02-02,45.8
P02320,2025-02-03,39.29
P02320,2025-02-04,37.98
P02320,2025-02-05,39.79
P02320,2025-02-06,38.71
P02320,2025-02-07,39.26
P02321,2025-02-01,31.24
P02321,2025-02-02,27.76
P02321,2025-02-03,24.54
P02321,2025-02-04,22.78
P02321,2025-02-05,23.89
P02321,2025-02-06,20.82
P02321,2025-02-07,20.17
P02322,2025-02-01,186.1
P02322,2025-02-02,181.09
P02322,2025-02-03,172.98
P02322,2025-02-04,175.81
P02322,2025-02-05,159.44
P02322,2025-02-06,137.59
P02322,2025-02-07,133.63
P02323,2025-02-01,77.46
P02323,2025-02-02,69.87
P02323,2025-02-03,68.38
P02323,2025-02-04,67.7
P02323,2025-02-05,58.85
P02323,2025-02-06,57.16
P02323,2025-02-07,56.46
P02324,2025-02-01,229.93
P02324,2025-02-02,196.91
P02324,2025-02-03,200.93
P02324,2025-02-04,197.51
P02324,2025-02-05,195.33
P02324,2025-02-06,197.68
P02324,2025-02-07,182.21
P02325,2025-02-01,106.71
P02325,2025-02-02,101.56
P02325,2025-02-03,92.29
P02325,2025-02-04,91.47
P02325,2025-02-05,85.09
P02325,2025-02-06,86.06
P02325,2025-02-07,77.2
P02326,2025-02-01,83.04
P02326,2025-02-02,86.94
P02326,2025-02-03,79.28
P02326,2025-02-04,72.57
P02326,2025-02-05,65.18
P02326,2025-02-06,57.34
P02326,2025-02-07,50.52
P02327,2025-02-01,156.85
P02327,2025-02-02,135.81
P02327,2025-02-03,131.4
P02327,2025-02-04,114.78
P02327,2025-02-05,100.03
P02327,2025-02-06,94.01
P02327,2025-02-07,82.72
P02328,2025-02-01,23.74
P02328,2025-02-02,20.53
P02328,2025-02-03,20.61
P02328,2025-02-04,20.35
P02328,2025-02-05,19.66
P02328,2025-02-06,19.54
P02328,2025-02-07,18.31
P02329,2025-02-01,204.04
P02329,2025-02-02,178.44
P02329,2025-02-03,174.67
P02329,2025-02-04,181.4
P02329,2025-02-05,174.22
P02329,2025-02-06,168.56
P02329,2025-02-07,174.88
P02330,2025-02-01,24.11
P02330,2025-02-02,21.51
P02330,2025-02-03,20.32
P02330,2025-02-04,17.41
P02330,2025-02-05,15.34
P02330,2025-02-06,13.63
P02330,2025-02-07,11.77
P02331,2025-02-01,216.83
P02331,2025-02-02,185.67
P02331,2025-02-03,189.5
P02331,2025-02-04,170.63
P02331,2025-02-05,151.4
P02331,2025-02-06,143.76
P02331,2025-02-07,141.12
P02332,2025-02-01,167.21
P02332,2025-02-02,155.42
P02332,2025-02-03,154.15
P02332,2025-02-04,141.0
P02332,2025-02-05,123.6
P02332,2025-02-06,113.14
P02332,2025-02-07,118.04
P02333,2025-02-01,122.58
P02333,2025-02-02,114.55
P02333,2025-02-03,104.58
P02333,2025-02-04,108.04
P02333,2025-02-05,104.08
P02333,2025-02-06,103.04
P02333,2025-02-07,87.74
P02334,2025-02-01,228.68
P02334,2025-02-02,230.2
P02334,2025-02-03,239.61
P02334,2025-02-04,223.59
P02334,2025-02-05,211.82
P02334,2025-02-06,221.92
P02334,2025-02-07,195.21
P02335,2025-02-01,246.12
P02335,2025-02-02,252.73
P02335,2025-02-03,226.95
P02335,2025-02-04,220.32
P02335,2025-02-05,229.44
P02335,2025-02-06,236.66
P02335,2025-02-07,235.28
P02336,2025-02-01,219.08
P02336,2025-02-02,204.53
P02336,2025-02-03,205.38
P02336,2025-02-04,200.51
P02336,2025-02-05,198.96
P02336,2025-02-06,200.96
P02336,2025-02-07,185.81
P02337,2025-02-01,94.74
P02337,2025-02-02,80.58
P02337,2025-02-03,76.27
P02337,2025-02-04,77.4
P02337,2025-02-05,73.55
P02337,2025-02-06,65.62
P02337,2025-02-07,60.14
P02338,2025-02-01,19.43
P02338,2025-02-02,19.08
P02338,2025-02-03,19.03
P02338,2025-02-04,18.1
P02338,2025-02-05,17.31
P02338,2025-02-06,17.79
P02338,2025-02-07,18.66
P02339,2025-02-01,167.83
P02339,2025-02-02,163.21
P02339,2025-02-03,158.71
P02339,2025-02-04,148.71
P02339,2025-02-05,154.65
P02339,2025-02-06,156.21
P02339,2025-02-07,146.99
P02340,2025-02-01,91.67
P02340,2025-02-02,91.1
P02340,2025-02-03,87.4
P02340,2025-02-04,83.71
P02340,2025-02-05,83.81
P02340,2025-02-06,71.98
P02340,2025-02-07,65.97
P02341,2025-02-01,43.01
P02341,2025-02-02,40.06
P02341,2025-02-03,39.07
P02341,2025-02-04,39.4
P02341,2025-02-05,37.23
P02341,2025-02-06,38.18
P02341,2025-02-07,39.55
P02342,2025-02-01,145.11
P02342,2025-02-02,149.87
P02342,2025-02-03,145.64
P02342,2025-02-04,130.52
P02342,2025-02-05,119.17
P02342,2025-02-06,115.38
P02342,2025-02-07,108.44
P02343,2025-02-01,139.14
P02343,2025-02-02,126.63
P02343,2025-02-03,124.15
P02343,2025-02-04,106.49
P02343,2025-02-05,95.4
P02343,2025-02-06,98.35
P02343,2025-02-07,88.6
P02344,2025-02-01,117.68
P02344,2025-02-02,106.27
P02344,2025-02-03,101.61
P02344,2025-02-04,87.19
P02344,2025-02-05,90.71
P02344,2025-02-06,85.25
P02344,2025-02-07,79.23
P02345,2025-02-01,23.48
P02345,2025-02-02,21.98
P02345,2025-02-03,22.9
P02345,2025-02-04,23.14
P02345,2025-02-05,20.94
P02345,2025-02-06,21.21
P02345,2025-02-07,20.35
P02346,2025-02-01,191.22
P02346,2025-02-02,178.48
P02346,2025-02-03,169.62
P02346,2025-02-04,176.49
P02346,2025-02-05,178.07
P02346,2025-02-06,174.15
P02346,2025-02-07,158.69
P02347,2025-02-01,80.85
P02347,2025-02-02,78.43
P02347,2025-02-03,67.47
P02347,2025-02-04,70.69
P02347,2025-02-05,63.1
P02347,2025-02-06,61.98
P02347,2025-02-07,56.25
P02348,2025-02-01,140.4
P02348,2025-02-02,122.59
P02348,2025-02-03,109.96
P02348,2025-02-04,115.22
P02348,2025-02-05,110.86
P02348,2025-02-06,101.52
P02348,2025-02-07,97.36
P02349,2025-02-01,194.54
P02349,2025-02-02,173.15
P02349,2025-02-03,170.9
P02349,2025-02-04,147.99
P02349,2025-02-05,144.94
P02349,2025-02-06,150.64
P02349,2025-02-07,128.67
P02350,2025-02-01,24.69
P02350,2025-02-02,21.63
P02350,2025-02-03,21.63
P02350,2025-02-04,19.5
P02350,2025-02-05,19.14
P02350,2025-02-06,18.84
P02350,2025-02-07,17.58
P02351,2025-02-01,161.77
P02351,2025-02-02,166.82
P02351,2025-02-03,148.61
P02351,2025-02-04,131.19
P02351,2025-02-05,114.07
P02351,2025-02-06,118.22
P02351,2025-02-07,107.8
P02352,2025-02-01,251.42
P02352,2025-02-02,240.98
P02352,2025-02-03,231.28
P02352,2025-02-04,199.76
P02352,2025-02-05,209.06
P02352,2025-02-06,214.21
P02352,2025-02-07,218.62
P02353,2025-02-01,218.91
P02353,2025-02-02,186.22
P02353,2025-02-03,167.21
P02353,2025-02-04,168.17
P02353,2025-02-05,169.66
P02353,2025-02-06,176.26
P02353,2025-02-07,183.84
P02354,2025-02-01,100.02
P02354,2025-02-02,87.28
P02354,2025-02-03,82.07
P02354,2025-02-04,71.75
P02354,2025-02-05,71.98
P02354,2025-02-06,72.41
P02354,2025-02-07,68.29
P02355,2025-02-01,167.05
P02355,2025-02-02,146.07
P02355,2025-02-03,143.67
P02355,2025-02-04,130.12
P02355,2025-02-05,112.77
P02355,2025-02-06,113.65
P02355,2025-02-07,104.63
P02356,2025-02-01,225.29
P02356,2025-02-02,208.97
P02356,2025-02-03,185.54
P02356,2025-02-04,192.77
P02356,2025-02-05,191.82
P02356,2025-02-06,197.99
P02356,2025-02-07,192.86
P02357,2025-02-01,101.99
P02357,2025-02-02,106.47
P02357,2025-02-03,106.82
P02357,2025-02-04,111.99
P02357,2025-02-05,98.83
P02357,2025-02-06,90.77
P02357,2025-02-07,86.63
P02358,2025-02-01,212.45
P02358,2025-02-02,209.88
P02358,2025-02-03,186.55
P02358,2025-02-04,195.55
P02358,2025-02-05,195.84
P02358,2025-02-06,180.23
P02358,2025-02-07,165.46
P02359,2025-02-01,122.42
P02359,2025-02-02,113.59
P02359,2025-02-03,113.74
P02359,2025-02-04,99.03
P02359,2025-02-05,94.32
P02359,2025-02-06,95.49
P02359,2025-02-07,85.22
P02360,2025-02-01,128.1
P02360,2025-02-02,113.76
P02360,2025-02-03,111.2
P02360,2025-02-04,111.72
P02360,2025-02-05,111.67
P02360,2025-02-06,96.41
P02360,2025-02-07,101.1
P02361,2025-02-01,58.13
P02361,2025-02-02,52.05
P02361,2025-02-03,51.08
P02361,2025-02-04,52.74
P02361,2025-02-05,50.04
P02361,2025-02-06,50.25
P02361,2025-02-07,46.6
P02362,2025-02-01,240.5
P02362,2025-02-02,235.33
P02362,2025-02-03,209.4
P02362,2025-02-04,179.75
P02362,2025-02-05,169.07
P02362,2025-02-06,143.84
P02362,2025-02-07,132.49
P02363,2025-02-01,189.97
P02363,2025-02-02,199.0
P02363,2025-02-03,206.32
P02363,2025-02-04,202.14
P02363,2025-02-05,188.62
P02363,2025-02-06,191.92
P02363,2025-02-07,200.35
P02364,2025-02-01,100.03
P02364,2025-02-02,102.27
P02364,2025-02-03,88.67
P02364,2025-02-04,90.32
P02364,2025-02-05,87.51
P02364,2025-02-06,84.21
P02364,2025-02-07,73.54
P02365,2025-02-01,56.8
P02365,2025-02-02,49.82
P02365,2025-02-03,47.27
P02365,2025-02-04,49.6
P02365,2025-02-05,49.36
P02365,2025-02-06,45.32
P02365,2025-02-07,44.19
P02366,2025-02-01,245.94
P02366,2025-02-02,210.65
P02366,2025-02-03,214.24
P02366,2025-02-04,195.69
P02366,2025-02-05,178.55
P02366,2025-02-06,181.13
P02366,2025-02-07,164.59
P02367,2025-02-01,51.74
P02367,2025-02-02,52.86
P02367,2025-02-03,45.51
P02367,2025-02-04,41.42
P02367,2025-02-05,43.19
P02367,2025-02-06,37.89
P02367,2025-02-07,34.16
P02368,2025-02-01,118.29
P02368,2025-02-02,109.53
P02368,2025-02-03,96.45
P02368,2025-02-04,88.54
P02368,2025-02-05,82.56
P02368,2025-02-06,71.4
P02368,2025-02-07,68.27
P02369,2025-02-01,94.95
P02369,2025-02-02,82.13
P02369,2025-02-03,74.88
P02369,2025-02-04,68.14
P02369,2025-02-05,58.23
P02369,2025-02-06,60.92
P02369,2025-02-07,55.78
P02370,2025-02-01,250.03
P02370,2025-02-02,248.12
P02370,2025-02-03,254.05
P02370,2025-02-04,263.27
P02370,2025-02-05,255.52
P02370,2025-02-06,260.71
P02370,2025-02-07,240.51
P02371,2025-02-01,52.71
P02371,2025-02-02,45.81
P02371,2025-02-03,41.36
P02371,2025-02-04,37.92
P02371,2025-02-05,38.97
P02371,2025-02-06,34.55
P02371,2025-02-07,30.83
P02372,2025-02-01,110.38
P02372,2025-02-02,111.49
P02372,2025-02-03,99.93
P02372,2025-02-04,90.47
P02372,2025-02-05,92.13
P02372,2025-02-06,88.45
P02372,2025-02-07,84.76
P02373,2025-02-01,49.51
P02373,2025-02-02,50.59
P02373,2025-02-03,51.21
P02373,2025-02-04,49.15
P02373,2025-02-05,47.45
P02373,2025-02-06,46.89
P02373,2025-02-07,42.64
P02374,2025-02-01,136.88
P02374,2025-02-02,131.47
P02374,2025-02-03,119.57
P02374,2025-02-04,123.05
P02374,2025-02-05,123.11
P02374,2025-02-06,105.65
P02374,2025-02-07,109.22
P02375,2025-02-01,248.35
P02375,2025-02-02,231.97
P02375,2025-02-03,227.7
P02375,2025-02-04,205.8
P02375,2025-02-05,177.07
P02375,2025-02-06,152.94
P02375,2025-02-07,159.03
P02376,2025-02-01,133.81
P02376,2025-02-02,129.48
P02376,2025-02-03,112.82
P02376,2025-02-04,106.66
P02376,2025-02-05,100.67
P02376,2025-02-06,92.84
P02376,2025-02-07,88.98
P02377,2025-02-01,32.11
P02377,2025-02-02,28.99
P02377,2025-02-03,28.07
P02377,2025-02-04,27.01
P02377,2025-02-05,27.25
P02377,2025-02-06,23.61
P02377,2025-02-07,20.86
P02378,2025-02-01,139.92
P02378,2025-02-02,137.08
P02378,2025-02-03,132.12
P02378,2025-02-04,135.2
P02378,2025-02-05,131.98
P02378,2025-02-06,112.63
P02378,2025-02-07,100.66
P02379,2025-02-01,88.43
P02379,2025-02-02,87.69
P02379,2025-02-03,77.51
P02379,2025-02-04,80.72
P02379,2025-02-05,82.56
P02379,2025-02-06,78.59
P02379,2025-02-07,82.36
P02380,2025-02-01,176.61
P02380,2025-02-02,150.31
P02380,2025-02-03,143.49
P02380,2025-02-04,129.81
P02380,2025-02-05,130.97
P02380,2025-02-06,131.66
P02380,2025-02-07,116.85
P02381,2025-02-01,117.74
P02381,2025-02-02,112.97
P02381,2025-02-03,97.37
P02381,2025-02-04,86.87
P02381,2025-02-05,85.43
P02381,2025-02-06,75.9
P02381,2025-02-07,72.53
P02382,2025-02-01,140.08
P02382,2025-02-02,128.71
P02382,2025-02-03,119.82
P02382,2025-02-04,116.0
P02382,2025-02-05,119.73
P02382,2025-02-06,108.66
P02382,2025-02-07,97.77
P02383,2025-02-01,101.02
P02383,2025-02-02,103.16
P02383,2025-02-03,90.26
P02383,2025-02-04,84.31
P02383,2025-02-05,82.6
P02383,2025-02-06,78.43
P02383,2025-02-07,82.0
P02384,2025-02-01,156.02
P02384,2025-02-02,145.27
P02384,2025-02-03,129.03
P02384,2025-02-04,116.2
P02384,2025-02-05,101.75
P02384,2025-02-06,90.24
P02384,2025-02-07,88.27
P02385,2025-02-01,55.93
P02385,2025-02-02,48.88
P02385,2025-02-03,48.11
P02385,2025-02-04,42.17
P02385,2025-02-05,36.18
P02385,2025-02-06,37.98
P02385,2025-02-07,37.94
P02386,2025-02-01,31.05
P02386,2025-02-02,30.93
P02386,2025-02-03,30.52
P02386,2025-02-04,26.75
P02386,2025-02-05,23.9
P02386,2025-02-06,24.9
P02386,2025-02-07,24.03
P02387,2025-02-01,57.71
P02387,2025-02-02,56.58
P02387,2025-02-03,56.21
P02387,2025-02-04,57.11
P02387,2025-02-05,48.7
P02387,2025-02-06,42.44
P02387,2025-02-07,37.83
P02388,2025-02-01,43.62
P02388,2025-02-02,38.34
P02388,2025-02-03,38.14
P02388,2025-02-04,38.41
P02388,2025-02-05,39.32
P02388,2025-02-06,35.98
P02388,2025-02-07,33.54
P02389,2025-02-01,98.72
P02389,2025-02-02,96.93
P02389,2025-02-03,95.58
P02389,2025-02-04,89.72
P02389,2025-02-05,79.88
P02389,2025-02-06,78.04
P02389,2025-02-07,69.56
P02390,2025-02-01,171.57
P02390,2025-02-02,157.95
P02390,2025-02-03,161.74
P02390,2025-02-04,165.24
P02390,2025-02-05,162.34
P02390,2025-02-06,153.9
P02390,2025-02-07,160.03
P02391,2025-02-01,32.11
P02391,2025-02-02,30.1
P02391,2025-02-03,27.1
P02391,2025-02-04,25.38
P02391,2025-02-05,22.38
P02391,2025-02-06,22.52
P02391,2025-02-07,22.9
P02392,2025-02-01,14.62
P02392,2025-02-02,14.62
P02392,2025-02-03,13.96
P02392,2025-02-04,12.44
P02392,2025-02-05,10.85
P02392,2025-02-06,9.85
P02392,2025-02-07,8.93
P02393,2025-02-01,124.38
P02393,2025-02-02,110.13
P02393,2025-02-03,110.55
P02393,2025-02-04,104.43
P02393,2025-02-05,104.69
P02393,2025-02-06,90.35
P02393,2025-02-07,85.01
P02394,2025-02-01,27.75
P02394,2025-02-02,25.27
P02394,2025-02-03,22.61
P02394,2025-02-04,20.13
P02394,2025-02-05,20.59
P02394,2025-02-06,20.96
P02394,2025-02-07,21.86
P02395,2025-02-01,174.18
P02395,2025-02-02,157.45
P02395,2025-02-03,148.96
P02395,2025-02-04,139.67
P02395,2025-02-05,122.45
P02395,2025-02-06,123.21
P02395,2025-02-07,120.63
P02396,2025-02-01,78.87
P02396,2025-02-02,73.11
P02396,2025-02-03,76.57
P02396,2025-02-04,73.53
P02396,2025-02-05,71.94
P02396,2025-02-06,63.23
P02396,2025-02-07,57.13
P02397,2025-02-01,143.64
P02397,2025-02-02,132.75
P02397,2025-02-03,119.6
P02397,2025-02-04,104.02
P02397,2025-02-05,106.35
P02397,2025-02-06,101.38
P02397,2025-02-07,92.46
P02398,2025-02-01,203.64
P02398,2025-02-02,189.54
P02398,2025-02-03,163.5
P02398,2025-02-04,170.27
P02398,2025-02-05,148.38
P02398,2025-02-06,152.8
P02398,2025-02-07,137.58
P02399,2025-02-01,200.32
P02399,2025-02-02,180.06
P02399,2025-02-03,187.54
P02399,2025-02-04,194.34
P02399,2025-02-05,198.45
P02399,2025-02-06,191.48
P02399,2025-02-07,198.16
P02400,2025-02-01,166.85
P02400,2025-02-02,172.58
P02400,2025-02-03,168.35
P02400,2025-02-04,176.01
P02400,2025-02-05,149.73
P02400,2025-02-06,155.98
P02400,2025-02-07,142.8
P02401,2025-02-01,127.64
P02401,2025-02-02,126.1
P02401,2025-02-03,121.15
P02401,2025-02-04,116.74
P02401,2025-02-05,99.26
P02401,2025-02-06,88.21
P02401,2025-02-07,76.89
P02402,2025-02-01,110.67
P02402,2025-02-02,100.85
P02402,2025-02-03,101.14
P02402,2025-02-04,91.05
P02402,2025-02-05,92.04
P02402,2025-02-06,89.02
P02402,2025-02-07,86.86
P02403,2025-02-01,211.28
P02403,2025-02-02,207.89
P02403,2025-02-03,216.65
P02403,2025-02-04,208.64
P02403,2025-02-05,192.24
P02403,2025-02-06,178.01
P02403,2025-02-07,173.55
P02404,2025-02-01,211.6
P02404,2025-02-02,217.54
P02404,2025-02-03,199.04
P02404,2025-02-04,203.33
P02404,2025-02-05,187.34
P02404,2025-02-06,187.67
P02404,2025-02-07,179.51
P02405,2025-02-01,225.0
P02405,2025-02-02,213.44
P02405,2025-02-03,199.81
P02405,2025-02-04,192.31
P02405,2025-02-05,189.99
P02405,2025-02-06,165.41
P02405,2025-02-07,170.24
P02406,2025-02-01,195.58
P02406,2025-02-02,175.29
P02406,2025-02-03,179.38
P02406,2025-02-04,159.83
P02406,2025-02-05,149.04
P02406,2025-02-06,156.37
P02406,2025-02-07,135.19
P02407,2025-02-01,113.0
P02407,2025-02-02,111.44
P02407,2025-02-03,116.48
P02407,2025-02-04,109.29
P02407,2025-02-05,95.86
P02407,2025-02-06,95.63
P02407,2025-02-07,85.46
P02408,2025-02-01,226.21
P02408,2025-02-02,196.66
P02408,2025-02-03,177.25
P02408,2025-02-04,183.21
P02408,2025-02-05,170.72
P02408,2025-02-06,178.96
P02408,2025-02-07,175.13
P02409,2025-02-01,53.07
P02409,2025-02-02,54.55
P02409,2025-02-03,56.11
P02409,2025-02-04,48.74
P02409,2025-02-05,50.43
P02409,2025-02-06,49.04
P02409,2025-02-07,42.6
P02410,2025-02-01,128.94
P02410,2025-02-02,116.05
P02410,2025-02-03,112.53
P02410,2025-02-04,112.45
P02410,2025-02-05,116.68
P02410,2025-02-06,104.81
P02410,2025-02-07,99.07
P02411,2025-02-01,47.04
P02411,2025-02-02,42.59
P02411,2025-02-03,37.62
P02411,2025-02-04,37.68
P02411,2025-02-05,37.52
P02411,2025-02-06,38.84
P02411,2025-02-07,36.82
P02412,2025-02-01,199.75
P02412,2025-02-02,209.43
P02412,2025-02-03,211.35
P02412,2025-02-04,217.16
P02412,2025-02-05,188.93
P02412,2025-02-06,179.62
P02412,2025-02-07,160.92
P02413,2025-02-01,205.41
P02413,2025-02-02,198.25
P02413,2025-02-03,168.52
P02413,2025-02-04,166.71
P02413,2025-02-05,172.87
P02413,2025-02-06,172.99
P02413,2025-02-07,166.29
P02414,2025-02-01,205.07
P02414,2025-02-02,181.05
P02414,2025-02-03,180.65
P02414,2025-02-04,188.99
P02414,2025-02-05,182.25
P02414,2025-02-06,179.24
P02414,2025-02-07,159.26
P02415,2025-02-01,43.12
P02415,2025-02-02,43.74
P02415,2025-02-03,39.23
P02415,2025-02-04,33.7
P02415,2025-02-05,29.85
P02415,2025-02-06,30.31
P02415,2025-02-07,26.96
P02416,2025-02-01,147.74
P02416,2025-02-02,134.3
P02416,2025-02-03,115.8
P02416,2025-02-04,108.84
P02416,2025-02-05,105.98
P02416,2025-02-06,90.75
P02416,2025-02-07,90.31
P02417,2025-02-01,63.96
P02417,2025-02-02,63.63
P02417,2025-02-03,58.75
P02417,2025-02-04,58.83
P02417,2025-02-05,58.96
P02417,2025-02-06,59.96
P02417,2025-02-07,56.14
P02418,2025-02-01,121.49
P02418,2025-02-02,119.98
P02418,2025-02-03,121.99
P02418,2025-02-04,107.57
P02418,2025-02-05,99.57
P02418,2025-02-06,88.05
P02418,2025-02-07,75.46
P02419,2025-02-01,153.72
P02419,2025-02-02,136.05
P02419,2025-02-03,138.58
P02419,2025-02-04,129.44
P02419,2025-02-05,112.22
P02419,2025-02-06,98.92
P02419,2025-02-07,85.53
P02420,2025-02-01,113.45
P02420,2025-02-02,105.85
P02420,2025-02-03,99.17
P02420,2025-02-04,98.17
P02420,2025-02-05,86.71
P02420,2025-02-06,86.08
P02420,2025-02-07,85.46
P02421,2025-02-01,194.87
P02421,2025-02-02,200.09
P02421,2025-02-03,191.32
P02421,2025-02-04,197.09
P02421,2025-02-05,190.85
P02421,2025-02-06,198.94
P02421,2025-02-07,192.4
P02422,2025-02-01,228.51
P02422,2025-02-02,209.32
P02422,2025-02-03,196.89
P02422,2025-02-04,199.99
P02422,2025-02-05,193.76
P02422,2025-02-06,190.29
P02422,2025-02-07,169.95
P02423,2025-02-01,90.23
P02423,2025-02-02,84.8
P02423,2025-02-03,75.0
P02423,2025-02-04,76.3
P02423,2025-02-05,71.65
P02423,2025-02-06,65.43
P02423,2025-02-07,63.55
P02424,2025-02-01,197.89
P02424,2025-02-02,204.86
P02424,2025-02-03,206.84
P02424,2025-02-04,210.38
P02424,2025-02-05,187.08
P02424,2025-02-06,170.08
P02424,2025-02-07,170.85
P02425,2025-02-01,65.37
P02425,2025-02-02,61.64
P02425,2025-02-03,53.52
P02425,2025-02-04,51.72
P02425,2025-02-05,52.2
P02425,2025-02-06,45.69
P02425,2025-02-07,39.33
P02426,2025-02-01,68.21
P02426,2025-02-02,68.03
P02426,2025-02-03,65.08
P02426,2025-02-04,66.48
P02426,2025-02-05,63.95
P02426,2025-02-06,59.4
P02426,2025-02-07,58.21
P02427,2025-02-01,134.24
P02427,2025-02-02,133.23
P02427,2025-02-03,135.01
P02427,2025-02-04,116.19
P02427,2025-02-05,102.94
P02427,2025-02-06,105.53
P02427,2025-02-07,106.56
P02428,2025-02-01,198.79
P02428,2025-02-02,178.53
P02428,2025-02-03,153.56
P02428,2025-02-04,156.89
P02428,2025-02-05,150.42
P02428,2025-02-06,130.09
P02428,2025-02-07,124.6
P02429,2025-02-01,66.48
P02429,2025-02-02,57.62
P02429,2025-02-03,55.03
P02429,2025-02-04,47.8
P02429,2025-02-05,43.13
P02429,2025-02-06,41.4
P02429,2025-02-07,42.05
P02430,2025-02-01,114.92
P02430,2025-02-02,98.69
P02430,2025-02-03,93.57
P02430,2025-02-04,95.21
P02430,2025-02-05,83.59
P02430,2025-02-06,84.26
P02430,2025-02-07,83.4
P02431,2025-02-01,165.81
P02431,2025-02-02,143.9
P02431,2025-02-03,126.57
P02431,2025-02-04,118.78
P02431,2025-02-05,110.99
P02431,2025-02-06,108.41
P02431,2025-02-07,93.89
P02432,2025-02-01,53.37
P02432,2025-02-02,53.48
P02432,2025-02-03,50.39
P02432,2025-02-04,49.7
P02432,2025-02-05,52.11
P02432,2025-02-06,47.81
P02432,2025-02-07,40.96
P02433,2025-02-01,60.61
P02433,2025-02-02,51.66
P02433,2025-02-03,44.19
P02433,2025-02-04,43.44
P02433,2025-02-05,37.13
P02433,2025-02-06,37.57
P02433,2025-02-07,32.16
P02434,2025-02-01,36.64
P02434,2025-02-02,33.51
P02434,2025-02-03,33.56
P02434,2025-02-04,33.95
P02434,2025-02-05,32.84
P02434,2025-02-06,28.46
P02434,2025-02-07,25.27
P02435,2025-02-01,201.07
P02435,2025-02-02,209.24
P02435,2025-02-03,181.97
P02435,2025-02-04,183.19
P02435,2025-02-05,175.46
P02435,2025-02-06,162.18
P02435,2025-02-07,163.4
P02436,2025-02-01,60.29
P02436,2025-02-02,60.27
P02436,2025-02-03,58.52
P02436,2025-02-04,58.16
P02436,2025-02-05,60.93
P02436,2025-02-06,55.6
P02436,2025-02-07,54.73
P02437,2025-02-01,203.16
P02437,2025-02-02,204.98
P02437,2025-02-03,194.9
P02437,2025-02-04,176.96
P02437,2025-02-05,160.76
P02437,2025-02-06,141.77
P02437,2025-02-07,135.98
P02438,2025-02-01,157.09
P02438,2025-02-02,138.17
P02438,2025-02-03,135.91
P02438,2025-02-04,130.2
P02438,2025-02-05,118.15
P02438,2025-02-06,112.77
P02438,2025-02-07,113.18
P02439,2025-02-01,248.36
P02439,2025-02-02,218.59
P02439,2025-02-03,221.84
P02439,2025-02-04,201.39
P02439,2025-02-05,196.22
P02439,2025-02-06,168.45
P02439,2025-02-07,155.97
P02440,2025-02-01,191.76
P02440,2025-02-02,164.54
P02440,2025-02-03,154.16
P02440,2025-02-04,131.85
P02440,2025-02-05,127.87
P02440,2025-02-06,108.76
P02440,2025-02-07,98.13
P02441,2025-02-01,95.59
P02441,2025-02-02,85.95
P02441,2025-02-03,78.99
P02441,2025-02-04,72.54
P02441,2025-02-05,66.9
P02441,2025-02-06,63.77
P02441,2025-02-07,60.96
P02442,2025-02-01,212.73
P02442,2025-02-02,198.06
P02442,2025-02-03,190.65
P02442,2025-02-04,171.04
P02442,2025-02-05,150.49
P02442,2025-02-06,136.03
P02442,2025-02-07,121.82
P02443,2025-02-01,148.27
P02443,2025-02-02,135.57
P02443,2025-02-03,133.17
P02443,2025-02-04,122.95
P02443,2025-02-05,124.71
P02443,2025-02-06,125.59
P02443,2025-02-07,116.18
P02444,2025-02-01,124.42
P02444,2025-02-02,106.8
P02444,2025-02-03,106.04
P02444,2025-02-04,103.39
P02444,2025-02-05,88.98
P02444,2025-02-06,79.33
P02444,2025-02-07,73.94
P02445,2025-02-01,211.4
P02445,2025-02-02,215.88
P02445,2025-02-03,207.6
P02445,2025-02-04,202.12
P02445,2025-02-05,203.6
P02445,2025-02-06,173.75
P02445,2025-02-07,169.39
P02446,2025-02-01,222.06
P02446,2025-02-02,217.01
P02446,2025-02-03,225.2
P02446,2025-02-04,233.07
P02446,2025-02-05,206.72
P02446,2025-02-06,178.38
P02446,2025-02-07,161.18
P02447,2025-02-01,228.18
P02447,2025-02-02,196.1
P02447,2025-02-03,171.49
P02447,2025-02-04,159.2
P02447,2025-02-05,161.9
P02447,2025-02-06,141.64
P02447,2025-02-07,136.14
P02448,2025-02-01,35.76
P02448,2025-02-02,34.18
P02448,2025-02-03,29.09
P02448,2025-02-04,28.37
P02448,2025-02-05,25.58
P02448,2025-02-06,26.13
P02448,2025-02-07,23.14
P02449,2025-02-01,92.59
P02449,2025-02-02,96.26
P02449,2025-02-03,91.42
P02449,2025-02-04,94.73
P02449,2025-02-05,90.29
P02449,2025-02-06,83.57
P02449,2025-02-07,83.8
P02450,2025-02-01,177.52
P02450,2025-02-02,169.65
P02450,2025-02-03,146.38
P02450,2025-02-04,132.26
P02450,2025-02-05,116.52
P02450,2025-02-06,100.57
P02450,2025-02-07,99.5
P02451,2025-02-01,151.79
P02451,2025-02-02,147.82
P02451,2025-02-03,134.37
P02451,2025-02-04,118.81
P02451,2025-02-05,114.57
P02451,2025-02-06,112.73
P02451,2025-02-07,112.29
P02452,2025-02-01,55.41
P02452,2025-02-02,51.62
P02452,2025-02-03,45.51
P02452,2025-02-04,40.89
P02452,2025-02-05,38.19
P02452,2025-02-06,37.94
P02452,2025-02-07,35.04
P02453,2025-02-01,194.43
P02453,2025-02-02,193.47
P02453,2025-02-03,184.89
P02453,2025-02-04,165.07
P02453,2025-02-05,150.53
P02453,2025-02-06,151.38
P02453,2025-02-07,131.16
P02454,2025-02-01,36.88
P02454,2025-02-02,37.79
P02454,2025-02-03,38.33
P02454,2025-02-04,34.82
P02454,2025-02-05,36.44
P02454,2025-02-06,33.82
P02454,2025-02-07,31.15
P02455,2025-02-01,197.46
P02455,2025-02-02,197.47
P02455,2025-02-03,197.77
P02455,2025-02-04,202.37
P02455,2025-02-05,173.73
P02455,2025-02-06,161.68
P02455,2025-02-07,144.84
P02456,2025-02-01,61.42
P02456,2025-02-02,60.51
P02456,2025-02-03,55.55
P02456,2025-02-04,54.81
P02456,2025-02-05,49.81
P02456,2025-02-06,51.89
P02456,2025-02-07,53.57
P02457,2025-02-01,216.4
P02457,2025-02-02,184.95
P02457,2025-02-03,160.34
P02457,2025-02-04,148.39
P02457,2025-02-05,138.33
P02457,2025-02-06,125.32
P02457,2025-02-07,113.81
P02458,2025-02-01,223.7
P02458,2025-02-02,215.9
P02458,2025-02-03,218.69
P02458,2025-02-04,207.98
P02458,2025-02-05,214.97
P02458,2025-02-06,215.92
P02458,2025-02-07,215.09
P02459,2025-02-01,162.57
P02459,2025-02-02,150.16
P02459,2025-02-03,144.34
P02459,2025-02-04,137.15
P02459,2025-02-05,121.47
P02459,2025-02-06,127.11
P02459,2025-02-07,116.47
P02460,2025-02-01,38.58
P02460,2025-02-02,40.3
P02460,2025-02-03,38.01
P02460,2025-02-04,38.63
P02460,2025-02-05,33.31
P02460,2025-02-06,32.9
P02460,2025-02-07,28.21
P02461,2025-02-01,46.38
P02461,2025-02-02,45.79
P02461,2025-02-03,39.45
P02461,2025-02-04,40.26
P02461,2025-02-05,36.14
P02461,2025-02-06,37.34
P02461,2025-02-07,33.3
P02462,2025-02-01,121.13
P02462,2025-02-02,121.49
P02462,2025-02-03,111.89
P02462,2025-02-04,113.65
P02462,2025-02-05,102.46
P02462,2025-02-06,93.55
P02462,2025-02-07,92.78
P02463,2025-02-01,152.3
P02463,2025-02-02,141.48
P02463,2025-02-03,126.54
P02463,2025-02-04,111.14
P02463,2025-02-05,96.74
P02463,2025-02-06,84.06
P02463,2025-02-07,81.54
P02464,2025-02-01,243.8
P02464,2025-02-02,232.89
P02464,2025-02-03,231.55
P02464,2025-02-04,233.28
P02464,2025-02-05,223.69
P02464,2025-02-06,217.27
P02464,2025-02-07,193.31
P02465,2025-02-01,60.77
P02465,2025-02-02,58.87
P02465,2025-02-03,57.47
P02465,2025-02-04,51.13
P02465,2025-02-05,45.68
P02465,2025-02-06,42.53
P02465,2025-02-07,38.9
P02466,2025-02-01,233.92
P02466,2025-02-02,209.39
P02466,2025-02-03,214.93
P02466,2025-02-04,219.44
P02466,2025-02-05,218.27
P02466,2025-02-06,227.27
P02466,2025-02-07,234.91
P02467,2025-02-01,224.27
P02467,2025-02-02,218.07
P02467,2025-02-03,207.38
P02467,2025-02-04,207.73
P02467,2025-02-05,190.17
P02467,2025-02-06,176.45
P02467,2025-02-07,166.28
P02468,2025-02-01,244.99
P02468,2025-02-02,232.77
P02468,2025-02-03,216.81
P02468,2025-02-04,208.25
P02468,2025-02-05,213.0
P02468,2025-02-06,219.04
P02468,2025-02-07,186.65
P02469,2025-02-01,106.01
P02469,2025-02-02,94.03
P02469,2025-02-03,95.35
P02469,2025-02-04,100.07
P02469,2025-02-05,85.65
P02469,2025-02-06,74.63
P02469,2025-02-07,75.06
P02470,2025-02-01,92.4
P02470,2025-02-02,80.61
P02470,2025-02-03,70.58
P02470,2025-02-04,68.42
P02470,2025-02-05,70.81
P02470,2025-02-06,63.65
P02470,2025-02-07,58.91
P02471,2025-02-01,198.09
P02471,2025-02-02,187.09
P02471,2025-02-03,185.33
P02471,2025-02-04,167.31
P02471,2025-02-05,151.7
P02471,2025-02-06,158.65
P02471,2025-02-07,138.65
P02472,2025-02-01,206.33
P02472,2025-02-02,205.29
P02472,2025-02-03,191.56
P02472,2025-02-04,162.94
P02472,2025-02-05,158.74
P02472,2025-02-06,141.71
P02472,2025-02-07,130.88
P02473,2025-02-01,156.63
P02473,2025-02-02,157.95
P02473,2025-02-03,138.49
P02473,2025-02-04,119.32
P02473,2025-02-05,108.85
P02473,2025-02-06,94.07
P02473,2025-02-07,82.28
P02474,2025-02-01,108.89
P02474,2025-02-02,104.01
P02474,2025-02-03,104.46
P02474,2025-02-04,94.78
P02474,2025-02-05,90.78
P02474,2025-02-06,81.26
P02474,2025-02-07,75.52
P02475,2025-02-01,77.77
P02475,2025-02-02,73.53
P02475,2025-02-03,74.83
P02475,2025-02-04,72.38
P02475,2025-02-05,72.47
P02475,2025-02-06,67.5
P02475,2025-02-07,59.68
P02476,2025-02-01,140.16
P02476,2025-02-02,139.4
P02476,2025-02-03,144.74
P02476,2025-02-04,140.59
P02476,2025-02-05,133.73
P02476,2025-02-06,115.64
P02476,2025-02-07,108.73
P02477,2025-02-01,12.3
P02477,2025-02-02,11.28
P02477,2025-02-03,10.53
P02477,2025-02-04,9.14
P02477,2025-02-05,9.48
P02477,2025-02-06,9.38
P02477,2025-02-07,9.58
P02478,2025-02-01,49.76
P02478,2025-02-02,45.22
P02478,2025-02-03,43.14
P02478,2025-02-04,40.18
P02478,2025-02-05,40.16
P02478,2025-02-06,40.8
P02478,2025-02-07,39.82
P02479,2025-02-01,152.33
P02479,2025-02-02,153.18
P02479,2025-02-03,140.54
P02479,2025-02-04,133.3
P02479,2025-02-05,123.85
P02479,2025-02-06,116.06
P02479,2025-02-07,117.01
P02480,2025-02-01,47.7
P02480,2025-02-02,40.99
P02480,2025-02-03,40.53
P02480,2025-02-04,35.39
P02480,2025-02-05,30.99
P02480,2025-02-06,31.18
P02480,2025-02-07,26.62
P02481,2025-02-01,106.68
P02481,2025-02-02,91.58
P02481,2025-02-03,81.38
P02481,2025-02-04,85.29
P02481,2025-02-05,81.37
P02481,2025-02-06,72.47
P02481,2025-02-07,67.26
P02482,2025-02-01,185.9
P02482,2025-02-02,190.9
P02482,2025-02-03,165.64
P02482,2025-02-04,169.66
P02482,2025-02-05,145.14
P02482,2025-02-06,127.84
P02482,2025-02-07,120.31
P02483,2025-02-01,108.51
P02483,2025-02-02,99.19
P02483,2025-02-03,99.09
P02483,2025-02-04,86.21
P02483,2025-02-05,76.3
P02483,2025-02-06,68.19
P02483,2025-02-07,70.2
P02484,2025-02-01,255.43
P02484,2025-02-02,235.29
P02484,2025-02-03,238.46
P02484,2025-02-04,226.97
P02484,2025-02-05,201.25
P02484,2025-02-06,194.09
P02484,2025-02-07,183.82
P02485,2025-02-01,16.38
P02485,2025-02-02,16.7
P02485,2025-02-03,15.61
P02485,2025-02-04,15.02
P02485,2025-02-05,15.48
P02485,2025-02-06,15.08
P02485,2025-02-07,15.79
P02486,2025-02-01,150.59
P02486,2025-02-02,153.04
P02486,2025-02-03,138.97
P02486,2025-02-04,144.89
P02486,2025-02-05,126.51
P02486,2025-02-06,115.23
P02486,2025-02-07,110.73
P02487,2025-02-01,92.71
P02487,2025-02-02,93.52
P02487,2025-02-03,97.92
P02487,2025-02-04,98.51
P02487,2025-02-05,90.48
P02487,2025-02-06,81.2
P02487,2025-02-07,83.03
P02488,2025-02-01,89.68
P02488,2025-02-02,92.6
P02488,2025-02-03,92.35
P02488,2025-02-04,88.26
P02488,2025-02-05,82.21
P02488,2025-02-06,73.36
P02488,2025-02-07,71.82
P02489,2025-02-01,60.96
P02489,2025-02-02,59.31
P02489,2025-02-03,51.89
P02489,2025-02-04,45.17
P02489,2025-02-05,41.74
P02489,2025-02-06,41.25
P02489,2025-02-07,35.21
P02490,2025-02-01,134.45
P02490,2025-02-02,136.39
P02490,2025-02-03,129.77
P02490,2025-02-04,136.08
P02490,2025-02-05,131.48
P02490,2025-02-06,113.46
P02490,2025-02-07,103.01
P02491,2025-02-01,97.3
P02491,2025-02-02,93.88
P02491,2025-02-03,97.35
P02491,2025-02-04,96.66
P02491,2025-02-05,90.92
P02491,2025-02-06,81.92
P02491,2025-02-07,82.86
P02492,2025-02-01,31.5
P02492,2025-02-02,29.31
P02492,2025-02-03,28.42
P02492,2025-02-04,27.41
P02492,2025-02-05,28.47
P02492,2025-02-06,26.6
P02492,2025-02-07,25.93
P02493,2025-02-01,83.96
P02493,2025-02-02,84.94
P02493,2025-02-03,86.97
P02493,2025-02-04,85.35
P02493,2025-02-05,86.72
P02493,2025-02-06,84.84
P02493,2025-02-07,85.0
P02494,2025-02-01,100.89
P02494,2025-02-02,100.81
P02494,2025-02-03,99.32
P02494,2025-02-04,99.54
P02494,2025-02-05,101.61
P02494,2025-02-06,88.19
P02494,2025-02-07,84.17
P02495,2025-02-01,237.46
P02495,2025-02-02,208.74
P02495,2025-02-03,210.14
P02495,2025-02-04,202.96
P02495,2025-02-05,198.36
P02495,2025-02-06,191.17
P02495,2025-02-07,168.11
P02496,2025-02-01,163.01
P02496,2025-02-02,156.99
P02496,2025-02-03,142.69
P02496,2025-02-04,143.33
P02496,2025-02-05,147.27
P02496,2025-02-06,141.95
P02496,2025-02-07,143.15
P02497,2025-02-01,83.22
P02497,2025-02-02,85.0
P02497,2025-02-03,88.46
P02497,2025-02-04,90.95
P02497,2025-02-05,79.28
P02497,2025-02-06,80.69
P02497,2025-02-07,81.61
P02498,2025-02-01,117.42
P02498,2025-02-02,105.04
P02498,2025-02-03,105.68
P02498,2025-02-04,106.24
P02498,2025-02-05,99.44
P02498,2025-02-06,95.74
P02498,2025-02-07,99.77
P02499,2025-02-01,68.27
P02499,2025-02-02,58.78
P02499,2025-02-03,57.28
P02499,2025-02-04,48.95
P02499,2025-02-05,47.07
P02499,2025-02-06,41.47
P02499,2025-02-07,40.56
P02500,2025-02-01,221.01
P02500,2025-02-02,208.07
P02500,2025-02-03,194.24
P02500,2025-02-04,199.74
P02500,2025-02-05,195.42
P02500,2025-02-06,172.9
P02500,2025-02-07,154.43
P02501,2025-02-01,150.66
P02501,2025-02-02,144.98
P02501,2025-02-03,152.08
P02501,2025-02-04,136.21
P02501,2025-02-05,132.31
P02501,2025-02-06,121.08
P02501,2025-02-07,118.96
P02502,2025-02-01,134.65
P02502,2025-02-02,138.9
P02502,2025-02-03,136.13
P02502,2025-02-04,140.17
P02502,2025-02-05,133.73
P02502,2025-02-06,131.25
P02502,2025-02-07,126.29
P02503,2025-02-01,173.12
P02503,2025-02-02,147.76
P02503,2025-02-03,149.79
P02503,2025-02-04,135.85
P02503,2025-02-05,115.56
P02503,2025-02-06,106.19
P02503,2025-02-07,98.92
P02504,2025-02-01,86.26
P02504,2025-02-02,84.77
P02504,2025-02-03,88.7
P02504,2025-02-04,91.4
P02504,2025-02-05,88.04
P02504,2025-02-06,82.48
P02504,2025-02-07,70.6
P02505,2025-02-01,157.14
P02505,2025-02-02,158.86
P02505,2025-02-03,159.94
P02505,2025-02-04,148.94
P02505,2025-02-05,149.33
P02505,2025-02-06,143.19
P02505,2025-02-07,125.91
P02506,2025-02-01,25.77
P02506,2025-02-02,25.31
P02506,2025-02-03,21.99
P02506,2025-02-04,21.11
P02506,2025-02-05,20.36
P02506,2025-02-06,18.71
P02506,2025-02-07,18.26
P02507,2025-02-01,223.48
P02507,2025-02-02,231.23
P02507,2025-02-03,206.56
P02507,2025-02-04,198.78
P02507,2025-02-05,201.12
P02507,2025-02-06,174.9
P02507,2025-02-07,177.72
P02508,2025-02-01,221.72
P02508,2025-02-02,227.59
P02508,2025-02-03,228.34
P02508,2025-02-04,230.95
P02508,2025-02-05,210.8
P02508,2025-02-06,193.38
P02508,2025-02-07,200.1
P02509,2025-02-01,209.41
P02509,2025-02-02,183.03
P02509,2025-02-03,186.45
P02509,2025-02-04,187.46
P02509,2025-02-05,174.29
P02509,2025-02-06,153.34
P02509,2025-02-07,148.36
P02510,2025-02-01,162.71
P02510,2025-02-02,163.46
P02510,2025-02-03,166.72
P02510,2025-02-04,150.78
P02510,2025-02-05,155.27
P02510,2025-02-06,158.52
P02510,2025-02-07,161.14
P02511,2025-02-01,151.74
P02511,2025-02-02,133.96
P02511,2025-02-03,134.02
P02511,2025-02-04,113.94
P02511,2025-02-05,112.06
P02511,2025-02-06,106.77
P02511,2025-02-07,103.58
P02512,2025-02-01,151.99
P02512,2025-02-02,156.77
P02512,2025-02-03,145.46
P02512,2025-02-04,152.69
P02512,2025-02-05,133.35
P02512,2025-02-06,139.47
P02512,2025-02-07,129.35
P02513,2025-02-01,240.7
P02513,2025-02-02,214.32
P02513,2025-02-03,185.65
P02513,2025-02-04,164.98
P02513,2025-02-05,160.42
P02513,2025-02-06,162.78
P02513,2025-02-07,165.17
P02514,2025-02-01,189.47
P02514,2025-02-02,162.02
P02514,2025-02-03,168.35
P02514,2025-02-04,155.73
P02514,2025-02-05,134.11
P02514,2025-02-06,131.38
P02514,2025-02-07,113.78
P02515,2025-02-01,23.99
P02515,2025-02-02,23.41
P02515,2025-02-03,20.24
P02515,2025-02-04,20.19
P02515,2025-02-05,17.38
P02515,2025-02-06,16.19
P02515,2025-02-07,14.34
P02516,2025-02-01,205.63
P02516,2025-02-02,200.68
P02516,2025-02-03,178.44
P02516,2025-02-04,172.46
P02516,2025-02-05,161.88
P02516,2025-02-06,150.91
P02516,2025-02-07,132.61
P02517,2025-02-01,60.35
P02517,2025-02-02,60.11
P02517,2025-02-03,53.74
P02517,2025-02-04,48.69
P02517,2025-02-05,41.55
P02517,2025-02-06,39.43
P02517,2025-02-07,37.01
P02518,2025-02-01,140.59
P02518,2025-02-02,127.42
P02518,2025-02-03,112.44
P02518,2025-02-04,111.64
P02518,2025-02-05,104.92
P02518,2025-02-06,92.11
P02518,2025-02-07,85.72
P02519,2025-02-01,141.39
P02519,2025-02-02,144.59
P02519,2025-02-03,142.32
P02519,2025-02-04,137.95
P02519,2025-02-05,126.76
P02519,2025-02-06,121.83
P02519,2025-02-07,105.8
P02520,2025-02-01,110.91
P02520,2025-02-02,113.63
P02520,2025-02-03,113.06
P02520,2025-02-04,114.78
P02520,2025-02-05,118.75
P02520,2025-02-06,122.86
P02520,2025-02-07,128.56
P02521,2025-02-01,127.87
P02521,2025-02-02,123.15
P02521,2025-02-03,127.64
P02521,2025-02-04,110.2
P02521,2025-02-05,110.81
P02521,2025-02-06,94.69
P02521,2025-02-07,98.22
P02522,2025-02-01,38.48
P02522,2025-02-02,37.9
P02522,2025-02-03,34.21
P02522,2025-02-04,35.72
P02522,2025-02-05,31.78
P02522,2025-02-06,29.9
P02522,2025-02-07,25.95
P02523,2025-02-01,206.08
P02523,2025-02-02,180.64
P02523,2025-02-03,187.19
P02523,2025-02-04,172.51
P02523,2025-02-05,178.74
P02523,2025-02-06,159.17
P02523,2025-02-07,164.45
P02524,2025-02-01,39.35
P02524,2025-02-02,36.61
P02524,2025-02-03,34.54
P02524,2025-02-04,35.76
P02524,2025-02-05,33.72
P02524,2025-02-06,30.04
P02524,2025-02-07,31.52
P02525,2025-02-01,112.67
P02525,2025-02-02,116.22
P02525,2025-02-03,114.55
P02525,2025-02-04,99.17
P02525,2025-02-05,87.54
P02525,2025-02-06,81.06
P02525,2025-02-07,72.45
P02526,2025-02-01,201.61
P02526,2025-02-02,188.38
P02526,2025-02-03,191.21
P02526,2025-02-04,199.99
P02526,2025-02-05,182.7
P02526,2025-02-06,172.39
P02526,2025-02-07,165.36
P02527,2025-02-01,233.74
P02527,2025-02-02,244.33
P02527,2025-02-03,226.05
P02527,2025-02-04,200.75
P02527,2025-02-05,188.6
P02527,2025-02-06,193.93
P02527,2025-02-07,185.99
P02528,2025-02-01,132.53
P02528,2025-02-02,120.79
P02528,2025-02-03,116.99
P02528,2025-02-04,116.43
P02528,2025-02-05,102.89
P02528,2025-02-06,99.37
P02528,2025-02-07,85.41
P02529,2025-02-01,192.09
P02529,2025-02-02,196.47
P02529,2025-02-03,178.55
P02529,2025-02-04,153.3
P02529,2025-02-05,155.37
P02529,2025-02-06,145.46
P02529,2025-02-07,131.93
P02530,2025-02-01,119.88
P02530,2025-02-02,103.17
P02530,2025-02-03,97.02
P02530,2025-02-04,95.7
P02530,2025-02-05,97.27
P02530,2025-02-06,90.43
P02530,2025-02-07,86.53
P02531,2025-02-01,209.8
P02531,2025-02-02,217.26
P02531,2025-02-03,224.0
P02531,2025-02-04,223.59
P02531,2025-02-05,212.4
P02531,2025-02-06,202.35
P02531,2025-02-07,209.03
P02532,2025-02-01,75.85
P02532,2025-02-02,65.61
P02532,2025-02-03,66.71
P02532,2025-02-04,65.23
P02532,2025-02-05,66.9
P02532,2025-02-06,68.83
P02532,2025-02-07,66.61
P02533,2025-02-01,114.03
P02533,2025-02-02,115.79
P02533,2025-02-03,100.79
P02533,2025-02-04,89.57
P02533,2025-02-05,85.44
P02533,2025-02-06,89.26
P02533,2025-02-07,78.93
P02534,2025-02-01,221.26
P02534,2025-02-02,212.24
P02534,2025-02-03,211.58
P02534,2025-02-04,200.63
P02534,2025-02-05,199.88
P02534,2025-02-06,194.14
P02534,2025-02-07,174.1
P02535,2025-02-01,72.59
P02535,2025-02-02,67.89
P02535,2025-02-03,68.93
P02535,2025-02-04,70.65
P02535,2025-02-05,67.67
P02535,2025-02-06,69.38
P02535,2025-02-07,70.74
P02536,2025-02-01,240.55
P02536,2025-02-02,212.99
P02536,2025-02-03,210.07
P02536,2025-02-04,191.94
P02536,2025-02-05,164.27
P02536,2025-02-06,147.15
P02536,2025-02-07,147.16
P02537,2025-02-01,167.61
P02537,2025-02-02,174.64
P02537,2025-02-03,149.24
P02537,2025-02-04,150.3
P02537,2025-02-05,145.45
P02537,2025-02-06,144.55
P02537,2025-02-07,135.26
P02538,2025-02-01,114.25
P02538,2025-02-02,112.67
P02538,2025-02-03,118.18
P02538,2025-02-04,111.17
P02538,2025-02-05,110.06
P02538,2025-02-06,102.41
P02538,2025-02-07,106.26
P02539,2025-02-01,43.63
P02539,2025-02-02,39.14
P02539,2025-02-03,36.44
P02539,2025-02-04,36.66
P02539,2025-02-05,32.24
P02539,2025-02-06,32.51
P02539,2025-02-07,30.01
P02540,2025-02-01,67.59
P02540,2025-02-02,57.48
P02540,2025-02-03,55.07
P02540,2025-02-04,47.74
P02540,2025-02-05,48.61
P02540,2025-02-06,43.07
P02540,2025-02-07,42.03
P02541,2025-02-01,79.05
P02541,2025-02-02,72.38
P02541,2025-02-03,63.83
P02541,2025-02-04,66.92
P02541,2025-02-05,65.97
P02541,2025-02-06,64.78
P02541,2025-02-07,55.26
P02542,2025-02-01,94.71
P02542,2025-02-02,86.85
P02542,2025-02-03,91.0
P02542,2025-02-04,94.4
P02542,2025-02-05,93.21
P02542,2025-02-06,86.78
P02542,2025-02-07,76.37
P02543,2025-02-01,142.9
P02543,2025-02-02,123.55
P02543,2025-02-03,121.11
P02543,2025-02-04,125.64
P02543,2025-02-05,108.62
P02543,2025-02-06,104.72
P02543,2025-02-07,95.87
P02544,2025-02-01,118.72
P02544,2025-02-02,110.36
P02544,2025-02-03,103.89
P02544,2025-02-04,100.65
P02544,2025-02-05,86.35
P02544,2025-02-06,83.6
P02544,2025-02-07,83.98
P02545,2025-02-01,179.74
P02545,2025-02-02,162.43
P02545,2025-02-03,152.03
P02545,2025-02-04,147.74
P02545,2025-02-05,134.11
P02545,2025-02-06,128.66
P02545,2025-02-07,109.78
P02546,2025-02-01,251.99
P02546,2025-02-02,222.17
P02546,2025-02-03,228.49
P02546,2025-02-04,195.94
P02546,2025-02-05,179.52
P02546,2025-02-06,153.81
P02546,2025-02-07,149.35
P02547,2025-02-01,255.08
P02547,2025-02-02,254.04
P02547,2025-02-03,249.58
P02547,2025-02-04,239.21
P02547,2025-02-05,249.97
P02547,2025-02-06,242.38
P02547,2025-02-07,239.54
P02548,2025-02-01,108.22
P02548,2025-02-02,102.97
P02548,2025-02-03,93.54
P02548,2025-02-04,81.94
P02548,2025-02-05,84.11
P02548,2025-02-06,77.17
P02548,2025-02-07,76.95
P02549,2025-02-01,97.91
P02549,2025-02-02,93.25
P02549,2025-02-03,91.0
P02549,2025-02-04,89.13
P02549,2025-02-05,80.82
P02549,2025-02-06,76.0
P02549,2025-02-07,72.89
P02550,2025-02-01,183.4
P02550,2025-02-02,172.69
P02550,2025-02-03,174.77
P02550,2025-02-04,180.46
P02550,2025-02-05,178.49
P02550,2025-02-06,167.47
P02550,2025-02-07,154.3
P02551,2025-02-01,136.52
P02551,2025-02-02,120.93
P02551,2025-02-03,124.44
P02551,2025-02-04,115.77
P02551,2025-02-05,107.45
P02551,2025-02-06,95.54
P02551,2025-02-07,95.91
P02552,2025-02-01,192.61
P02552,2025-02-02,189.02
P02552,2025-02-03,161.66
P02552,2025-02-04,157.31
P02552,2025-02-05,142.36
P02552,2025-02-06,143.22
P02552,2025-02-07,149.34
P02553,2025-02-01,191.54
P02553,2025-02-02,165.24
P02553,2025-02-03,161.2
P02553,2025-02-04,168.4
P02553,2025-02-05,159.81
P02553,2025-02-06,152.85
P02553,2025-02-07,141.68
P02554,2025-02-01,217.47
P02554,2025-02-02,191.37
P02554,2025-02-03,186.53
P02554,2025-02-04,192.7
P02554,2025-02-05,183.29
P02554,2025-02-06,182.14
P02554,2025-02-07,160.43
P02555,2025-02-01,120.22
P02555,2025-02-02,122.24
P02555,2025-02-03,111.73
P02555,2025-02-04,107.86
P02555,2025-02-05,102.34
P02555,2025-02-06,102.34
P02555,2025-02-07,103.17
P02556,2025-02-01,27.95
P02556,2025-02-02,26.73
P02556,2025-02-03,26.36
P02556,2025-02-04,22.41
P02556,2025-02-05,21.93
P02556,2025-02-06,21.63
P02556,2025-02-07,21.81
P02557,2025-02-01,237.09
P02557,2025-02-02,219.01
P02557,2025-02-03,216.62
P02557,2025-02-04,222.38
P02557,2025-02-05,218.54
P02557,2025-02-06,223.69
P02557,2025-02-07,223.94
P02558,2025-02-01,96.93
P02558,2025-02-02,89.95
P02558,2025-02-03,89.55
P02558,2025-02-04,82.06
P02558,2025-02-05,77.25
P02558,2025-02-06,66.25
P02558,2025-02-07,65.23
P02559,2025-02-01,136.47
P02559,2025-02-02,120.58
P02559,2025-02-03,124.19
P02559,2025-02-04,109.93
P02559,2025-02-05,109.85
P02559,2025-02-06,112.1
P02559,2025-02-07,101.3
P02560,2025-02-01,191.19
P02560,2025-02-02,169.49
P02560,2025-02-03,161.81
P02560,2025-02-04,152.45
P02560,2025-02-05,141.6
P02560,2025-02-06,124.33
P02560,2025-02-07,126.23
P02561,2025-02-01,122.12
P02561,2025-02-02,118.73
P02561,2025-02-03,105.33
P02561,2025-02-04,94.73
P02561,2025-02-05,98.55
P02561,2025-02-06,97.24
P02561,2025-02-07,97.03
P02562,2025-02-01,261.3
P02562,2025-02-02,266.36
P02562,2025-02-03,268.47
P02562,2025-02-04,272.78
P02562,2025-02-05,243.99
P02562,2025-02-06,253.29
P02562,2025-02-07,242.96
P02563,2025-02-01,115.29
P02563,2025-02-02,118.78
P02563,2025-02-03,114.57
P02563,2025-02-04,99.75
P02563,2025-02-05,92.87
P02563,2025-02-06,83.78
P02563,2025-02-07,82.68
P02564,2025-02-01,245.47
P02564,2025-02-02,253.62
P02564,2025-02-03,225.04
P02564,2025-02-04,225.56
P02564,2025-02-05,224.32
P02564,2025-02-06,232.49
P02564,2025-02-07,205.89
P02565,2025-02-01,175.8
P02565,2025-02-02,182.66
P02565,2025-02-03,169.47
P02565,2025-02-04,176.88
P02565,2025-02-05,156.43
P02565,2025-02-06,162.56
P02565,2025-02-07,145.38
P02566,2025-02-01,80.05
P02566,2025-02-02,79.16
P02566,2025-02-03,72.72
P02566,2025-02-04,70.65
P02566,2025-02-05,69.75
P02566,2025-02-06,60.71
P02566,2025-02-07,62.05
P02567,2025-02-01,33.01
P02567,2025-02-02,34.26
P02567,2025-02-03,29.85
P02567,2025-02-04,29.61
P02567,2025-02-05,27.36
P02567,2025-02-06,23.4
P02567,2025-02-07,22.91
P02568,2025-02-01,244.07
P02568,2025-02-02,232.79
P02568,2025-02-03,242.39
P02568,2025-02-04,252.07
P02568,2025-02-05,242.43
P02568,2025-02-06,206.82
P02568,2025-02-07,189.05
P02569,2025-02-01,193.73
P02569,2025-02-02,183.57
P02569,2025-02-03,181.0
P02569,2025-02-04,183.71
P02569,2025-02-05,164.39
P02569,2025-02-06,146.12
P02569,2025-02-07,142.56
P02570,2025-02-01,103.61
P02570,2025-02-02,90.55
P02570,2025-02-03,89.2
P02570,2025-02-04,84.96
P02570,2025-02-05,82.02
P02570,2025-02-06,84.91
P02570,2025-02-07,74.1
P02571,2025-02-01,79.79
P02571,2025-02-02,75.5
P02571,2025-02-03,71.49
P02571,2025-02-04,61.44
P02571,2025-02-05,58.63
P02571,2025-02-06,58.1
P02571,2025-02-07,56.15
P02572,2025-02-01,47.71
P02572,2025-02-02,43.12
P02572,2025-02-03,36.98
P02572,2025-02-04,37.64
P02572,2025-02-05,33.58
P02572,2025-02-06,30.61
P02572,2025-02-07,28.01
P02573,2025-02-01,85.06
P02573,2025-02-02,80.02
P02573,2025-02-03,73.25
P02573,2025-02-04,67.06
P02573,2025-02-05,58.44
P02573,2025-02-06,58.19
P02573,2025-02-07,53.72
P02574,2025-02-01,201.74
P02574,2025-02-02,207.23
P02574,2025-02-03,210.03
P02574,2025-02-04,198.51
P02574,2025-02-05,202.32
P02574,2025-02-06,193.2
P02574,2025-02-07,173.42
P02575,2025-02-01,218.87
P02575,2025-02-02,204.7
P02575,2025-02-03,208.86
P02575,2025-02-04,179.44
P02575,2025-02-05,186.97
P02575,2025-02-06,168.86
P02575,2025-02-07,172.12
P02576,2025-02-01,15.29
P02576,2025-02-02,15.13
P02576,2025-02-03,14.81
P02576,2025-02-04,12.91
P02576,2025-02-05,13.43
P02576,2025-02-06,13.54
P02576,2025-02-07,11.6
P02577,2025-02-01,114.14
P02577,2025-02-02,105.1
P02577,2025-02-03,98.93
P02577,2025-02-04,96.27
P02577,2025-02-05,100.08
P02577,2025-02-06,87.51
P02577,2025-02-07,84.74
P02578,2025-02-01,26.91
P02578,2025-02-02,25.42
P02578,2025-02-03,21.91
P02578,2025-02-04,21.83
P02578,2025-02-05,19.13
P02578,2025-02-06,18.09
P02578,2025-02-07,16.36
P02579,2025-02-01,147.58
P02579,2025-02-02,129.27
P02579,2025-02-03,131.72
P02579,2025-02-04,125.84
P02579,2025-02-05,128.52
P02579,2025-02-06,118.2
P02579,2025-02-07,104.32
P02580,2025-02-01,159.71
P02580,2025-02-02,140.12
P02580,2025-02-03,128.37
P02580,2025-02-04,129.89
P02580,2025-02-05,131.43
P02580,2025-02-06,122.97
P02580,2025-02-07,105.96
P02581,2025-02-01,159.73
P02581,2025-02-02,146.14
P02581,2025-02-03,146.81
P02581,2025-02-04,139.66
P02581,2025-02-05,140.84
P02581,2025-02-06,132.38
P02581,2025-02-07,124.23
P02582,2025-02-01,49.33
P02582,2025-02-02,44.88
P02582,2025-02-03,39.65
P02582,2025-02-04,37.61
P02582,2025-02-05,34.51
P02582,2025-02-06,31.66
P02582,2025-02-07,31.6
P02583,2025-02-01,222.08
P02583,2025-02-02,218.5
P02583,2025-02-03,209.38
P02583,2025-02-04,192.19
P02583,2025-02-05,185.98
P02583,2025-02-06,193.96
P02583,2025-02-07,195.77
P02584,2025-02-01,234.55
P02584,2025-02-02,214.25
P02584,2025-02-03,212.65
P02584,2025-02-04,206.85
P02584,2025-02-05,183.18
P02584,2025-02-06,160.43
P02584,2025-02-07,167.1
P02585,2025-02-01,153.61
P02585,2025-02-02,158.54
P02585,2025-02-03,165.44
P02585,2025-02-04,167.51
P02585,2025-02-05,156.73
P02585,2025-02-06,143.64
P02585,2025-02-07,126.0
P02586,2025-02-01,83.11
P02586,2025-02-02,84.79
P02586,2025-02-03,87.04
P02586,2025-02-04,74.73
P02586,2025-02-05,75.5
P02586,2025-02-06,69.8
P02586,2025-02-07,62.53
P02587,2025-02-01,155.93
P02587,2025-02-02,152.73
P02587,2025-02-03,136.91
P02587,2025-02-04,142.62
P02587,2025-02-05,124.97
P02587,2025-02-06,128.15
P02587,2025-02-07,131.56
P02588,2025-02-01,213.68
P02588,2025-02-02,216.97
P02588,2025-02-03,219.11
P02588,2025-02-04,224.3
P02588,2025-02-05,193.76
P02588,2025-02-06,164.91
P02588,2025-02-07,151.39
P02589,2025-02-01,127.51
P02589,2025-02-02,109.25
P02589,2025-02-03,97.32
P02589,2025-02-04,95.04
P02589,2025-02-05,91.34
P02589,2025-02-06,80.97
P02589,2025-02-07,70.45
P02590,2025-02-01,23.87
P02590,2025-02-02,21.74
P02590,2025-02-03,22.18
P02590,2025-02-04,21.18
P02590,2025-02-05,19.63
P02590,2025-02-06,18.99
P02590,2025-02-07,19.92
P02591,2025-02-01,125.62
P02591,2025-02-02,119.1
P02591,2025-02-03,113.14
P02591,2025-02-04,115.41
P02591,2025-02-05,120.96
P02591,2025-02-06,108.19
P02591,2025-02-07,101.68
P02592,2025-02-01,58.17
P02592,2025-02-02,56.86
P02592,2025-02-03,53.35
P02592,2025-02-04,55.48
P02592,2025-02-05,54.29
P02592,2025-02-06,47.77
P02592,2025-02-07,40.67
P02593,2025-02-01,103.5
P02593,2025-02-02,95.56
P02593,2025-02-03,91.07
P02593,2025-02-04,90.87
P02593,2025-02-05,80.29
P02593,2025-02-06,74.17
P02593,2025-02-07,66.15
P02594,2025-02-01,37.24
P02594,2025-02-02,38.79
P02594,2025-02-03,37.05
P02594,2025-02-04,37.46
P02594,2025-02-05,33.14
P02594,2025-02-06,31.77
P02594,2025-02-07,32.19
P02595,2025-02-01,190.75
P02595,2025-02-02,190.26
P02595,2025-02-03,168.97
P02595,2025-02-04,145.75
P02595,2025-02-05,129.72
P02595,2025-02-06,113.98
P02595,2025-02-07,116.06
P02596,2025-02-01,231.33
P02596,2025-02-02,196.96
P02596,2025-02-03,179.43
P02596,2025-02-04,155.84
P02596,2025-02-05,144.22
P02596,2025-02-06,122.82
P02596,2025-02-07,106.6
P02597,2025-02-01,172.35
P02597,2025-02-02,154.93
P02597,2025-02-03,139.82
P02597,2025-02-04,123.33
P02597,2025-02-05,122.53
P02597,2025-02-06,115.5
P02597,2025-02-07,98.73
P02598,2025-02-01,89.47
P02598,2025-02-02,79.0
P02598,2025-02-03,74.6
P02598,2025-02-04,71.15
P02598,2025-02-05,61.72
P02598,2025-02-06,58.09
P02598,2025-02-07,58.52
P02599,2025-02-01,70.92
P02599,2025-02-02,73.05
P02599,2025-02-03,69.11
P02599,2025-02-04,63.18
P02599,2025-02-05,63.14
P02599,2025-02-06,58.26
P02599,2025-02-07,56.84
P02600,2025-02-01,74.6
P02600,2025-02-02,70.63
P02600,2025-02-03,65.39
P02600,2025-02-04,66.86
P02600,2025-02-05,69.43
P02600,2025-02-06,63.53
P02600,2025-02-07,61.86
P02601,2025-02-01,229.71
P02601,2025-02-02,218.73
P02601,2025-02-03,219.85
P02601,2025-02-04,216.32
P02601,2025-02-05,203.5
P02601,2025-02-06,209.59
P02601,2025-02-07,201.37
P02602,2025-02-01,181.12
P02602,2025-02-02,180.38
P02602,2025-02-03,167.48
P02602,2025-02-04,160.76
P02602,2025-02-05,142.49
P02602,2025-02-06,133.64
P02602,2025-02-07,116.83
P02603,2025-02-01,150.21
P02603,2025-02-02,141.76
P02603,2025-02-03,122.29
P02603,2025-02-04,120.76
P02603,2025-02-05,107.44
P02603,2025-02-06,108.24
P02603,2025-02-07,107.77
P02604,2025-02-01,78.31
P02604,2025-02-02,81.06
P02604,2025-02-03,79.53
P02604,2025-02-04,82.98
P02604,2025-02-05,86.41
P02604,2025-02-06,89.45
P02604,2025-02-07,81.86
P02605,2025-02-01,25.59
P02605,2025-02-02,22.63
P02605,2025-02-03,21.85
P02605,2025-02-04,21.05
P02605,2025-02-05,20.48
P02605,2025-02-06,20.44
P02605,2025-02-07,20.98
P02606,2025-02-01,119.71
P02606,2025-02-02,124.63
P02606,2025-02-03,124.2
P02606,2025-02-04,125.43
P02606,2025-02-05,123.1
P02606,2025-02-06,119.04
P02606,2025-02-07,116.43
P02607,2025-02-01,237.94
P02607,2025-02-02,213.49
P02607,2025-02-03,204.98
P02607,2025-02-04,183.93
P02607,2025-02-05,162.47
P02607,2025-02-06,159.33
P02607,2025-02-07,157.82
P02608,2025-02-01,124.14
P02608,2025-02-02,111.59
P02608,2025-02-03,107.74
P02608,2025-02-04,110.85
P02608,2025-02-05,98.73
P02608,2025-02-06,94.9
P02608,2025-02-07,86.51
P02609,2025-02-01,121.85
P02609,2025-02-02,113.76
P02609,2025-02-03,107.82
P02609,2025-02-04,105.55
P02609,2025-02-05,105.28
P02609,2025-02-06,108.07
P02609,2025-02-07,96.59
P02610,2025-02-01,21.98
P02610,2025-02-02,22.24
P02610,2025-02-03,20.19
P02610,2025-02-04,20.96
P02610,2025-02-05,20.21
P02610,2025-02-06,18.23
P02610,2025-02-07,16.42
P02611,2025-02-01,199.8
P02611,2025-02-02,202.23
P02611,2025-02-03,203.24
P02611,2025-02-04,197.6
P02611,2025-02-05,196.61
P02611,2025-02-06,174.21
P02611,2025-02-07,163.65
P02612,2025-02-01,40.56
P02612,2025-02-02,41.17
P02612,2025-02-03,42.08
P02612,2025-02-04,39.46
P02612,2025-02-05,35.02
P02612,2025-02-06,30.99
P02612,2025-02-07,26.77
P02613,2025-02-01,118.99
P02613,2025-02-02,102.46
P02613,2025-02-03,92.14
P02613,2025-02-04,94.92
P02613,2025-02-05,89.58
P02613,2025-02-06,85.58
P02613,2025-02-07,81.26
P02614,2025-02-01,65.03
P02614,2025-02-02,56.74
P02614,2025-02-03,53.79
P02614,2025-02-04,55.35
P02614,2025-02-05,50.67
P02614,2025-02-06,48.94
P02614,2025-02-07,47.06
P02615,2025-02-01,93.75
P02615,2025-02-02,96.84
P02615,2025-02-03,87.02
P02615,2025-02-04,76.56
P02615,2025-02-05,77.51
P02615,2025-02-06,77.55
P02615,2025-02-07,67.45
P02616,2025-02-01,153.81
P02616,2025-02-02,155.14
P02616,2025-02-03,144.19
P02616,2025-02-04,145.36
P02616,2025-02-05,148.64
P02616,2025-02-06,142.63
P02616,2025-02-07,126.18
P02617,2025-02-01,32.88
P02617,2025-02-02,33.76
P02617,2025-02-03,30.49
P02617,2025-02-04,29.3
P02617,2025-02-05,28.46
P02617,2025-02-06,29.54
P02617,2025-02-07,30.34
P02618,2025-02-01,219.03
P02618,2025-02-02,208.89
P02618,2025-02-03,198.69
P02618,2025-02-04,191.49
P02618,2025-02-05,176.14
P02618,2025-02-06,157.14
P02618,2025-02-07,156.83
P02619,2025-02-01,221.93
P02619,2025-02-02,219.93
P02619,2025-02-03,203.31
P02619,2025-02-04,193.73
P02619,2025-02-05,171.83
P02619,2025-02-06,167.96
P02619,2025-02-07,156.01
P02620,2025-02-01,176.18
P02620,2025-02-02,151.9
P02620,2025-02-03,154.57
P02620,2025-02-04,154.59
P02620,2025-02-05,162.24
P02620,2025-02-06,162.84
P02620,2025-02-07,144.99
P02621,2025-02-01,12.42
P02621,2025-02-02,11.25
P02621,2025-02-03,10.24
P02621,2025-02-04,10.59
P02621,2025-02-05,10.37
P02621,2025-02-06,10.5
P02621,2025-02-07,10.72
P02622,2025-02-01,153.11
P02622,2025-02-02,147.72
P02622,2025-02-03,128.8
P02622,2025-02-04,111.19
P02622,2025-02-05,113.08
P02622,2025-02-06,99.8
P02622,2025-02-07,89.02
P02623,2025-02-01,174.86
P02623,2025-02-02,174.09
P02623,2025-02-03,179.26
P02623,2025-02-04,183.48
P02623,2025-02-05,156.8
P02623,2025-02-06,137.96
P02623,2025-02-07,133.19
P02624,2025-02-01,36.73
P02624,2025-02-02,36.94
P02624,2025-02-03,36.79
P02624,2025-02-04,35.59
P02624,2025-02-05,32.73
P02624,2025-02-06,27.98
P02624,2025-02-07,25.48
P02625,2025-02-01,71.45
P02625,2025-02-02,67.56
P02625,2025-02-03,66.26
P02625,2025-02-04,66.06
P02625,2025-02-05,58.7
P02625,2025-02-06,57.08
P02625,2025-02-07,50.76
P02626,2025-02-01,257.9
P02626,2025-02-02,219.47
P02626,2025-02-03,204.79
P02626,2025-02-04,193.33
P02626,2025-02-05,172.47
P02626,2025-02-06,167.07
P02626,2025-02-07,145.11
P02627,2025-02-01,159.27
P02627,2025-02-02,166.2
P02627,2025-02-03,146.1
P02627,2025-02-04,125.6
P02627,2025-02-05,110.55
P02627,2025-02-06,97.32
P02627,2025-02-07,86.76
P02628,2025-02-01,199.95
P02628,2025-02-02,174.68
P02628,2025-02-03,172.47
P02628,2025-02-04,170.76
P02628,2025-02-05,160.87
P02628,2025-02-06,151.75
P02628,2025-02-07,149.02
P02629,2025-02-01,39.71
P02629,2025-02-02,34.18
P02629,2025-02-03,33.19
P02629,2025-02-04,33.16
P02629,2025-02-05,28.78
P02629,2025-02-06,25.11
P02629,2025-02-07,23.37
P02630,2025-02-01,246.74
P02630,2025-02-02,216.12
P02630,2025-02-03,191.51
P02630,2025-02-04,167.42
P02630,2025-02-05,166.47
P02630,2025-02-06,156.36
P02630,2025-02-07,155.52
P02631,2025-02-01,126.0
P02631,2025-02-02,123.78
P02631,2025-02-03,128.13
P02631,2025-02-04,128.39
P02631,2025-02-05,133.07
P02631,2025-02-06,118.38
P02631,2025-02-07,115.37
P02632,2025-02-01,217.08
P02632,2025-02-02,216.2
P02632,2025-02-03,185.37
P02632,2025-02-04,178.77
P02632,2025-02-05,167.38
P02632,2025-02-06,153.56
P02632,2025-02-07,146.99
P02633,2025-02-01,64.0
P02633,2025-02-02,62.85
P02633,2025-02-03,59.15
P02633,2025-02-04,60.65
P02633,2025-02-05,61.39
P02633,2025-02-06,61.72
P02633,2025-02-07,53.74
P02634,2025-02-01,60.73
P02634,2025-02-02,60.9
P02634,2025-02-03,55.2
P02634,2025-02-04,48.03
P02634,2025-02-05,43.56
P02634,2025-02-06,43.91
P02634,2025-02-07,43.32
P02635,2025-02-01,208.98
P02635,2025-02-02,203.77
P02635,2025-02-03,178.93
P02635,2025-02-04,164.16
P02635,2025-02-05,139.82
P02635,2025-02-06,137.44
P02635,2025-02-07,143.82
P02636,2025-02-01,33.16
P02636,2025-02-02,29.18
P02636,2025-02-03,26.48
P02636,2025-02-04,23.19
P02636,2025-02-05,23.61
P02636,2025-02-06,22.86
P02636,2025-02-07,22.63
P02637,2025-02-01,187.64
P02637,2025-02-02,173.26
P02637,2025-02-03,180.8
P02637,2025-02-04,179.77
P02637,2025-02-05,182.99
P02637,2025-02-06,157.96
P02637,2025-02-07,157.71
P02638,2025-02-01,84.81
P02638,2025-02-02,83.2
P02638,2025-02-03,84.12
P02638,2025-02-04,75.11
P02638,2025-02-05,73.86
P02638,2025-02-06,71.59
P02638,2025-02-07,62.69
P02639,2025-02-01,224.91
P02639,2025-02-02,222.42
P02639,2025-02-03,211.15
P02639,2025-02-04,180.2
P02639,2025-02-05,156.67
P02639,2025-02-06,163.53
P02639,2025-02-07,142.88
P02640,2025-02-01,67.07
P02640,2025-02-02,60.7
P02640,2025-02-03,56.74
P02640,2025-02-04,52.3
P02640,2025-02-05,47.87
P02640,2025-02-06,44.2
P02640,2025-02-07,40.28
P02641,2025-02-01,206.0
P02641,2025-02-02,213.17
P02641,2025-02-03,190.23
P02641,2025-02-04,162.72
P02641,2025-02-05,168.95
P02641,2025-02-06,173.62
P02641,2025-02-07,174.61
P02642,2025-02-01,67.38
P02642,2025-02-02,57.62
P02642,2025-02-03,60.39
P02642,2025-02-04,62.57
P02642,2025-02-05,58.47
P02642,2025-02-06,53.93
P02642,2025-02-07,47.59
P02643,2025-02-01,61.96
P02643,2025-02-02,55.53
P02643,2025-02-03,52.7
P02643,2025-02-04,45.43
P02643,2025-02-05,44.06
P02643,2025-02-06,37.99
P02643,2025-02-07,37.75
P02644,2025-02-01,154.15
P02644,2025-02-02,160.75
P02644,2025-02-03,150.5
P02644,2025-02-04,153.87
P02644,2025-02-05,131.48
P02644,2025-02-06,117.76
P02644,2025-02-07,103.07
P02645,2025-02-01,211.5
P02645,2025-02-02,191.68
P02645,2025-02-03,187.85
P02645,2025-02-04,193.53
P02645,2025-02-05,177.75
P02645,2025-02-06,160.37
P02645,2025-02-07,164.03
P02646,2025-02-01,130.36
P02646,2025-02-02,132.39
P02646,2025-02-03,130.65
P02646,2025-02-04,127.83
P02646,2025-02-05,114.33
P02646,2025-02-06,113.42
P02646,2025-02-07,102.88
P02647,2025-02-01,185.82
P02647,2025-02-02,167.23
P02647,2025-02-03,146.32
P02647,2025-02-04,142.4
P02647,2025-02-05,146.9
P02647,2025-02-06,136.78
P02647,2025-02-07,129.84
P02648,2025-02-01,205.28
P02648,2025-02-02,212.02
P02648,2025-02-03,207.35
P02648,2025-02-04,191.53
P02648,2025-02-05,197.01
P02648,2025-02-06,179.6
P02648,2025-02-07,154.99
P02649,2025-02-01,67.38
P02649,2025-02-02,63.24
P02649,2025-02-03,62.32
P02649,2025-02-04,65.41
P02649,2025-02-05,60.46
P02649,2025-02-06,56.53
P02649,2025-02-07,50.0
P02650,2025-02-01,134.7
P02650,2025-02-02,121.12
P02650,2025-02-03,114.57
P02650,2025-02-04,99.82
P02650,2025-02-05,101.55
P02650,2025-02-06,91.42
P02650,2025-02-07,85.65
P02651,2025-02-01,212.48
P02651,2025-02-02,185.31
P02651,2025-02-03,178.08
P02651,2025-02-04,178.76
P02651,2025-02-05,180.45
P02651,2025-02-06,171.94
P02651,2025-02-07,147.48
P02652,2025-02-01,140.1
P02652,2025-02-02,119.83
P02652,2025-02-03,123.7
P02652,2025-02-04,124.75
P02652,2025-02-05,119.86
P02652,2025-02-06,104.29
P02652,2025-02-07,96.96
P02653,2025-02-01,225.13
P02653,2025-02-02,225.74
P02653,2025-02-03,195.94
P02653,2025-02-04,172.89
P02653,2025-02-05,164.81
P02653,2025-02-06,158.03
P02653,2025-02-07,150.66
P02654,2025-02-01,125.87
P02654,2025-02-02,127.44
P02654,2025-02-03,125.41
P02654,2025-02-04,117.83
P02654,2025-02-05,103.65
P02654,2025-02-06,88.73
P02654,2025-02-07,88.19
P02655,2025-02-01,34.69
P02655,2025-02-02,36.25
P02655,2025-02-03,35.92
P02655,2025-02-04,33.86
P02655,2025-02-05,30.1
P02655,2025-02-06,25.84
P02655,2025-02-07,24.3
P02656,2025-02-01,155.96
P02656,2025-02-02,140.25
P02656,2025-02-03,132.17
P02656,2025-02-04,118.4
P02656,2025-02-05,102.53
P02656,2025-02-06,88.13
P02656,2025-02-07,90.25
P02657,2025-02-01,87.83
P02657,2025-02-02,81.0
P02657,2025-02-03,77.45
P02657,2025-02-04,70.1
P02657,2025-02-05,63.79
P02657,2025-02-06,64.44
P02657,2025-02-07,57.03
P02658,2025-02-01,69.66
P02658,2025-02-02,69.02
P02658,2025-02-03,59.01
P02658,2025-02-04,56.83
P02658,2025-02-05,50.37
P02658,2025-02-06,48.17
P02658,2025-02-07,46.03
P02659,2025-02-01,142.0
P02659,2025-02-02,130.79
P02659,2025-02-03,122.31
P02659,2025-02-04,114.47
P02659,2025-02-05,103.11
P02659,2025-02-06,88.26
P02659,2025-02-07,77.15
P02660,2025-02-01,117.09
P02660,2025-02-02,99.65
P02660,2025-02-03,88.67
P02660,2025-02-04,87.27
P02660,2025-02-05,89.4
P02660,2025-02-06,79.57
P02660,2025-02-07,74.04
P02661,2025-02-01,173.7
P02661,2025-02-02,176.22
P02661,2025-02-03,182.19
P02661,2025-02-04,170.88
P02661,2025-02-05,153.94
P02661,2025-02-06,144.32
P02661,2025-02-07,134.03
P02662,2025-02-01,52.01
P02662,2025-02-02,52.77
P02662,2025-02-03,45.69
P02662,2025-02-04,44.18
P02662,2025-02-05,42.19
P02662,2025-02-06,42.87
P02662,2025-02-07,42.44
P02663,2025-02-01,172.25
P02663,2025-02-02,162.78
P02663,2025-02-03,139.41
P02663,2025-02-04,145.82
P02663,2025-02-05,135.7
P02663,2025-02-06,126.89
P02663,2025-02-07,115.74
P02664,2025-02-01,50.63
P02664,2025-02-02,46.38
P02664,2025-02-03,44.89
P02664,2025-02-04,44.94
P02664,2025-02-05,45.35
P02664,2025-02-06,39.01
P02664,2025-02-07,37.75
P02665,2025-02-01,189.27
P02665,2025-02-02,186.11
P02665,2025-02-03,162.82
P02665,2025-02-04,146.61
P02665,2025-02-05,125.19
P02665,2025-02-06,122.81
P02665,2025-02-07,118.77
P02666,2025-02-01,115.43
P02666,2025-02-02,110.67
P02666,2025-02-03,114.91
P02666,2025-02-04,99.24
P02666,2025-02-05,98.54
P02666,2025-02-06,98.68
P02666,2025-02-07,100.81
P02667,2025-02-01,130.84
P02667,2025-02-02,127.73
P02667,2025-02-03,115.46
P02667,2025-02-04,98.21
P02667,2025-02-05,88.38
P02667,2025-02-06,92.75
P02667,2025-02-07,80.06
P02668,2025-02-01,218.77
P02668,2025-02-02,220.28
P02668,2025-02-03,189.1
P02668,2025-02-04,183.83
P02668,2025-02-05,174.71
P02668,2025-02-06,176.73
P02668,2025-02-07,160.74
P02669,2025-02-01,229.84
P02669,2025-02-02,233.52
P02669,2025-02-03,236.87
P02669,2025-02-04,245.36
P02669,2025-02-05,227.94
P02669,2025-02-06,221.38
P02669,2025-02-07,231.99
P02670,2025-02-01,182.67
P02670,2025-02-02,178.61
P02670,2025-02-03,174.97
P02670,2025-02-04,155.68
P02670,2025-02-05,150.71
P02670,2025-02-06,148.76
P02670,2025-02-07,150.65
P02671,2025-02-01,42.77
P02671,2025-02-02,39.62
P02671,2025-02-03,38.09
P02671,2025-02-04,34.61
P02671,2025-02-05,32.26
P02671,2025-02-06,29.89
P02671,2025-02-07,26.0
P02672,2025-02-01,67.35
P02672,2025-02-02,60.16
P02672,2025-02-03,54.59
P02672,2025-02-04,46.94
P02672,2025-02-05,44.4
P02672,2025-02-06,40.1
P02672,2025-02-07,35.96
P02673,2025-02-01,196.41
P02673,2025-02-02,173.79
P02673,2025-02-03,158.92
P02673,2025-02-04,140.9
P02673,2025-02-05,140.53
P02673,2025-02-06,146.63
P02673,2025-02-07,144.28
P02674,2025-02-01,166.17
P02674,2025-02-02,161.02
P02674,2025-02-03,155.64
P02674,2025-02-04,160.68
P02674,2025-02-05,168.57
P02674,2025-02-06,158.32
P02674,2025-02-07,135.04
P02675,2025-02-01,200.89
P02675,2025-02-02,199.34
P02675,2025-02-03,205.76
P02675,2025-02-04,181.69
P02675,2025-02-05,170.09
P02675,2025-02-06,178.19
P02675,2025-02-07,174.99
P02676,2025-02-01,63.91
P02676,2025-02-02,54.66
P02676,2025-02-03,51.57
P02676,2025-02-04,49.15
P02676,2025-02-05,49.84
P02676,2025-02-06,47.75
P02676,2025-02-07,42.23
P02677,2025-02-01,156.8
P02677,2025-02-02,136.07
P02677,2025-02-03,117.15
P02677,2025-02-04,103.29
P02677,2025-02-05,101.54
P02677,2025-02-06,86.87
P02677,2025-02-07,87.8
P02678,2025-02-01,251.49
P02678,2025-02-02,245.34
P02678,2025-02-03,213.2
P02678,2025-02-04,220.91
P02678,2025-02-05,229.15
P02678,2025-02-06,238.03
P02678,2025-02-07,240.37
P02679,2025-02-01,181.81
P02679,2025-02-02,163.09
P02679,2025-02-03,160.95
P02679,2025-02-04,160.98
P02679,2025-02-05,155.24
P02679,2025-02-06,150.44
P02679,2025-02-07,154.5
P02680,2025-02-01,108.62
P02680,2025-02-02,109.27
P02680,2025-02-03,102.68
P02680,2025-02-04,90.29
P02680,2025-02-05,78.77
P02680,2025-02-06,82.33
P02680,2025-02-07,85.83
P02681,2025-02-01,64.55
P02681,2025-02-02,64.3
P02681,2025-02-03,61.57
P02681,2025-02-04,60.04
P02681,2025-02-05,62.62
P02681,2025-02-06,64.85
P02681,2025-02-07,61.71
P02682,2025-02-01,165.7
P02682,2025-02-02,167.86
P02682,2025-02-03,171.26
P02682,2025-02-04,178.81
P02682,2025-02-05,185.18
P02682,2025-02-06,190.52
P02682,2025-02-07,173.53
P02683,2025-02-01,38.28
P02683,2025-02-02,33.6
P02683,2025-02-03,33.65
P02683,2025-02-04,31.64
P02683,2025-02-05,32.46
P02683,2025-02-06,29.9
P02683,2025-02-07,28.48
P02684,2025-02-01,116.09
P02684,2025-02-02,120.2
P02684,2025-02-03,115.9
P02684,2025-02-04,108.72
P02684,2025-02-05,103.43
P02684,2025-02-06,96.97
P02684,2025-02-07,82.65
P02685,2025-02-01,233.1
P02685,2025-02-02,206.18
P02685,2025-02-03,208.73
P02685,2025-02-04,188.25
P02685,2025-02-05,161.78
P02685,2025-02-06,152.86
P02685,2025-02-07,144.4
P02686,2025-02-01,56.4
P02686,2025-02-02,49.0
P02686,2025-02-03,49.91
P02686,2025-02-04,50.83
P02686,2025-02-05,47.07
P02686,2025-02-06,40.81
P02686,2025-02-07,39.55
P02687,2025-02-01,64.85
P02687,2025-02-02,56.31
P02687,2025-02-03,55.16
P02687,2025-02-04,47.81
P02687,2025-02-05,42.15
P02687,2025-02-06,43.34
P02687,2025-02-07,42.68
P02688,2025-02-01,227.62
P02688,2025-02-02,220.36
P02688,2025-02-03,222.19
P02688,2025-02-04,215.52
P02688,2025-02-05,201.45
P02688,2025-02-06,207.65
P02688,2025-02-07,182.75
P02689,2025-02-01,233.88
P02689,2025-02-02,232.77
P02689,2025-02-03,216.11
P02689,2025-02-04,224.46
P02689,2025-02-05,220.88
P02689,2025-02-06,225.21
P02689,2025-02-07,221.36
P02690,2025-02-01,213.22
P02690,2025-02-02,183.37
P02690,2025-02-03,157.45
P02690,2025-02-04,145.0
P02690,2025-02-05,143.94
P02690,2025-02-06,129.8
P02690,2025-02-07,130.85
P02691,2025-02-01,67.81
P02691,2025-02-02,68.35
P02691,2025-02-03,63.89
P02691,2025-02-04,58.84
P02691,2025-02-05,50.53
P02691,2025-02-06,52.04
P02691,2025-02-07,50.92
P02692,2025-02-01,225.38
P02692,2025-02-02,199.55
P02692,2025-02-03,180.96
P02692,2025-02-04,186.16
P02692,2025-02-05,183.96
P02692,2025-02-06,176.9
P02692,2025-02-07,162.16
P02693,2025-02-01,19.61
P02693,2025-02-02,18.15
P02693,2025-02-03,15.82
P02693,2025-02-04,16.39
P02693,2025-02-05,15.84
P02693,2025-02-06,16.19
P02693,2025-02-07,15.89
P02694,2025-02-01,220.0
P02694,2025-02-02,215.21
P02694,2025-02-03,190.75
P02694,2025-02-04,186.55
P02694,2025-02-05,191.58
P02694,2025-02-06,198.33
P02694,2025-02-07,196.43
P02695,2025-02-01,72.63
P02695,2025-02-02,65.85
P02695,2025-02-03,64.0
P02695,2025-02-04,59.31
P02695,2025-02-05,53.36
P02695,2025-02-06,48.18
P02695,2025-02-07,46.85
P02696,2025-02-01,132.98
P02696,2025-02-02,113.71
P02696,2025-02-03,106.96
P02696,2025-02-04,97.6
P02696,2025-02-05,84.22
P02696,2025-02-06,71.78
P02696,2025-02-07,69.06
P02697,2025-02-01,212.6
P02697,2025-02-02,185.06
P02697,2025-02-03,162.57
P02697,2025-02-04,170.09
P02697,2025-02-05,156.67
P02697,2025-02-06,156.98
P02697,2025-02-07,159.35
P02698,2025-02-01,221.1
P02698,2025-02-02,205.92
P02698,2025-02-03,197.38
P02698,2025-02-04,172.71
P02698,2025-02-05,164.16
P02698,2025-02-06,158.38
P02698,2025-02-07,159.63
P02699,2025-02-01,146.08
P02699,2025-02-02,130.65
P02699,2025-02-03,125.02
P02699,2025-02-04,119.59
P02699,2025-02-05,113.65
P02699,2025-02-06,110.56
P02699,2025-02-07,113.44
P02700,2025-02-01,232.93
P02700,2025-02-02,204.39
P02700,2025-02-03,184.3
P02700,2025-02-04,174.33
P02700,2025-02-05,182.72
P02700,2025-02-06,182.83
P02700,2025-02-07,171.68
P02701,2025-02-01,37.02
P02701,2025-02-02,35.73
P02701,2025-02-03,33.41
P02701,2025-02-04,32.56
P02701,2025-02-05,28.09
P02701,2025-02-06,25.56
P02701,2025-02-07,22.82
P02702,2025-02-01,55.26
P02702,2025-02-02,56.14
P02702,2025-02-03,54.3
P02702,2025-02-04,54.37
P02702,2025-02-05,54.1
P02702,2025-02-06,49.86
P02702,2025-02-07,49.91
P02703,2025-02-01,120.13
P02703,2025-02-02,116.52
P02703,2025-02-03,118.03
P02703,2025-02-04,123.9
P02703,2025-02-05,126.95
P02703,2025-02-06,126.05
P02703,2025-02-07,109.86
P02704,2025-02-01,238.5
P02704,2025-02-02,212.9
P02704,2025-02-03,211.61
P02704,2025-02-04,217.72
P02704,2025-02-05,199.94
P02704,2025-02-06,209.18
P02704,2025-02-07,179.64
P02705,2025-02-01,139.11
P02705,2025-02-02,125.32
P02705,2025-02-03,120.46
P02705,2025-02-04,104.67
P02705,2025-02-05,95.93
P02705,2025-02-06,97.47
P02705,2025-02-07,83.28
P02706,2025-02-01,180.39
P02706,2025-02-02,159.31
P02706,2025-02-03,164.29
P02706,2025-02-04,148.79
P02706,2025-02-05,135.46
P02706,2025-02-06,119.06
P02706,2025-02-07,104.17
P02707,2025-02-01,173.98
P02707,2025-02-02,151.27
P02707,2025-02-03,138.2
P02707,2025-02-04,118.34
P02707,2025-02-05,105.16
P02707,2025-02-06,95.47
P02707,2025-02-07,81.69
P02708,2025-02-01,45.79
P02708,2025-02-02,44.12
P02708,2025-02-03,41.05
P02708,2025-02-04,35.41
P02708,2025-02-05,35.45
P02708,2025-02-06,33.57
P02708,2025-02-07,34.65
P02709,2025-02-01,243.99
P02709,2025-02-02,243.87
P02709,2025-02-03,244.96
P02709,2025-02-04,214.43
P02709,2025-02-05,193.36
P02709,2025-02-06,185.17
P02709,2025-02-07,185.28
P02710,2025-02-01,79.66
P02710,2025-02-02,77.76
P02710,2025-02-03,74.6
P02710,2025-02-04,77.68
P02710,2025-02-05,77.36
P02710,2025-02-06,79.16
P02710,2025-02-07,74.6
P02711,2025-02-01,84.95
P02711,2025-02-02,81.57
P02711,2025-02-03,70.92
P02711,2025-02-04,61.41
P02711,2025-02-05,55.53
P02711,2025-02-06,52.94
P02711,2025-02-07,55.54
P02712,2025-02-01,73.17
P02712,2025-02-02,73.72
P02712,2025-02-03,75.04
P02712,2025-02-04,73.13
P02712,2025-02-05,75.6
P02712,2025-02-06,73.73
P02712,2025-02-07,76.64
P02713,2025-02-01,225.97
P02713,2025-02-02,216.75
P02713,2025-02-03,210.96
P02713,2025-02-04,202.03
P02713,2025-02-05,204.24
P02713,2025-02-06,183.77
P02713,2025-02-07,192.05
P02714,2025-02-01,178.14
P02714,2025-02-02,165.52
P02714,2025-02-03,161.17
P02714,2025-02-04,151.19
P02714,2025-02-05,156.64
P02714,2025-02-06,145.09
P02714,2025-02-07,132.39
P02715,2025-02-01,38.3
P02715,2025-02-02,39.39
P02715,2025-02-03,34.19
P02715,2025-02-04,31.39
P02715,2025-02-05,28.32
P02715,2025-02-06,25.85
P02715,2025-02-07,25.38
P02716,2025-02-01,61.86
P02716,2025-02-02,53.95
P02716,2025-02-03,52.48
P02716,2025-02-04,52.19
P02716,2025-02-05,51.45
P02716,2025-02-06,44.34
P02716,2025-02-07,43.79
P02717,2025-02-01,119.39
P02717,2025-02-02,112.89
P02717,2025-02-03,104.11
P02717,2025-02-04,103.01
P02717,2025-02-05,95.42
P02717,2025-02-06,94.37
P02717,2025-02-07,86.84
P02718,2025-02-01,58.91
P02718,2025-02-02,50.9
P02718,2025-02-03,44.07
P02718,2025-02-04,43.48
P02718,2025-02-05,37.5
P02718,2025-02-06,38.12
P02718,2025-02-07,36.5
P02719,2025-02-01,239.07
P02719,2025-02-02,240.09
P02719,2025-02-03,242.85
P02719,2025-02-04,216.48
P02719,2025-02-05,197.62
P02719,2025-02-06,184.21
P02719,2025-02-07,182.71
P02720,2025-02-01,198.68
P02720,2025-02-02,173.88
P02720,2025-02-03,165.7
P02720,2025-02-04,149.46
P02720,2025-02-05,138.17
P02720,2025-02-06,118.99
P02720,2025-02-07,112.7
P02721,2025-02-01,142.61
P02721,2025-02-02,122.62
P02721,2025-02-03,118.8
P02721,2025-02-04,116.46
P02721,2025-02-05,106.0
P02721,2025-02-06,92.98
P02721,2025-02-07,88.9
P02722,2025-02-01,44.18
P02722,2025-02-02,42.68
P02722,2025-02-03,37.81
P02722,2025-02-04,34.36
P02722,2025-02-05,31.79
P02722,2025-02-06,29.41
P02722,2025-02-07,30.09
P02723,2025-02-01,231.92
P02723,2025-02-02,233.57
P02723,2025-02-03,233.13
P02723,2025-02-04,224.12
P02723,2025-02-05,210.0
P02723,2025-02-06,199.4
P02723,2025-02-07,171.48
P02724,2025-02-01,188.2
P02724,2025-02-02,189.67
P02724,2025-02-03,171.16
P02724,2025-02-04,145.98
P02724,2025-02-05,147.16
P02724,2025-02-06,134.23
P02724,2025-02-07,125.47
P02725,2025-02-01,95.61
P02725,2025-02-02,88.23
P02725,2025-02-03,88.34
P02725,2025-02-04,81.09
P02725,2025-02-05,83.4
P02725,2025-02-06,80.42
P02725,2025-02-07,80.94
P02726,2025-02-01,177.89
P02726,2025-02-02,162.18
P02726,2025-02-03,148.2
P02726,2025-02-04,132.51
P02726,2025-02-05,133.34
P02726,2025-02-06,134.81
P02726,2025-02-07,115.37
P02727,2025-02-01,173.16
P02727,2025-02-02,151.72
P02727,2025-02-03,154.97
P02727,2025-02-04,143.18
P02727,2025-02-05,144.58
P02727,2025-02-06,148.22
P02727,2025-02-07,149.21
P02728,2025-02-01,142.44
P02728,2025-02-02,145.41
P02728,2025-02-03,128.96
P02728,2025-02-04,120.42
P02728,2025-02-05,119.23
P02728,2025-02-06,102.64
P02728,2025-02-07,95.38
P02729,2025-02-01,30.06
P02729,2025-02-02,27.56
P02729,2025-02-03,26.78
P02729,2025-02-04,23.99
P02729,2025-02-05,20.65
P02729,2025-02-06,20.42
P02729,2025-02-07,20.11
P02730,2025-02-01,119.13
P02730,2025-02-02,105.08
P02730,2025-02-03,93.24
P02730,2025-02-04,82.52
P02730,2025-02-05,75.0
P02730,2025-02-06,78.2
P02730,2025-02-07,78.95
P02731,2025-02-01,207.59
P02731,2025-02-02,194.23
P02731,2025-02-03,199.33
P02731,2025-02-04,197.1
P02731,2025-02-05,186.22
P02731,2025-02-06,173.23
P02731,2025-02-07,173.71
P02732,2025-02-01,188.34
P02732,2025-02-02,183.19
P02732,2025-02-03,170.01
P02732,2025-02-04,148.03
P02732,2025-02-05,131.06
P02732,2025-02-06,129.99
P02732,2025-02-07,113.09
P02733,2025-02-01,248.04
P02733,2025-02-02,229.31
P02733,2025-02-03,239.51
P02733,2025-02-04,227.7
P02733,2025-02-05,237.11
P02733,2025-02-06,226.84
P02733,2025-02-07,216.27
P02734,2025-02-01,205.77
P02734,2025-02-02,190.88
P02734,2025-02-03,164.54
P02734,2025-02-04,164.89
P02734,2025-02-05,172.46
P02734,2025-02-06,147.11
P02734,2025-02-07,139.01
P02735,2025-02-01,57.12
P02735,2025-02-02,54.45
P02735,2025-02-03,50.6
P02735,2025-02-04,50.2
P02735,2025-02-05,52.63
P02735,2025-02-06,46.08
P02735,2025-02-07,47.23
P02736,2025-02-01,186.13
P02736,2025-02-02,164.65
P02736,2025-02-03,159.56
P02736,2025-02-04,165.68
P02736,2025-02-05,155.54
P02736,2025-02-06,156.65
P02736,2025-02-07,133.58
P02737,2025-02-01,130.55
P02737,2025-02-02,131.91
P02737,2025-02-03,123.89
P02737,2025-02-04,129.94
P02737,2025-02-05,121.07
P02737,2025-02-06,109.28
P02737,2025-02-07,96.47
P02738,2025-02-01,36.84
P02738,2025-02-02,37.3
P02738,2025-02-03,32.27
P02738,2025-02-04,32.14
P02738,2025-02-05,33.23
P02738,2025-02-06,28.6
P02738,2025-02-07,27.33
P02739,2025-02-01,148.85
P02739,2025-02-02,133.33
P02739,2025-02-03,133.59
P02739,2025-02-04,126.34
P02739,2025-02-05,113.15
P02739,2025-02-06,104.0
P02739,2025-02-07,100.65
P02740,2025-02-01,135.23
P02740,2025-02-02,125.38
P02740,2025-02-03,125.44
P02740,2025-02-04,107.83
P02740,2025-02-05,103.61
P02740,2025-02-06,108.25
P02740,2025-02-07,105.77
P02741,2025-02-01,158.33
P02741,2025-02-02,146.25
P02741,2025-02-03,132.06
P02741,2025-02-04,125.83
P02741,2025-02-05,114.75
P02741,2025-02-06,100.37
P02741,2025-02-07,96.51
P02742,2025-02-01,62.36
P02742,2025-02-02,62.37
P02742,2025-02-03,59.29
P02742,2025-02-04,60.82
P02742,2025-02-05,56.1
P02742,2025-02-06,56.13
P02742,2025-02-07,58.38
P02743,2025-02-01,161.88
P02743,2025-02-02,139.12
P02743,2025-02-03,137.06
P02743,2025-02-04,128.27
P02743,2025-02-05,116.87
P02743,2025-02-06,107.93
P02743,2025-02-07,105.82
P02744,2025-02-01,213.58
P02744,2025-02-02,196.0
P02744,2025-02-03,172.31
P02744,2025-02-04,153.25
P02744,2025-02-05,157.24
P02744,2025-02-06,137.16
P02744,2025-02-07,142.49
P02745,2025-02-01,156.69
P02745,2025-02-02,138.02
P02745,2025-02-03,137.0
P02745,2025-02-04,128.71
P02745,2025-02-05,129.22
P02745,2025-02-06,125.73
P02745,2025-02-07,125.39
P02746,2025-02-01,86.28
P02746,2025-02-02,90.2
P02746,2025-02-03,88.98
P02746,2025-02-04,86.68
P02746,2025-02-05,87.82
P02746,2025-02-06,76.14
P02746,2025-02-07,71.39
P02747,2025-02-01,156.31
P02747,2025-02-02,157.05
P02747,2025-02-03,157.49
P02747,2025-02-04,141.52
P02747,2025-02-05,128.6
P02747,2025-02-06,125.81
P02747,2025-02-07,125.62
P02748,2025-02-01,47.28
P02748,2025-02-02,44.81
P02748,2025-02-03,38.36
P02748,2025-02-04,39.26
P02748,2025-02-05,37.73
P02748,2025-02-06,34.93
P02748,2025-02-07,30.88
P02749,2025-02-01,188.76
P02749,2025-02-02,163.19
P02749,2025-02-03,154.21
P02749,2025-02-04,153.11
P02749,2025-02-05,150.2
P02749,2025-02-06,129.5
P02749,2025-02-07,132.01
P02750,2025-02-01,148.44
P02750,2025-02-02,144.19
P02750,2025-02-03,133.72
P02750,2025-02-04,120.27
P02750,2025-02-05,103.23
P02750,2025-02-06,94.54
P02750,2025-02-07,92.37
P02751,2025-02-01,83.02
P02751,2025-02-02,71.12
P02751,2025-02-03,69.11
P02751,2025-02-04,69.7
P02751,2025-02-05,62.44
P02751,2025-02-06,62.06
P02751,2025-02-07,58.99
P02752,2025-02-01,131.24
P02752,2025-02-02,115.36
P02752,2025-02-03,112.46
P02752,2025-02-04,100.75
P02752,2025-02-05,102.72
P02752,2025-02-06,105.41
P02752,2025-02-07,89.85
P02753,2025-02-01,235.71
P02753,2025-02-02,240.79
P02753,2025-02-03,246.24
P02753,2025-02-04,248.1
P02753,2025-02-05,247.62
P02753,2025-02-06,235.97
P02753,2025-02-07,234.33
P02754,2025-02-01,71.67
P02754,2025-02-02,66.6
P02754,2025-02-03,62.93
P02754,2025-02-04,57.1
P02754,2025-02-05,58.87
P02754,2025-02-06,59.96
P02754,2025-02-07,55.11
P02755,2025-02-01,96.12
P02755,2025-02-02,85.01
P02755,2025-02-03,76.58
P02755,2025-02-04,79.13
P02755,2025-02-05,82.38
P02755,2025-02-06,74.33
P02755,2025-02-07,69.54
P02756,2025-02-01,55.76
P02756,2025-02-02,56.61
P02756,2025-02-03,50.5
P02756,2025-02-04,48.33
P02756,2025-02-05,44.58
P02756,2025-02-06,38.48
P02756,2025-02-07,37.35
P02757,2025-02-01,218.74
P02757,2025-02-02,195.44
P02757,2025-02-03,193.66
P02757,2025-02-04,186.01
P02757,2025-02-05,158.69
P02757,2025-02-06,156.67
P02757,2025-02-07,156.85
P02758,2025-02-01,87.75
P02758,2025-02-02,88.64
P02758,2025-02-03,87.21
P02758,2025-02-04,78.33
P02758,2025-02-05,75.91
P02758,2025-02-06,66.76
P02758,2025-02-07,62.84
P02759,2025-02-01,190.31
P02759,2025-02-02,180.88
P02759,2025-02-03,177.66
P02759,2025-02-04,182.07
P02759,2025-02-05,181.54
P02759,2025-02-06,183.5
P02759,2025-02-07,176.82
P02760,2025-02-01,213.84
P02760,2025-02-02,199.97
P02760,2025-02-03,193.42
P02760,2025-02-04,184.31
P02760,2025-02-05,162.38
P02760,2025-02-06,166.82
P02760,2025-02-07,164.84
P02761,2025-02-01,101.42
P02761,2025-02-02,87.44
P02761,2025-02-03,91.69
P02761,2025-02-04,83.7
P02761,2025-02-05,80.83
P02761,2025-02-06,70.85
P02761,2025-02-07,67.01
P02762,2025-02-01,91.27
P02762,2025-02-02,82.59
P02762,2025-02-03,77.62
P02762,2025-02-04,68.11
P02762,2025-02-05,63.03
P02762,2025-02-06,54.03
P02762,2025-02-07,46.89
P02763,2025-02-01,145.87
P02763,2025-02-02,145.25
P02763,2025-02-03,140.84
P02763,2025-02-04,140.78
P02763,2025-02-05,130.4
P02763,2025-02-06,117.43
P02763,2025-02-07,106.11
P02764,2025-02-01,258.33
P02764,2025-02-02,266.32
P02764,2025-02-03,270.67
P02764,2025-02-04,265.19
P02764,2025-02-05,256.83
P02764,2025-02-06,226.66
P02764,2025-02-07,203.34
P02765,2025-02-01,130.08
P02765,2025-02-02,125.35
P02765,2025-02-03,109.13
P02765,2025-02-04,114.06
P02765,2025-02-05,119.43
P02765,2025-02-06,117.27
P02765,2025-02-07,111.41
P02766,2025-02-01,46.69
P02766,2025-02-02,43.35
P02766,2025-02-03,43.93
P02766,2025-02-04,45.63
P02766,2025-02-05,43.96
P02766,2025-02-06,46.01
P02766,2025-02-07,43.87
P02767,2025-02-01,150.58
P02767,2025-02-02,143.49
P02767,2025-02-03,123.38
P02767,2025-02-04,119.14
P02767,2025-02-05,123.29
P02767,2025-02-06,108.93
P02767,2025-02-07,95.23
P02768,2025-02-01,113.3
P02768,2025-02-02,114.8
P02768,2025-02-03,97.92
P02768,2025-02-04,87.74
P02768,2025-02-05,90.18
P02768,2025-02-06,76.95
P02768,2025-02-07,76.05
P02769,2025-02-01,100.49
P02769,2025-02-02,93.17
P02769,2025-02-03,87.28
P02769,2025-02-04,76.19
P02769,2025-02-05,78.63
P02769,2025-02-06,74.82
P02769,2025-02-07,73.04
P02770,2025-02-01,234.21
P02770,2025-02-02,230.53
P02770,2025-02-03,221.68
P02770,2025-02-04,223.99
P02770,2025-02-05,211.93
P02770,2025-02-06,196.51
P02770,2025-02-07,167.47
P02771,2025-02-01,50.8
P02771,2025-02-02,44.03
P02771,2025-02-03,40.03
P02771,2025-02-04,37.01
P02771,2025-02-05,37.36
P02771,2025-02-06,33.91
P02771,2025-02-07,35.04
P02772,2025-02-01,93.44
P02772,2025-02-02,83.82
P02772,2025-02-03,80.52
P02772,2025-02-04,83.4
P02772,2025-02-05,81.73
P02772,2025-02-06,79.95
P02772,2025-02-07,69.32
P02773,2025-02-01,88.77
P02773,2025-02-02,84.51
P02773,2025-02-03,72.63
P02773,2025-02-04,68.75
P02773,2025-02-05,64.23
P02773,2025-02-06,64.24
P02773,2025-02-07,65.6
P02774,2025-02-01,186.95
P02774,2025-02-02,182.89
P02774,2025-02-03,162.59
P02774,2025-02-04,148.26
P02774,2025-02-05,151.71
P02774,2025-02-06,146.82
P02774,2025-02-07,149.23
P02775,2025-02-01,180.34
P02775,2025-02-02,181.79
P02775,2025-02-03,155.79
P02775,2025-02-04,138.61
P02775,2025-02-05,139.25
P02775,2025-02-06,118.83
P02775,2025-02-07,120.86
P02776,2025-02-01,216.03
P02776,2025-02-02,201.09
P02776,2025-02-03,178.26
P02776,2025-02-04,164.71
P02776,2025-02-05,166.87
P02776,2025-02-06,173.33
P02776,2025-02-07,180.35
P02777,2025-02-01,159.01
P02777,2025-02-02,153.87
P02777,2025-02-03,144.25
P02777,2025-02-04,124.76
P02777,2025-02-05,106.53
P02777,2025-02-06,105.23
P02777,2025-02-07,98.62
P02778,2025-02-01,86.91
P02778,2025-02-02,90.78
P02778,2025-02-03,89.3
P02778,2025-02-04,83.44
P02778,2025-02-05,72.46
P02778,2025-02-06,61.78
P02778,2025-02-07,60.51
P02779,2025-02-01,230.45
P02779,2025-02-02,238.11
P02779,2025-02-03,216.64
P02779,2025-02-04,187.89
P02779,2025-02-05,163.1
P02779,2025-02-06,166.06
P02779,2025-02-07,174.13
P02780,2025-02-01,122.7
P02780,2025-02-02,109.81
P02780,2025-02-03,99.54
P02780,2025-02-04,100.69
P02780,2025-02-05,96.49
P02780,2025-02-06,83.96
P02780,2025-02-07,81.68
P02781,2025-02-01,36.36
P02781,2025-02-02,37.61
P02781,2025-02-03,36.42
P02781,2025-02-04,36.58
P02781,2025-02-05,34.53
P02781,2025-02-06,32.96
P02781,2025-02-07,28.12
P02782,2025-02-01,169.47
P02782,2025-02-02,170.25
P02782,2025-02-03,170.6
P02782,2025-02-04,159.68
P02782,2025-02-05,153.24
P02782,2025-02-06,139.27
P02782,2025-02-07,122.3
P02783,2025-02-01,108.86
P02783,2025-02-02,104.16
P02783,2025-02-03,100.36
P02783,2025-02-04,97.79
P02783,2025-02-05,86.24
P02783,2025-02-06,83.77
P02783,2025-02-07,84.35
P02784,2025-02-01,173.51
P02784,2025-02-02,165.8
P02784,2025-02-03,158.83
P02784,2025-02-04,152.73
P02784,2025-02-05,145.71
P02784,2025-02-06,142.37
P02784,2025-02-07,124.38
P02785,2025-02-01,42.99
P02785,2025-02-02,41.09
P02785,2025-02-03,40.53
P02785,2025-02-04,39.65
P02785,2025-02-05,39.9
P02785,2025-02-06,34.49
P02785,2025-02-07,29.53
P02786,2025-02-01,46.07
P02786,2025-02-02,46.56
P02786,2025-02-03,43.57
P02786,2025-02-04,40.2
P02786,2025-02-05,40.95
P02786,2025-02-06,39.47
P02786,2025-02-07,40.63
P02787,2025-02-01,149.9
P02787,2025-02-02,128.12
P02787,2025-02-03,124.14
P02787,2025-02-04,108.66
P02787,2025-02-05,112.86
P02787,2025-02-06,98.93
P02787,2025-02-07,101.53
P02788,2025-02-01,64.97
P02788,2025-02-02,65.15
P02788,2025-02-03,60.05
P02788,2025-02-04,61.24
P02788,2025-02-05,59.78
P02788,2025-02-06,57.72
P02788,2025-02-07,58.66
P02789,2025-02-01,152.6
P02789,2025-02-02,135.41
P02789,2025-02-03,115.5
P02789,2025-02-04,120.76
P02789,2025-02-05,116.01
P02789,2025-02-06,98.74
P02789,2025-02-07,102.56
P02790,2025-02-01,115.92
P02790,2025-02-02,119.34
P02790,2025-02-03,110.24
P02790,2025-02-04,96.77
P02790,2025-02-05,83.66
P02790,2025-02-06,78.82
P02790,2025-02-07,72.29
P02791,2025-02-01,45.25
P02791,2025-02-02,41.31
P02791,2025-02-03,43.02
P02791,2025-02-04,40.53
P02791,2025-02-05,38.15
P02791,2025-02-06,37.81
P02791,2025-02-07,37.21
P02792,2025-02-01,99.22
P02792,2025-02-02,87.07
P02792,2025-02-03,79.18
P02792,2025-02-04,76.84
P02792,2025-02-05,77.36
P02792,2025-02-06,67.25
P02792,2025-02-07,66.21
P02793,2025-02-01,122.83
P02793,2025-02-02,124.91
P02793,2025-02-03,119.95
P02793,2025-02-04,108.68
P02793,2025-02-05,105.61
P02793,2025-02-06,102.28
P02793,2025-02-07,106.17
P02794,2025-02-01,96.59
P02794,2025-02-02,90.52
P02794,2025-02-03,80.15
P02794,2025-02-04,70.39
P02794,2025-02-05,73.11
P02794,2025-02-06,67.03
P02794,2025-02-07,64.85
P02795,2025-02-01,39.75
P02795,2025-02-02,37.36
P02795,2025-02-03,37.82
P02795,2025-02-04,38.82
P02795,2025-02-05,40.09
P02795,2025-02-06,36.2
P02795,2025-02-07,36.07
P02796,2025-02-01,25.68
P02796,2025-02-02,23.2
P02796,2025-02-03,20.33
P02796,2025-02-04,20.63
P02796,2025-02-05,18.97
P02796,2025-02-06,17.24
P02796,2025-02-07,16.33
P02797,2025-02-01,60.1
P02797,2025-02-02,61.12
P02797,2025-02-03,55.85
P02797,2025-02-04,56.18
P02797,2025-02-05,49.17
P02797,2025-02-06,50.1
P02797,2025-02-07,44.0
P02798,2025-02-01,19.57
P02798,2025-02-02,19.94
P02798,2025-02-03,18.41
P02798,2025-02-04,18.71
P02798,2025-02-05,18.56
P02798,2025-02-06,15.84
P02798,2025-02-07,15.79
P02799,2025-02-01,242.43
P02799,2025-02-02,209.14
P02799,2025-02-03,194.47
P02799,2025-02-04,201.29
P02799,2025-02-05,207.27
P02799,2025-02-06,193.18
P02799,2025-02-07,200.93
P02800,2025-02-01,84.48
P02800,2025-02-02,79.57
P02800,2025-02-03,71.0
P02800,2025-02-04,62.28
P02800,2025-02-05,63.5
P02800,2025-02-06,59.94
P02800,2025-02-07,53.08
P02801,2025-02-01,239.13
P02801,2025-02-02,211.05
P02801,2025-02-03,203.03
P02801,2025-02-04,185.9
P02801,2025-02-05,184.83
P02801,2025-02-06,186.22
P02801,2025-02-07,158.48
P02802,2025-02-01,111.75
P02802,2025-02-02,96.98
P02802,2025-02-03,92.52
P02802,2025-02-04,96.13
P02802,2025-02-05,97.41
P02802,2025-02-06,86.36
P02802,2025-02-07,85.3
P02803,2025-02-01,156.56
P02803,2025-02-02,155.53
P02803,2025-02-03,139.68
P02803,2025-02-04,122.53
P02803,2025-02-05,114.44
P02803,2025-02-06,106.19
P02803,2025-02-07,110.1
P02804,2025-02-01,26.71
P02804,2025-02-02,27.64
P02804,2025-02-03,27.89
P02804,2025-02-04,25.79
P02804,2025-02-05,24.4
P02804,2025-02-06,21.03
P02804,2025-02-07,19.35
P02805,2025-02-01,117.32
P02805,2025-02-02,112.92
P02805,2025-02-03,111.75
P02805,2025-02-04,116.19
P02805,2025-02-05,100.89
P02805,2025-02-06,97.35
P02805,2025-02-07,101.73
P02806,2025-02-01,148.42
P02806,2025-02-02,144.28
P02806,2025-02-03,146.99
P02806,2025-02-04,150.99
P02806,2025-02-05,131.64
P02806,2025-02-06,133.39
P02806,2025-02-07,115.68
P02807,2025-02-01,71.82
P02807,2025-02-02,63.72
P02807,2025-02-03,55.19
P02807,2025-02-04,56.63
P02807,2025-02-05,56.56
P02807,2025-02-06,50.65
P02807,2025-02-07,51.33
P02808,2025-02-01,194.49
P02808,2025-02-02,196.2
P02808,2025-02-03,168.86
P02808,2025-02-04,162.76
P02808,2025-02-05,144.84
P02808,2025-02-06,124.06
P02808,2025-02-07,107.21
P02809,2025-02-01,176.68
P02809,2025-02-02,165.38
P02809,2025-02-03,150.96
P02809,2025-02-04,128.76
P02809,2025-02-05,134.09
P02809,2025-02-06,120.85
P02809,2025-02-07,119.66
P02810,2025-02-01,103.47
P02810,2025-02-02,108.39
P02810,2025-02-03,94.01
P02810,2025-02-04,89.39
P02810,2025-02-05,90.02
P02810,2025-02-06,86.63
P02810,2025-02-07,79.31
P02811,2025-02-01,118.4
P02811,2025-02-02,107.58
P02811,2025-02-03,108.89
P02811,2025-02-04,95.62
P02811,2025-02-05,92.13
P02811,2025-02-06,86.94
P02811,2025-02-07,84.21
P02812,2025-02-01,230.93
P02812,2025-02-02,222.76
P02812,2025-02-03,227.89
P02812,2025-02-04,212.49
P02812,2025-02-05,186.21
P02812,2025-02-06,167.85
P02812,2025-02-07,174.78
P02813,2025-02-01,200.77
P02813,2025-02-02,201.41
P02813,2025-02-03,187.85
P02813,2025-02-04,187.2
P02813,2025-02-05,195.04
P02813,2025-02-06,196.72
P02813,2025-02-07,187.46
P02814,2025-02-01,78.0
P02814,2025-02-02,68.5
P02814,2025-02-03,64.72
P02814,2025-02-04,65.43
P02814,2025-02-05,66.23
P02814,2025-02-06,57.39
P02814,2025-02-07,59.13
P02815,2025-02-01,244.9
P02815,2025-02-02,243.69
P02815,2025-02-03,210.58
P02815,2025-02-04,189.85
P02815,2025-02-05,163.1
P02815,2025-02-06,150.11
P02815,2025-02-07,144.45
P02816,2025-02-01,85.03
P02816,2025-02-02,82.66
P02816,2025-02-03,73.93
P02816,2025-02-04,65.55
P02816,2025-02-05,61.86
P02816,2025-02-06,56.25
P02816,2025-02-07,58.73
P02817,2025-02-01,165.38
P02817,2025-02-02,166.49
P02817,2025-02-03,165.77
P02817,2025-02-04,155.42
P02817,2025-02-05,148.4
P02817,2025-02-06,152.3
P02817,2025-02-07,136.82
P02818,2025-02-01,185.29
P02818,2025-02-02,189.79
P02818,2025-02-03,167.07
P02818,2025-02-04,159.72
P02818,2025-02-05,148.72
P02818,2025-02-06,134.53
P02818,2025-02-07,129.03
P02819,2025-02-01,187.28
P02819,2025-02-02,160.65
P02819,2025-02-03,150.34
P02819,2025-02-04,133.61
P02819,2025-02-05,128.21
P02819,2025-02-06,134.36
P02819,2025-02-07,140.98
P02820,2025-02-01,98.15
P02820,2025-02-02,100.92
P02820,2025-02-03,104.57
P02820,2025-02-04,99.41
P02820,2025-02-05,95.38
P02820,2025-02-06,99.53
P02820,2025-02-07,90.93
P02821,2025-02-01,156.42
P02821,2025-02-02,140.09
P02821,2025-02-03,144.88
P02821,2025-02-04,146.26
P02821,2025-02-05,142.77
P02821,2025-02-06,145.62
P02821,2025-02-07,135.6
P02822,2025-02-01,115.07
P02822,2025-02-02,100.98
P02822,2025-02-03,86.79
P02822,2025-02-04,79.57
P02822,2025-02-05,74.72
P02822,2025-02-06,70.15
P02822,2025-02-07,63.51
P02823,2025-02-01,41.05
P02823,2025-02-02,35.3
P02823,2025-02-03,32.55
P02823,2025-02-04,31.7
P02823,2025-02-05,29.18
P02823,2025-02-06,26.93
P02823,2025-02-07,25.03
P02824,2025-02-01,241.69
P02824,2025-02-02,215.39
P02824,2025-02-03,190.95
P02824,2025-02-04,193.8
P02824,2025-02-05,187.76
P02824,2025-02-06,179.91
P02824,2025-02-07,164.92
P02825,2025-02-01,111.06
P02825,2025-02-02,111.41
P02825,2025-02-03,97.09
P02825,2025-02-04,92.11
P02825,2025-02-05,91.19
P02825,2025-02-06,90.84
P02825,2025-02-07,89.32
P02826,2025-02-01,234.08
P02826,2025-02-02,227.06
P02826,2025-02-03,233.39
P02826,2025-02-04,203.04
P02826,2025-02-05,175.97
P02826,2025-02-06,153.1
P02826,2025-02-07,153.99
P02827,2025-02-01,217.48
P02827,2025-02-02,225.81
P02827,2025-02-03,196.22
P02827,2025-02-04,205.49
P02827,2025-02-05,175.45
P02827,2025-02-06,160.66
P02827,2025-02-07,146.04
P02828,2025-02-01,31.19
P02828,2025-02-02,32.39
P02828,2025-02-03,31.95
P02828,2025-02-04,27.5
P02828,2025-02-05,27.24
P02828,2025-02-06,24.07
P02828,2025-02-07,20.57
P02829,2025-02-01,165.49
P02829,2025-02-02,164.4
P02829,2025-02-03,151.94
P02829,2025-02-04,136.25
P02829,2025-02-05,138.09
P02829,2025-02-06,143.12
P02829,2025-02-07,141.65
P02830,2025-02-01,90.09
P02830,2025-02-02,78.07
P02830,2025-02-03,69.13
P02830,2025-02-04,58.77
P02830,2025-02-05,50.93
P02830,2025-02-06,44.67
P02830,2025-02-07,41.88
P02831,2025-02-01,242.01
P02831,2025-02-02,220.89
P02831,2025-02-03,222.83
P02831,2025-02-04,214.62
P02831,2025-02-05,219.85
P02831,2025-02-06,189.49
P02831,2025-02-07,167.05
P02832,2025-02-01,42.68
P02832,2025-02-02,39.84
P02832,2025-02-03,40.34
P02832,2025-02-04,41.7
P02832,2025-02-05,36.1
P02832,2025-02-06,31.49
P02832,2025-02-07,28.12
P02833,2025-02-01,174.71
P02833,2025-02-02,173.64
P02833,2025-02-03,153.95
P02833,2025-02-04,157.91
P02833,2025-02-05,164.75
P02833,2025-02-06,161.61
P02833,2025-02-07,159.55
P02834,2025-02-01,99.61
P02834,2025-02-02,89.84
P02834,2025-02-03,87.75
P02834,2025-02-04,85.43
P02834,2025-02-05,73.16
P02834,2025-02-06,66.32
P02834,2025-02-07,69.05
P02835,2025-02-01,44.51
P02835,2025-02-02,42.22
P02835,2025-02-03,42.35
P02835,2025-02-04,41.96
P02835,2025-02-05,42.75
P02835,2025-02-06,40.3
P02835,2025-02-07,38.69
P02836,2025-02-01,156.99
P02836,2025-02-02,162.67
P02836,2025-02-03,161.31
P02836,2025-02-04,156.14
P02836,2025-02-05,144.15
P02836,2025-02-06,123.34
P02836,2025-02-07,110.53
P02837,2025-02-01,139.72
P02837,2025-02-02,139.75
P02837,2025-02-03,120.63
P02837,2025-02-04,102.77
P02837,2025-02-05,95.43
P02837,2025-02-06,99.39
P02837,2025-02-07,96.85
P02838,2025-02-01,166.36
P02838,2025-02-02,173.67
P02838,2025-02-03,174.46
P02838,2025-02-04,148.72
P02838,2025-02-05,146.94
P02838,2025-02-06,141.91
P02838,2025-02-07,120.71
P02839,2025-02-01,121.1
P02839,2025-02-02,111.37
P02839,2025-02-03,115.55
P02839,2025-02-04,118.51
P02839,2025-02-05,110.89
P02839,2025-02-06,105.49
P02839,2025-02-07,104.41
P02840,2025-02-01,124.64
P02840,2025-02-02,124.9
P02840,2025-02-03,107.77
P02840,2025-02-04,103.3
P02840,2025-02-05,100.76
P02840,2025-02-06,103.98
P02840,2025-02-07,108.25
P02841,2025-02-01,196.36
P02841,2025-02-02,205.8
P02841,2025-02-03,188.79
P02841,2025-02-04,183.71
P02841,2025-02-05,188.92
P02841,2025-02-06,196.85
P02841,2025-02-07,181.46
P02842,2025-02-01,98.27
P02842,2025-02-02,98.47
P02842,2025-02-03,88.5
P02842,2025-02-04,81.84
P02842,2025-02-05,78.85
P02842,2025-02-06,69.33
P02842,2025-02-07,63.94
P02843,2025-02-01,164.64
P02843,2025-02-02,142.27
P02843,2025-02-03,122.62
P02843,2025-02-04,127.86
P02843,2025-02-05,123.24
P02843,2025-02-06,118.99
P02843,2025-02-07,116.47
P02844,2025-02-01,202.18
P02844,2025-02-02,187.94
P02844,2025-02-03,175.85
P02844,2025-02-04,181.62
P02844,2025-02-05,184.32
P02844,2025-02-06,158.84
P02844,2025-02-07,152.38
P02845,2025-02-01,150.89
P02845,2025-02-02,149.9
P02845,2025-02-03,141.73
P02845,2025-02-04,121.72
P02845,2025-02-05,120.39
P02845,2025-02-06,108.15
P02845,2025-02-07,102.29
P02846,2025-02-01,230.96
P02846,2025-02-02,208.65
P02846,2025-02-03,205.74
P02846,2025-02-04,204.37
P02846,2025-02-05,212.81
P02846,2025-02-06,209.07
P02846,2025-02-07,201.56
P02847,2025-02-01,33.78
P02847,2025-02-02,30.67
P02847,2025-02-03,29.63
P02847,2025-02-04,30.89
P02847,2025-02-05,28.57
P02847,2025-02-06,25.57
P02847,2025-02-07,21.75
P02848,2025-02-01,39.8
P02848,2025-02-02,37.74
P02848,2025-02-03,34.92
P02848,2025-02-04,35.6
P02848,2025-02-05,31.38
P02848,2025-02-06,28.73
P02848,2025-02-07,25.67
P02849,2025-02-01,235.06
P02849,2025-02-02,229.55
P02849,2025-02-03,233.15
P02849,2025-02-04,201.58
P02849,2025-02-05,179.91
P02849,2025-02-06,166.58
P02849,2025-02-07,150.09
P02850,2025-02-01,245.17
P02850,2025-02-02,252.47
P02850,2025-02-03,223.87
P02850,2025-02-04,195.03
P02850,2025-02-05,186.73
P02850,2025-02-06,165.58
P02850,2025-02-07,142.77
P02851,2025-02-01,181.76
P02851,2025-02-02,161.29
P02851,2025-02-03,167.65
P02851,2025-02-04,166.06
P02851,2025-02-05,146.11
P02851,2025-02-06,147.26
P02851,2025-02-07,134.23
P02852,2025-02-01,24.12
P02852,2025-02-02,24.63
P02852,2025-02-03,21.28
P02852,2025-02-04,21.23
P02852,2025-02-05,18.18
P02852,2025-02-06,15.6
P02852,2025-02-07,16.05
P02853,2025-02-01,243.59
P02853,2025-02-02,227.6
P02853,2025-02-03,224.27
P02853,2025-02-04,206.61
P02853,2025-02-05,175.85
P02853,2025-02-06,176.35
P02853,2025-02-07,168.98
P02854,2025-02-01,240.97
P02854,2025-02-02,248.85
P02854,2025-02-03,236.93
P02854,2025-02-04,212.9
P02854,2025-02-05,187.41
P02854,2025-02-06,193.14
P02854,2025-02-07,167.58
P02855,2025-02-01,119.1
P02855,2025-02-02,110.59
P02855,2025-02-03,98.87
P02855,2025-02-04,86.73
P02855,2025-02-05,89.81
P02855,2025-02-06,81.4
P02855,2025-02-07,80.23
P02856,2025-02-01,70.87
P02856,2025-02-02,73.81
P02856,2025-02-03,76.37
P02856,2025-02-04,71.89
P02856,2025-02-05,71.95
P02856,2025-02-06,75.49
P02856,2025-02-07,72.57
P02857,2025-02-01,226.21
P02857,2025-02-02,236.71
P02857,2025-02-03,222.56
P02857,2025-02-04,227.33
P02857,2025-02-05,232.36
P02857,2025-02-06,201.58
P02857,2025-02-07,195.27
P02858,2025-02-01,218.47
P02858,2025-02-02,211.64
P02858,2025-02-03,197.82
P02858,2025-02-04,174.77
P02858,2025-02-05,150.18
P02858,2025-02-06,156.28
P02858,2025-02-07,140.35
P02859,2025-02-01,176.29
P02859,2025-02-02,173.51
P02859,2025-02-03,178.1
P02859,2025-02-04,179.79
P02859,2025-02-05,184.64
P02859,2025-02-06,162.17
P02859,2025-02-07,149.85
P02860,2025-02-01,187.05
P02860,2025-02-02,178.47
P02860,2025-02-03,154.47
P02860,2025-02-04,145.57
P02860,2025-02-05,137.22
P02860,2025-02-06,117.31
P02860,2025-02-07,113.69
P02861,2025-02-01,115.52
P02861,2025-02-02,98.22
P02861,2025-02-03,92.23
P02861,2025-02-04,80.07
P02861,2025-02-05,73.57
P02861,2025-02-06,64.92
P02861,2025-02-07,64.45
P02862,2025-02-01,64.15
P02862,2025-02-02,61.59
P02862,2025-02-03,54.58
P02862,2025-02-04,51.1
P02862,2025-02-05,53.22
P02862,2025-02-06,46.29
P02862,2025-02-07,46.71
P02863,2025-02-01,153.5
P02863,2025-02-02,152.75
P02863,2025-02-03,135.06
P02863,2025-02-04,124.32
P02863,2025-02-05,128.31
P02863,2025-02-06,129.23
P02863,2025-02-07,123.34
P02864,2025-02-01,249.21
P02864,2025-02-02,257.18
P02864,2025-02-03,255.78
P02864,2025-02-04,252.53
P02864,2025-02-05,243.21
P02864,2025-02-06,227.83
P02864,2025-02-07,228.87
P02865,2025-02-01,129.07
P02865,2025-02-02,122.7
P02865,2025-02-03,109.48
P02865,2025-02-04,101.19
P02865,2025-02-05,97.15
P02865,2025-02-06,84.16
P02865,2025-02-07,81.44
P02866,2025-02-01,105.44
P02866,2025-02-02,96.22
P02866,2025-02-03,96.21
P02866,2025-02-04,95.06
P02866,2025-02-05,89.75
P02866,2025-02-06,88.92
P02866,2025-02-07,77.26
P02867,2025-02-01,35.69
P02867,2025-02-02,34.31
P02867,2025-02-03,29.47
P02867,2025-02-04,25.35
P02867,2025-02-05,26.58
P02867,2025-02-06,24.4
P02867,2025-02-07,21.89
P02868,2025-02-01,98.94
P02868,2025-02-02,94.69
P02868,2025-02-03,95.79
P02868,2025-02-04,92.99
P02868,2025-02-05,83.06
P02868,2025-02-06,79.7
P02868,2025-02-07,73.73
P02869,2025-02-01,56.0
P02869,2025-02-02,58.16
P02869,2025-02-03,55.35
P02869,2025-02-04,53.49
P02869,2025-02-05,55.09
P02869,2025-02-06,55.68
P02869,2025-02-07,50.4
P02870,2025-02-01,168.37
P02870,2025-02-02,175.49
P02870,2025-02-03,160.08
P02870,2025-02-04,137.78
P02870,2025-02-05,119.76
P02870,2025-02-06,114.11
P02870,2025-02-07,100.83
P02871,2025-02-01,38.73
P02871,2025-02-02,38.76
P02871,2025-02-03,34.21
P02871,2025-02-04,29.45
P02871,2025-02-05,28.28
P02871,2025-02-06,27.52
P02871,2025-02-07,26.35
P02872,2025-02-01,248.09
P02872,2025-02-02,241.9
P02872,2025-02-03,246.19
P02872,2025-02-04,220.52
P02872,2025-02-05,216.66
P02872,2025-02-06,190.9
P02872,2025-02-07,171.88
P02873,2025-02-01,234.97
P02873,2025-02-02,212.76
P02873,2025-02-03,201.58
P02873,2025-02-04,182.58
P02873,2025-02-05,162.91
P02873,2025-02-06,142.76
P02873,2025-02-07,142.74
P02874,2025-02-01,188.64
P02874,2025-02-02,180.15
P02874,2025-02-03,157.08
P02874,2025-02-04,146.76
P02874,2025-02-05,152.73
P02874,2025-02-06,140.81
P02874,2025-02-07,136.65
P02875,2025-02-01,171.27
P02875,2025-02-02,152.3
P02875,2025-02-03,129.77
P02875,2025-02-04,113.59
P02875,2025-02-05,110.8
P02875,2025-02-06,94.47
P02875,2025-02-07,80.98
P02876,2025-02-01,194.9
P02876,2025-02-02,173.77
P02876,2025-02-03,149.47
P02876,2025-02-04,155.06
P02876,2025-02-05,153.38
P02876,2025-02-06,137.09
P02876,2025-02-07,120.12
P02877,2025-02-01,260.74
P02877,2025-02-02,259.02
P02877,2025-02-03,245.97
P02877,2025-02-04,250.91
P02877,2025-02-05,219.66
P02877,2025-02-06,225.19
P02877,2025-02-07,202.39
P02878,2025-02-01,24.22
P02878,2025-02-02,24.06
P02878,2025-02-03,20.65
P02878,2025-02-04,20.76
P02878,2025-02-05,18.19
P02878,2025-02-06,15.8
P02878,2025-02-07,14.49
P02879,2025-02-01,160.81
P02879,2025-02-02,138.2
P02879,2025-02-03,124.48
P02879,2025-02-04,110.71
P02879,2025-02-05,109.21
P02879,2025-02-06,110.85
P02879,2025-02-07,101.86
P02880,2025-02-01,225.88
P02880,2025-02-02,227.82
P02880,2025-02-03,204.16
P02880,2025-02-04,207.35
P02880,2025-02-05,195.2
P02880,2025-02-06,179.81
P02880,2025-02-07,185.32
P02881,2025-02-01,139.89
P02881,2025-02-02,121.59
P02881,2025-02-03,116.42
P02881,2025-02-04,102.03
P02881,2025-02-05,88.18
P02881,2025-02-06,75.36
P02881,2025-02-07,66.5
P02882,2025-02-01,95.78
P02882,2025-02-02,92.87
P02882,2025-02-03,86.66
P02882,2025-02-04,88.97
P02882,2025-02-05,87.83
P02882,2025-02-06,87.69
P02882,2025-02-07,82.77
P02883,2025-02-01,122.52
P02883,2025-02-02,113.41
P02883,2025-02-03,110.19
P02883,2025-02-04,112.63
P02883,2025-02-05,99.32
P02883,2025-02-06,99.3
P02883,2025-02-07,94.95
P02884,2025-02-01,249.03
P02884,2025-02-02,217.62
P02884,2025-02-03,219.15
P02884,2025-02-04,197.83
P02884,2025-02-05,201.48
P02884,2025-02-06,201.15
P02884,2025-02-07,204.01
P02885,2025-02-01,138.54
P02885,2025-02-02,119.61
P02885,2025-02-03,110.93
P02885,2025-02-04,97.89
P02885,2025-02-05,94.32
P02885,2025-02-06,95.29
P02885,2025-02-07,84.87
P02886,2025-02-01,132.49
P02886,2025-02-02,115.76
P02886,2025-02-03,109.67
P02886,2025-02-04,104.21
P02886,2025-02-05,96.23
P02886,2025-02-06,92.52
P02886,2025-02-07,85.46
P02887,2025-02-01,245.57
P02887,2025-02-02,250.05
P02887,2025-02-03,254.62
P02887,2025-02-04,262.64
P02887,2025-02-05,247.43
P02887,2025-02-06,247.59
P02887,2025-02-07,254.57
P02888,2025-02-01,143.36
P02888,2025-02-02,132.84
P02888,2025-02-03,131.52
P02888,2025-02-04,136.25
P02888,2025-02-05,118.1
P02888,2025-02-06,112.48
P02888,2025-02-07,104.47
P02889,2025-02-01,136.83
P02889,2025-02-02,126.2
P02889,2025-02-03,114.92
P02889,2025-02-04,104.28
P02889,2025-02-05,104.55
P02889,2025-02-06,94.19
P02889,2025-02-07,92.42
P02890,2025-02-01,34.61
P02890,2025-02-02,32.47
P02890,2025-02-03,30.4
P02890,2025-02-04,31.8
P02890,2025-02-05,31.39
P02890,2025-02-06,30.48
P02890,2025-02-07,27.06
P02891,2025-02-01,159.66
P02891,2025-02-02,142.89
P02891,2025-02-03,133.37
P02891,2025-02-04,113.59
P02891,2025-02-05,111.26
P02891,2025-02-06,102.96
P02891,2025-02-07,96.86
P02892,2025-02-01,16.27
P02892,2025-02-02,14.25
P02892,2025-02-03,12.59
P02892,2025-02-04,11.04
P02892,2025-02-05,11.33
P02892,2025-02-06,9.9
P02892,2025-02-07,9.0
P02893,2025-02-01,24.0
P02893,2025-02-02,21.1
P02893,2025-02-03,18.85
P02893,2025-02-04,17.57
P02893,2025-02-05,15.42
P02893,2025-02-06,15.66
P02893,2025-02-07,14.39
P02894,2025-02-01,218.14
P02894,2025-02-02,213.98
P02894,2025-02-03,211.64
P02894,2025-02-04,191.18
P02894,2025-02-05,168.29
P02894,2025-02-06,165.91
P02894,2025-02-07,169.23
P02895,2025-02-01,203.85
P02895,2025-02-02,199.21
P02895,2025-02-03,207.38
P02895,2025-02-04,198.41
P02895,2025-02-05,188.21
P02895,2025-02-06,197.11
P02895,2025-02-07,205.01
P02896,2025-02-01,114.71
P02896,2025-02-02,111.67
P02896,2025-02-03,111.44
P02896,2025-02-04,115.46
P02896,2025-02-05,101.55
P02896,2025-02-06,91.19
P02896,2025-02-07,83.19
P02897,2025-02-01,257.57
P02897,2025-02-02,261.21
P02897,2025-02-03,226.45
P02897,2025-02-04,219.69
P02897,2025-02-05,216.73
P02897,2025-02-06,195.65
P02897,2025-02-07,174.17
P02898,2025-02-01,251.54
P02898,2025-02-02,230.86
P02898,2025-02-03,207.29
P02898,2025-02-04,181.75
P02898,2025-02-05,189.59
P02898,2025-02-06,198.66
P02898,2025-02-07,206.5
P02899,2025-02-01,130.01
P02899,2025-02-02,135.84
P02899,2025-02-03,120.54
P02899,2025-02-04,111.27
P02899,2025-02-05,95.86
P02899,2025-02-06,91.67
P02899,2025-02-07,82.04
P02900,2025-02-01,181.93
P02900,2025-02-02,164.13
P02900,2025-02-03,146.15
P02900,2025-02-04,148.06
P02900,2025-02-05,149.8
P02900,2025-02-06,134.55
P02900,2025-02-07,116.48
P02901,2025-02-01,62.53
P02901,2025-02-02,63.59
P02901,2025-02-03,64.84
P02901,2025-02-04,61.97
P02901,2025-02-05,57.7
P02901,2025-02-06,53.36
P02901,2025-02-07,53.03
P02902,2025-02-01,209.87
P02902,2025-02-02,193.91
P02902,2025-02-03,182.93
P02902,2025-02-04,182.12
P02902,2025-02-05,188.17
P02902,2025-02-06,181.16
P02902,2025-02-07,163.72
P02903,2025-02-01,125.57
P02903,2025-02-02,115.04
P02903,2025-02-03,108.22
P02903,2025-02-04,104.69
P02903,2025-02-05,107.72
P02903,2025-02-06,108.74
P02903,2025-02-07,98.26
P02904,2025-02-01,122.08
P02904,2025-02-02,122.62
P02904,2025-02-03,126.34
P02904,2025-02-04,123.45
P02904,2025-02-05,128.31
P02904,2025-02-06,118.31
P02904,2025-02-07,106.24
P02905,2025-02-01,258.06
P02905,2025-02-02,238.48
P02905,2025-02-03,225.23
P02905,2025-02-04,230.06
P02905,2025-02-05,213.63
P02905,2025-02-06,221.37
P02905,2025-02-07,214.49
P02906,2025-02-01,43.89
P02906,2025-02-02,41.72
P02906,2025-02-03,43.49
P02906,2025-02-04,37.52
P02906,2025-02-05,33.46
P02906,2025-02-06,30.32
P02906,2025-02-07,26.25
P02907,2025-02-01,25.96
P02907,2025-02-02,23.85
P02907,2025-02-03,22.04
P02907,2025-02-04,21.09
P02907,2025-02-05,21.76
P02907,2025-02-06,20.99
P02907,2025-02-07,21.73
P02908,2025-02-01,127.99
P02908,2025-02-02,132.77
P02908,2025-02-03,137.21
P02908,2025-02-04,125.04
P02908,2025-02-05,108.47
P02908,2025-02-06,99.61
P02908,2025-02-07,99.82
P02909,2025-02-01,142.7
P02909,2025-02-02,138.3
P02909,2025-02-03,126.49
P02909,2025-02-04,131.3
P02909,2025-02-05,126.72
P02909,2025-02-06,117.78
P02909,2025-02-07,120.0
P02910,2025-02-01,55.12
P02910,2025-02-02,48.86
P02910,2025-02-03,49.87
P02910,2025-02-04,44.78
P02910,2025-02-05,42.12
P02910,2025-02-06,44.06
P02910,2025-02-07,38.66
P02911,2025-02-01,63.82
P02911,2025-02-02,58.94
P02911,2025-02-03,58.56
P02911,2025-02-04,61.34
P02911,2025-02-05,55.4
P02911,2025-02-06,51.35
P02911,2025-02-07,53.23
P02912,2025-02-01,69.12
P02912,2025-02-02,62.7
P02912,2025-02-03,65.81
P02912,2025-02-04,68.49
P02912,2025-02-05,67.13
P02912,2025-02-06,64.89
P02912,2025-02-07,58.37
P02913,2025-02-01,56.56
P02913,2025-02-02,58.23
P02913,2025-02-03,60.45
P02913,2025-02-04,61.25
P02913,2025-02-05,55.75
P02913,2025-02-06,50.92
P02913,2025-02-07,46.43
P02914,2025-02-01,83.11
P02914,2025-02-02,82.58
P02914,2025-02-03,71.12
P02914,2025-02-04,68.51
P02914,2025-02-05,61.25
P02914,2025-02-06,61.5
P02914,2025-02-07,55.05
P02915,2025-02-01,66.36
P02915,2025-02-02,69.16
P02915,2025-02-03,68.2
P02915,2025-02-04,58.22
P02915,2025-02-05,55.71
P02915,2025-02-06,55.0
P02915,2025-02-07,48.09
P02916,2025-02-01,255.51
P02916,2025-02-02,265.23
P02916,2025-02-03,269.05
P02916,2025-02-04,278.18
P02916,2025-02-05,244.36
P02916,2025-02-06,213.58
P02916,2025-02-07,197.28
P02917,2025-02-01,97.99
P02917,2025-02-02,94.05
P02917,2025-02-03,81.68
P02917,2025-02-04,84.66
P02917,2025-02-05,76.72
P02917,2025-02-06,67.61
P02917,2025-02-07,62.37
P02918,2025-02-01,139.95
P02918,2025-02-02,146.09
P02918,2025-02-03,132.34
P02918,2025-02-04,136.21
P02918,2025-02-05,127.57
P02918,2025-02-06,131.55
P02918,2025-02-07,132.8
P02919,2025-02-01,222.13
P02919,2025-02-02,200.35
P02919,2025-02-03,204.12
P02919,2025-02-04,200.06
P02919,2025-02-05,197.21
P02919,2025-02-06,169.55
P02919,2025-02-07,160.98
P02920,2025-02-01,187.59
P02920,2025-02-02,183.57
P02920,2025-02-03,162.04
P02920,2025-02-04,158.74
P02920,2025-02-05,160.83
P02920,2025-02-06,137.52
P02920,2025-02-07,131.44
P02921,2025-02-01,35.33
P02921,2025-02-02,35.66
P02921,2025-02-03,36.55
P02921,2025-02-04,37.06
P02921,2025-02-05,33.15
P02921,2025-02-06,31.13
P02921,2025-02-07,29.28
P02922,2025-02-01,90.44
P02922,2025-02-02,87.32
P02922,2025-02-03,81.21
P02922,2025-02-04,74.29
P02922,2025-02-05,65.94
P02922,2025-02-06,62.22
P02922,2025-02-07,54.27
P02923,2025-02-01,151.55
P02923,2025-02-02,156.43
P02923,2025-02-03,153.17
P02923,2025-02-04,131.62
P02923,2025-02-05,131.97
P02923,2025-02-06,130.66
P02923,2025-02-07,132.37
P02924,2025-02-01,194.35
P02924,2025-02-02,196.82
P02924,2025-02-03,204.0
P02924,2025-02-04,175.97
P02924,2025-02-05,182.22
P02924,2025-02-06,168.28
P02924,2025-02-07,164.88
P02925,2025-02-01,163.94
P02925,2025-02-02,160.93
P02925,2025-02-03,138.26
P02925,2025-02-04,118.22
P02925,2025-02-05,104.08
P02925,2025-02-06,106.29
P02925,2025-02-07,94.13
P02926,2025-02-01,65.74
P02926,2025-02-02,57.56
P02926,2025-02-03,52.49
P02926,2025-02-04,47.97
P02926,2025-02-05,47.13
P02926,2025-02-06,48.97
P02926,2025-02-07,42.8
P02927,2025-02-01,131.77
P02927,2025-02-02,112.7
P02927,2025-02-03,102.58
P02927,2025-02-04,107.05
P02927,2025-02-05,105.81
P02927,2025-02-06,92.55
P02927,2025-02-07,95.67
P02928,2025-02-01,88.71
P02928,2025-02-02,88.94
P02928,2025-02-03,85.01
P02928,2025-02-04,82.93
P02928,2025-02-05,71.93
P02928,2025-02-06,75.43
P02928,2025-02-07,77.82
P02929,2025-02-01,226.8
P02929,2025-02-02,201.78
P02929,2025-02-03,179.51
P02929,2025-02-04,174.93
P02929,2025-02-05,160.97
P02929,2025-02-06,141.79
P02929,2025-02-07,142.51
P02930,2025-02-01,93.52
P02930,2025-02-02,82.78
P02930,2025-02-03,82.3
P02930,2025-02-04,79.85
P02930,2025-02-05,70.85
P02930,2025-02-06,70.51
P02930,2025-02-07,72.0
P02931,2025-02-01,91.12
P02931,2025-02-02,91.74
P02931,2025-02-03,84.29
P02931,2025-02-04,83.77
P02931,2025-02-05,87.39
P02931,2025-02-06,80.44
P02931,2025-02-07,82.74
P02932,2025-02-01,30.67
P02932,2025-02-02,30.11
P02932,2025-02-03,26.88
P02932,2025-02-04,24.11
P02932,2025-02-05,21.31
P02932,2025-02-06,20.84
P02932,2025-02-07,20.93
P02933,2025-02-01,121.31
P02933,2025-02-02,113.85
P02933,2025-02-03,112.7
P02933,2025-02-04,100.08
P02933,2025-02-05,95.52
P02933,2025-02-06,92.81
P02933,2025-02-07,78.91
P02934,2025-02-01,105.66
P02934,2025-02-02,97.49
P02934,2025-02-03,92.1
P02934,2025-02-04,91.06
P02934,2025-02-05,93.69
P02934,2025-02-06,95.22
P02934,2025-02-07,95.83
P02935,2025-02-01,169.99
P02935,2025-02-02,152.16
P02935,2025-02-03,136.23
P02935,2025-02-04,127.42
P02935,2025-02-05,121.23
P02935,2025-02-06,126.61
P02935,2025-02-07,119.51
P02936,2025-02-01,54.35
P02936,2025-02-02,47.19
P02936,2025-02-03,40.57
P02936,2025-02-04,42.4
P02936,2025-02-05,36.43
P02936,2025-02-06,32.33
P02936,2025-02-07,31.41
P02937,2025-02-01,243.69
P02937,2025-02-02,245.54
P02937,2025-02-03,214.64
P02937,2025-02-04,204.15
P02937,2025-02-05,179.99
P02937,2025-02-06,183.72
P02937,2025-02-07,170.17
P02938,2025-02-01,81.45
P02938,2025-02-02,70.84
P02938,2025-02-03,67.18
P02938,2025-02-04,59.2
P02938,2025-02-05,51.5
P02938,2025-02-06,50.42
P02938,2025-02-07,52.46
P02939,2025-02-01,104.29
P02939,2025-02-02,109.1
P02939,2025-02-03,97.58
P02939,2025-02-04,101.73
P02939,2025-02-05,100.26
P02939,2025-02-06,97.9
P02939,2025-02-07,86.8
P02940,2025-02-01,78.23
P02940,2025-02-02,67.9
P02940,2025-02-03,69.38
P02940,2025-02-04,68.22
P02940,2025-02-05,69.47
P02940,2025-02-06,65.09
P02940,2025-02-07,64.54
P02941,2025-02-01,74.98
P02941,2025-02-02,67.66
P02941,2025-02-03,69.14
P02941,2025-02-04,69.55
P02941,2025-02-05,65.77
P02941,2025-02-06,60.17
P02941,2025-02-07,60.22
P02942,2025-02-01,65.65
P02942,2025-02-02,57.52
P02942,2025-02-03,51.31
P02942,2025-02-04,53.57
P02942,2025-02-05,47.86
P02942,2025-02-06,47.29
P02942,2025-02-07,41.64
P02943,2025-02-01,103.31
P02943,2025-02-02,107.49
P02943,2025-02-03,111.14
P02943,2025-02-04,105.77
P02943,2025-02-05,103.33
P02943,2025-02-06,103.42
P02943,2025-02-07,93.95
P02944,2025-02-01,48.97
P02944,2025-02-02,51.39
P02944,2025-02-03,47.24
P02944,2025-02-04,49.51
P02944,2025-02-05,50.58
P02944,2025-02-06,48.72
P02944,2025-02-07,48.4
P02945,2025-02-01,188.97
P02945,2025-02-02,185.76
P02945,2025-02-03,183.36
P02945,2025-02-04,187.4
P02945,2025-02-05,165.99
P02945,2025-02-06,172.91
P02945,2025-02-07,160.98
P02946,2025-02-01,176.2
P02946,2025-02-02,163.06
P02946,2025-02-03,165.38
P02946,2025-02-04,161.01
P02946,2025-02-05,168.84
P02946,2025-02-06,150.64
P02946,2025-02-07,147.81
P02947,2025-02-01,215.32
P02947,2025-02-02,221.79
P02947,2025-02-03,199.27
P02947,2025-02-04,205.13
P02947,2025-02-05,206.79
P02947,2025-02-06,195.57
P02947,2025-02-07,197.48
P02948,2025-02-01,207.36
P02948,2025-02-02,179.02
P02948,2025-02-03,175.36
P02948,2025-02-04,167.7
P02948,2025-02-05,151.65
P02948,2025-02-06,149.64
P02948,2025-02-07,141.91
P02949,2025-02-01,107.5
P02949,2025-02-02,93.62
P02949,2025-02-03,84.0
P02949,2025-02-04,79.56
P02949,2025-02-05,72.64
P02949,2025-02-06,74.19
P02949,2025-02-07,77.15
P02950,2025-02-01,112.09
P02950,2025-02-02,112.59
P02950,2025-02-03,110.41
P02950,2025-02-04,101.0
P02950,2025-02-05,86.12
P02950,2025-02-06,84.57
P02950,2025-02-07,75.6
P02951,2025-02-01,203.2
P02951,2025-02-02,188.38
P02951,2025-02-03,175.24
P02951,2025-02-04,150.96
P02951,2025-02-05,152.0
P02951,2025-02-06,149.38
P02951,2025-02-07,133.82
P02952,2025-02-01,235.87
P02952,2025-02-02,239.56
P02952,2025-02-03,226.31
P02952,2025-02-04,208.9
P02952,2025-02-05,180.21
P02952,2025-02-06,179.51
P02952,2025-02-07,180.97
P02953,2025-02-01,219.32
P02953,2025-02-02,188.4
P02953,2025-02-03,172.14
P02953,2025-02-04,165.9
P02953,2025-02-05,167.54
P02953,2025-02-06,173.8
P02953,2025-02-07,170.66
P02954,2025-02-01,247.85
P02954,2025-02-02,228.93
P02954,2025-02-03,214.19
P02954,2025-02-04,212.92
P02954,2025-02-05,184.05
P02954,2025-02-06,177.29
P02954,2025-02-07,183.26
P02955,2025-02-01,180.98
P02955,2025-02-02,166.22
P02955,2025-02-03,155.52
P02955,2025-02-04,132.72
P02955,2025-02-05,137.59
P02955,2025-02-06,119.46
P02955,2025-02-07,118.76
P02956,2025-02-01,175.16
P02956,2025-02-02,169.64
P02956,2025-02-03,151.37
P02956,2025-02-04,138.38
P02956,2025-02-05,132.77
P02956,2025-02-06,122.35
P02956,2025-02-07,108.52
P02957,2025-02-01,226.8
P02957,2025-02-02,214.42
P02957,2025-02-03,182.28
P02957,2025-02-04,159.94
P02957,2025-02-05,144.06
P02957,2025-02-06,134.97
P02957,2025-02-07,119.0
P02958,2025-02-01,167.44
P02958,2025-02-02,142.82
P02958,2025-02-03,139.19
P02958,2025-02-04,136.46
P02958,2025-02-05,118.61
P02958,2025-02-06,118.11
P02958,2025-02-07,102.51
P02959,2025-02-01,79.8
P02959,2025-02-02,72.74
P02959,2025-02-03,75.52
P02959,2025-02-04,72.83
P02959,2025-02-05,72.86
P02959,2025-02-06,68.2
P02959,2025-02-07,70.88
P02960,2025-02-01,254.19
P02960,2025-02-02,236.58
P02960,2025-02-03,226.26
P02960,2025-02-04,221.61
P02960,2025-02-05,206.36
P02960,2025-02-06,198.78
P02960,2025-02-07,189.76
P02961,2025-02-01,63.71
P02961,2025-02-02,56.9
P02961,2025-02-03,50.24
P02961,2025-02-04,47.63
P02961,2025-02-05,45.09
P02961,2025-02-06,39.05
P02961,2025-02-07,37.89
P02962,2025-02-01,43.28
P02962,2025-02-02,43.46
P02962,2025-02-03,38.09
P02962,2025-02-04,37.34
P02962,2025-02-05,36.78
P02962,2025-02-06,31.47
P02962,2025-02-07,32.79
P02963,2025-02-01,166.87
P02963,2025-02-02,165.05
P02963,2025-02-03,172.11
P02963,2025-02-04,164.7
P02963,2025-02-05,155.65
P02963,2025-02-06,149.26
P02963,2025-02-07,137.39
P02964,2025-02-01,216.99
P02964,2025-02-02,220.92
P02964,2025-02-03,229.14
P02964,2025-02-04,237.88
P02964,2025-02-05,234.78
P02964,2025-02-06,241.83
P02964,2025-02-07,239.33
P02965,2025-02-01,65.25
P02965,2025-02-02,59.49
P02965,2025-02-03,51.94
P02965,2025-02-04,45.1
P02965,2025-02-05,45.28
P02965,2025-02-06,41.47
P02965,2025-02-07,36.81
P02966,2025-02-01,249.26
P02966,2025-02-02,259.42
P02966,2025-02-03,255.38
P02966,2025-02-04,257.2
P02966,2025-02-05,251.38
P02966,2025-02-06,222.81
P02966,2025-02-07,194.94
P02967,2025-02-01,228.03
P02967,2025-02-02,195.91
P02967,2025-02-03,171.27
P02967,2025-02-04,147.95
P02967,2025-02-05,150.68
P02967,2025-02-06,151.42
P02967,2025-02-07,143.43
P02968,2025-02-01,169.77
P02968,2025-02-02,157.14
P02968,2025-02-03,164.78
P02968,2025-02-04,158.62
P02968,2025-02-05,149.3
P02968,2025-02-06,154.43
P02968,2025-02-07,146.09
P02969,2025-02-01,162.4
P02969,2025-02-02,161.13
P02969,2025-02-03,137.0
P02969,2025-02-04,127.98
P02969,2025-02-05,123.15
P02969,2025-02-06,114.42
P02969,2025-02-07,104.33
P02970,2025-02-01,147.3
P02970,2025-02-02,144.81
P02970,2025-02-03,135.69
P02970,2025-02-04,126.22
P02970,2025-02-05,121.74
P02970,2025-02-06,117.92
P02970,2025-02-07,122.01
P02971,2025-02-01,202.31
P02971,2025-02-02,207.76
P02971,2025-02-03,180.3
P02971,2025-02-04,182.69
P02971,2025-02-05,169.38
P02971,2025-02-06,155.75
P02971,2025-02-07,153.9
P02972,2025-02-01,175.77
P02972,2025-02-02,150.59
P02972,2025-02-03,153.84
P02972,2025-02-04,131.78
P02972,2025-02-05,122.73
P02972,2025-02-06,112.99
P02972,2025-02-07,111.84
P02973,2025-02-01,218.92
P02973,2025-02-02,206.67
P02973,2025-02-03,177.23
P02973,2025-02-04,176.84
P02973,2025-02-05,184.8
P02973,2025-02-06,177.96
P02973,2025-02-07,173.21
P02974,2025-02-01,180.08
P02974,2025-02-02,187.75
P02974,2025-02-03,176.16
P02974,2025-02-04,153.61
P02974,2025-02-05,150.08
P02974,2025-02-06,147.08
P02974,2025-02-07,129.06
P02975,2025-02-01,254.76
P02975,2025-02-02,252.01
P02975,2025-02-03,225.44
P02975,2025-02-04,200.91
P02975,2025-02-05,198.69
P02975,2025-02-06,192.47
P02975,2025-02-07,191.28
P02976,2025-02-01,161.46
P02976,2025-02-02,143.03
P02976,2025-02-03,131.58
P02976,2025-02-04,116.09
P02976,2025-02-05,102.42
P02976,2025-02-06,95.53
P02976,2025-02-07,85.14
P02977,2025-02-01,190.3
P02977,2025-02-02,173.16
P02977,2025-02-03,181.38
P02977,2025-02-04,185.13
P02977,2025-02-05,180.1
P02977,2025-02-06,186.09
P02977,2025-02-07,181.28
P02978,2025-02-01,178.9
P02978,2025-02-02,172.09
P02978,2025-02-03,165.89
P02978,2025-02-04,152.13
P02978,2025-02-05,141.28
P02978,2025-02-06,146.16
P02978,2025-02-07,136.34
P02979,2025-02-01,76.53
P02979,2025-02-02,71.7
P02979,2025-02-03,65.23
P02979,2025-02-04,59.76
P02979,2025-02-05,53.92
P02979,2025-02-06,55.55
P02979,2025-02-07,57.48
P02980,2025-02-01,151.9
P02980,2025-02-02,151.76
P02980,2025-02-03,138.33
P02980,2025-02-04,124.7
P02980,2025-02-05,107.82
P02980,2025-02-06,110.98
P02980,2025-02-07,107.92
P02981,2025-02-01,123.96
P02981,2025-02-02,115.17
P02981,2025-02-03,119.27
P02981,2025-02-04,115.43
P02981,2025-02-05,115.5
P02981,2025-02-06,103.78
P02981,2025-02-07,102.86
P02982,2025-02-01,170.98
P02982,2025-02-02,174.66
P02982,2025-02-03,158.09
P02982,2025-02-04,148.63
P02982,2025-02-05,133.07
P02982,2025-02-06,136.55
P02982,2025-02-07,140.02
P02983,2025-02-01,118.52
P02983,2025-02-02,106.99
P02983,2025-02-03,102.19
P02983,2025-02-04,100.68
P02983,2025-02-05,98.82
P02983,2025-02-06,95.09
P02983,2025-02-07,83.61
P02984,2025-02-01,125.1
P02984,2025-02-02,107.53
P02984,2025-02-03,98.46
P02984,2025-02-04,91.96
P02984,2025-02-05,89.3
P02984,2025-02-06,84.42
P02984,2025-02-07,87.55
P02985,2025-02-01,44.59
P02985,2025-02-02,46.72
P02985,2025-02-03,45.96
P02985,2025-02-04,43.97
P02985,2025-02-05,44.15
P02985,2025-02-06,42.14
P02985,2025-02-07,43.05
P02986,2025-02-01,201.75
P02986,2025-02-02,182.37
P02986,2025-02-03,164.1
P02986,2025-02-04,142.89
P02986,2025-02-05,121.68
P02986,2025-02-06,125.19
P02986,2025-02-07,120.71
P02987,2025-02-01,221.51
P02987,2025-02-02,194.0
P02987,2025-02-03,191.72
P02987,2025-02-04,167.38
P02987,2025-02-05,158.3
P02987,2025-02-06,135.93
P02987,2025-02-07,124.43
P02988,2025-02-01,87.01
P02988,2025-02-02,89.61
P02988,2025-02-03,85.46
P02988,2025-02-04,75.93
P02988,2025-02-05,74.11
P02988,2025-02-06,74.62
P02988,2025-02-07,68.96
P02989,2025-02-01,180.11
P02989,2025-02-02,170.12
P02989,2025-02-03,164.53
P02989,2025-02-04,168.12
P02989,2025-02-05,147.13
P02989,2025-02-06,132.25
P02989,2025-02-07,113.55
P02990,2025-02-01,32.03
P02990,2025-02-02,29.01
P02990,2025-02-03,27.17
P02990,2025-02-04,24.75
P02990,2025-02-05,25.64
P02990,2025-02-06,22.55
P02990,2025-02-07,21.92
P02991,2025-02-01,168.34
P02991,2025-02-02,162.16
P02991,2025-02-03,164.53
P02991,2025-02-04,144.5
P02991,2025-02-05,144.13
P02991,2025-02-06,132.77
P02991,2025-02-07,116.48
P02992,2025-02-01,226.91
P02992,2025-02-02,198.08
P02992,2025-02-03,197.44
P02992,2025-02-04,186.05
P02992,2025-02-05,190.09
P02992,2025-02-06,194.44
P02992,2025-02-07,185.84
P02993,2025-02-01,193.82
P02993,2025-02-02,187.81
P02993,2025-02-03,166.79
P02993,2025-02-04,161.2
P02993,2025-02-05,157.27
P02993,2025-02-06,160.09
P02993,2025-02-07,166.94
P02994,2025-02-01,243.37
P02994,2025-02-02,233.9
P02994,2025-02-03,218.94
P02994,2025-02-04,221.4
P02994,2025-02-05,229.05
P02994,2025-02-06,222.61
P02994,2025-02-07,231.26
P02995,2025-02-01,256.76
P02995,2025-02-02,231.65
P02995,2025-02-03,213.6
P02995,2025-02-04,194.31
P02995,2025-02-05,175.24
P02995,2025-02-06,160.42
P02995,2025-02-07,148.8
P02996,2025-02-01,218.67
P02996,2025-02-02,189.57
P02996,2025-02-03,169.58
P02996,2025-02-04,162.53
P02996,2025-02-05,150.21
P02996,2025-02-06,154.27
P02996,2025-02-07,140.28
P02997,2025-02-01,87.41
P02997,2025-02-02,77.51
P02997,2025-02-03,78.73
P02997,2025-02-04,69.4
P02997,2025-02-05,68.3
P02997,2025-02-06,59.91
P02997,2025-02-07,61.2
P02998,2025-02-01,77.31
P02998,2025-02-02,68.73
P02998,2025-02-03,64.71
P02998,2025-02-04,57.37
P02998,2025-02-05,53.43
P02998,2025-02-06,52.43
P02998,2025-02-07,44.76
P02999,2025-02-01,190.96
P02999,2025-02-02,171.18
P02999,2025-02-03,160.94
P02999,2025-02-04,155.45
P02999,2025-02-05,147.82
P02999,2025-02-06,146.14
P02999,2025-02-07,147.63
P03000,2025-02-01,83.36
P03000,2025-02-02,77.46
P03000,2025-02-03,78.57
P03000,2025-02-04,79.85
P03000,2025-02-05,68.39
P03000,2025-02-06,68.96
P03000,2025-02-07,72.25
P03001,2025-02-01,119.78
P03001,2025-02-02,117.41
P03001,2025-02-03,116.49
P03001,2025-02-04,119.92
P03001,2025-02-05,115.58
P03001,2025-02-06,104.73
P03001,2025-02-07,104.8
P03002,2025-02-01,254.52
P03002,2025-02-02,265.17
P03002,2025-02-03,233.51
P03002,2025-02-04,236.07
P03002,2025-02-05,204.89
P03002,2025-02-06,201.31
P03002,2025-02-07,190.73
P03003,2025-02-01,115.69
P03003,2025-02-02,118.91
P03003,2025-02-03,102.61
P03003,2025-02-04,92.63
P03003,2025-02-05,97.14
P03003,2025-02-06,88.44
P03003,2025-02-07,90.06
P03004,2025-02-01,143.15
P03004,2025-02-02,123.35
P03004,2025-02-03,110.48
P03004,2025-02-04,111.45
P03004,2025-02-05,113.34
P03004,2025-02-06,117.81
P03004,2025-02-07,103.99
P03005,2025-02-01,80.27
P03005,2025-02-02,81.31
P03005,2025-02-03,79.03
P03005,2025-02-04,71.61
P03005,2025-02-05,66.47
P03005,2025-02-06,58.91
P03005,2025-02-07,58.93
P03006,2025-02-01,148.23
P03006,2025-02-02,147.63
P03006,2025-02-03,147.74
P03006,2025-02-04,148.0
P03006,2025-02-05,131.69
P03006,2025-02-06,115.45
P03006,2025-02-07,121.08
P03007,2025-02-01,232.29
P03007,2025-02-02,226.42
P03007,2025-02-03,203.04
P03007,2025-02-04,178.12
P03007,2025-02-05,156.19
P03007,2025-02-06,145.3
P03007,2025-02-07,152.32
P03008,2025-02-01,240.69
P03008,2025-02-02,214.96
P03008,2025-02-03,220.46
P03008,2025-02-04,197.52
P03008,2025-02-05,176.56
P03008,2025-02-06,159.03
P03008,2025-02-07,150.07
P03009,2025-02-01,122.98
P03009,2025-02-02,106.2
P03009,2025-02-03,104.97
P03009,2025-02-04,103.3
P03009,2025-02-05,96.64
P03009,2025-02-06,90.96
P03009,2025-02-07,94.29
P03010,2025-02-01,42.37
P03010,2025-02-02,36.11
P03010,2025-02-03,36.87
P03010,2025-02-04,32.39
P03010,2025-02-05,30.63
P03010,2025-02-06,29.77
P03010,2025-02-07,29.78
P03011,2025-02-01,114.22
P03011,2025-02-02,104.29
P03011,2025-02-03,107.39
P03011,2025-02-04,92.5
P03011,2025-02-05,83.77
P03011,2025-02-06,77.41
P03011,2025-02-07,66.67
P03012,2025-02-01,201.83
P03012,2025-02-02,209.56
P03012,2025-02-03,185.38
P03012,2025-02-04,166.13
P03012,2025-02-05,160.54
P03012,2025-02-06,161.17
P03012,2025-02-07,163.3
P03013,2025-02-01,239.81
P03013,2025-02-02,212.02
P03013,2025-02-03,181.45
P03013,2025-02-04,164.06
P03013,2025-02-05,169.57
P03013,2025-02-06,171.01
P03013,2025-02-07,146.95
P03014,2025-02-01,96.73
P03014,2025-02-02,92.67
P03014,2025-02-03,87.27
P03014,2025-02-04,90.7
P03014,2025-02-05,91.6
P03014,2025-02-06,92.69
P03014,2025-02-07,93.56
P03015,2025-02-01,154.07
P03015,2025-02-02,159.22
P03015,2025-02-03,135.86
P03015,2025-02-04,127.82
P03015,2025-02-05,112.82
P03015,2025-02-06,99.58
P03015,2025-02-07,100.52
P03016,2025-02-01,244.72
P03016,2025-02-02,222.34
P03016,2025-02-03,228.17
P03016,2025-02-04,196.61
P03016,2025-02-05,199.14
P03016,2025-02-06,198.03
P03016,2025-02-07,204.62
P03017,2025-02-01,142.47
P03017,2025-02-02,128.48
P03017,2025-02-03,131.9
P03017,2025-02-04,124.32
P03017,2025-02-05,124.97
P03017,2025-02-06,108.76
P03017,2025-02-07,112.4
P03018,2025-02-01,16.7
P03018,2025-02-02,16.34
P03018,2025-02-03,16.15
P03018,2025-02-04,14.76
P03018,2025-02-05,13.31
P03018,2025-02-06,11.6
P03018,2025-02-07,11.69
P03019,2025-02-01,157.61
P03019,2025-02-02,152.9
P03019,2025-02-03,156.33
P03019,2025-02-04,161.82
P03019,2025-02-05,139.17
P03019,2025-02-06,128.31
P03019,2025-02-07,122.96
P03020,2025-02-01,25.79
P03020,2025-02-02,24.69
P03020,2025-02-03,25.53
P03020,2025-02-04,22.49
P03020,2025-02-05,22.16
P03020,2025-02-06,21.62
P03020,2025-02-07,19.84
P03021,2025-02-01,87.08
P03021,2025-02-02,89.21
P03021,2025-02-03,76.97
P03021,2025-02-04,67.82
P03021,2025-02-05,65.77
P03021,2025-02-06,66.46
P03021,2025-02-07,64.27
P03022,2025-02-01,69.58
P03022,2025-02-02,68.72
P03022,2025-02-03,63.71
P03022,2025-02-04,63.82
P03022,2025-02-05,57.84
P03022,2025-02-06,52.11
P03022,2025-02-07,49.58
P03023,2025-02-01,192.66
P03023,2025-02-02,192.26
P03023,2025-02-03,199.84
P03023,2025-02-04,189.27
P03023,2025-02-05,184.62
P03023,2025-02-06,173.59
P03023,2025-02-07,174.26
P03024,2025-02-01,136.05
P03024,2025-02-02,117.72
P03024,2025-02-03,104.45
P03024,2025-02-04,91.5
P03024,2025-02-05,79.35
P03024,2025-02-06,68.2
P03024,2025-02-07,65.21
P03025,2025-02-01,183.89
P03025,2025-02-02,191.83
P03025,2025-02-03,164.67
P03025,2025-02-04,162.92
P03025,2025-02-05,170.5
P03025,2025-02-06,163.78
P03025,2025-02-07,165.66
P03026,2025-02-01,167.8
P03026,2025-02-02,167.56
P03026,2025-02-03,144.1
P03026,2025-02-04,148.89
P03026,2025-02-05,155.62
P03026,2025-02-06,134.58
P03026,2025-02-07,137.41
P03027,2025-02-01,201.97
P03027,2025-02-02,206.53
P03027,2025-02-03,195.57
P03027,2025-02-04,193.36
P03027,2025-02-05,195.21
P03027,2025-02-06,202.34
P03027,2025-02-07,196.2
P03028,2025-02-01,75.31
P03028,2025-02-02,69.32
P03028,2025-02-03,67.07
P03028,2025-02-04,65.32
P03028,2025-02-05,58.81
P03028,2025-02-06,54.16
P03028,2025-02-07,52.52
P03029,2025-02-01,81.56
P03029,2025-02-02,81.32
P03029,2025-02-03,83.72
P03029,2025-02-04,72.99
P03029,2025-02-05,63.53
P03029,2025-02-06,56.23
P03029,2025-02-07,57.98
P03030,2025-02-01,162.12
P03030,2025-02-02,168.45
P03030,2025-02-03,168.4
P03030,2025-02-04,151.55
P03030,2025-02-05,145.72
P03030,2025-02-06,129.16
P03030,2025-02-07,110.34
P03031,2025-02-01,199.49
P03031,2025-02-02,203.77
P03031,2025-02-03,179.3
P03031,2025-02-04,156.46
P03031,2025-02-05,138.5
P03031,2025-02-06,136.54
P03031,2025-02-07,134.77
P03032,2025-02-01,252.43
P03032,2025-02-02,227.73
P03032,2025-02-03,233.61
P03032,2025-02-04,216.44
P03032,2025-02-05,225.45
P03032,2025-02-06,232.61
P03032,2025-02-07,232.15
P03033,2025-02-01,32.33
P03033,2025-02-02,27.49
P03033,2025-02-03,26.33
P03033,2025-02-04,23.41
P03033,2025-02-05,24.47
P03033,2025-02-06,22.24
P03033,2025-02-07,20.87
P03034,2025-02-01,213.21
P03034,2025-02-02,219.81
P03034,2025-02-03,187.65
P03034,2025-02-04,178.35
P03034,2025-02-05,170.09
P03034,2025-02-06,161.88
P03034,2025-02-07,156.38
P03035,2025-02-01,157.0
P03035,2025-02-02,143.83
P03035,2025-02-03,130.05
P03035,2025-02-04,111.08
P03035,2025-02-05,98.11
P03035,2025-02-06,100.27
P03035,2025-02-07,97.54
P03036,2025-02-01,194.94
P03036,2025-02-02,180.42
P03036,2025-02-03,171.67
P03036,2025-02-04,157.91
P03036,2025-02-05,153.55
P03036,2025-02-06,157.39
P03036,2025-02-07,139.75
P03037,2025-02-01,237.19
P03037,2025-02-02,233.96
P03037,2025-02-03,222.11
P03037,2025-02-04,216.51
P03037,2025-02-05,223.17
P03037,2025-02-06,207.43
P03037,2025-02-07,202.65
P03038,2025-02-01,116.99
P03038,2025-02-02,104.34
P03038,2025-02-03,108.46
P03038,2025-02-04,105.16
P03038,2025-02-05,96.04
P03038,2025-02-06,86.11
P03038,2025-02-07,76.38
P03039,2025-02-01,124.53
P03039,2025-02-02,128.8
P03039,2025-02-03,121.69
P03039,2025-02-04,122.78
P03039,2025-02-05,108.29
P03039,2025-02-06,99.82
P03039,2025-02-07,87.91
P03040,2025-02-01,188.66
P03040,2025-02-02,176.15
P03040,2025-02-03,180.94
P03040,2025-02-04,166.44
P03040,2025-02-05,144.26
P03040,2025-02-06,145.98
P03040,2025-02-07,127.99
P03041,2025-02-01,100.92
P03041,2025-02-02,98.98
P03041,2025-02-03,95.47
P03041,2025-02-04,98.86
P03041,2025-02-05,87.01
P03041,2025-02-06,78.93
P03041,2025-02-07,68.22
P03042,2025-02-01,226.42
P03042,2025-02-02,234.3
P03042,2025-02-03,243.91
P03042,2025-02-04,244.82
P03042,2025-02-05,218.79
P03042,2025-02-06,192.61
P03042,2025-02-07,175.96
P03043,2025-02-01,150.64
P03043,2025-02-02,150.86
P03043,2025-02-03,149.39
P03043,2025-02-04,139.0
P03043,2025-02-05,130.27
P03043,2025-02-06,122.8
P03043,2025-02-07,122.07
P03044,2025-02-01,17.17
P03044,2025-02-02,15.12
P03044,2025-02-03,14.09
P03044,2025-02-04,14.31
P03044,2025-02-05,14.23
P03044,2025-02-06,13.99
P03044,2025-02-07,14.56
P03045,2025-02-01,229.85
P03045,2025-02-02,197.34
P03045,2025-02-03,182.62
P03045,2025-02-04,167.47
P03045,2025-02-05,151.03
P03045,2025-02-06,143.91
P03045,2025-02-07,140.93
P03046,2025-02-01,199.71
P03046,2025-02-02,191.77
P03046,2025-02-03,166.73
P03046,2025-02-04,148.55
P03046,2025-02-05,129.45
P03046,2025-02-06,126.98
P03046,2025-02-07,127.24
P03047,2025-02-01,65.16
P03047,2025-02-02,55.91
P03047,2025-02-03,50.57
P03047,2025-02-04,48.39
P03047,2025-02-05,49.37
P03047,2025-02-06,48.92
P03047,2025-02-07,43.12
P03048,2025-02-01,240.37
P03048,2025-02-02,243.68
P03048,2025-02-03,211.21
P03048,2025-02-04,215.46
P03048,2025-02-05,187.21
P03048,2025-02-06,190.16
P03048,2025-02-07,191.38
P03049,2025-02-01,99.06
P03049,2025-02-02,91.57
P03049,2025-02-03,83.26
P03049,2025-02-04,81.81
P03049,2025-02-05,83.99
P03049,2025-02-06,83.34
P03049,2025-02-07,79.81
P03050,2025-02-01,35.15
P03050,2025-02-02,35.99
P03050,2025-02-03,34.5
P03050,2025-02-04,33.02
P03050,2025-02-05,34.61
P03050,2025-02-06,31.48
P03050,2025-02-07,26.81
P03051,2025-02-01,226.74
P03051,2025-02-02,227.36
P03051,2025-02-03,198.25
P03051,2025-02-04,181.47
P03051,2025-02-05,174.44
P03051,2025-02-06,150.31
P03051,2025-02-07,137.06
P03052,2025-02-01,233.42
P03052,2025-02-02,212.67
P03052,2025-02-03,186.45
P03052,2025-02-04,189.69
P03052,2025-02-05,161.27
P03052,2025-02-06,162.71
P03052,2025-02-07,144.08
P03053,2025-02-01,201.95
P03053,2025-02-02,209.14
P03053,2025-02-03,216.07
P03053,2025-02-04,205.17
P03053,2025-02-05,200.59
P03053,2025-02-06,189.78
P03053,2025-02-07,192.89
P03054,2025-02-01,208.1
P03054,2025-02-02,198.56
P03054,2025-02-03,199.59
P03054,2025-02-04,207.96
P03054,2025-02-05,203.29
P03054,2025-02-06,184.25
P03054,2025-02-07,188.68
P03055,2025-02-01,82.17
P03055,2025-02-02,82.15
P03055,2025-02-03,82.56
P03055,2025-02-04,72.14
P03055,2025-02-05,67.6
P03055,2025-02-06,59.21
P03055,2025-02-07,53.84
P03056,2025-02-01,99.17
P03056,2025-02-02,87.87
P03056,2025-02-03,85.42
P03056,2025-02-04,84.82
P03056,2025-02-05,79.5
P03056,2025-02-06,69.88
P03056,2025-02-07,60.45
P03057,2025-02-01,112.15
P03057,2025-02-02,99.43
P03057,2025-02-03,90.59
P03057,2025-02-04,78.16
P03057,2025-02-05,70.88
P03057,2025-02-06,68.92
P03057,2025-02-07,65.91
P03058,2025-02-01,126.35
P03058,2025-02-02,127.51
P03058,2025-02-03,111.26
P03058,2025-02-04,110.88
P03058,2025-02-05,115.04
P03058,2025-02-06,118.88
P03058,2025-02-07,114.56
P03059,2025-02-01,92.65
P03059,2025-02-02,94.72
P03059,2025-02-03,96.91
P03059,2025-02-04,84.12
P03059,2025-02-05,86.02
P03059,2025-02-06,80.8
P03059,2025-02-07,82.02
P03060,2025-02-01,160.69
P03060,2025-02-02,149.64
P03060,2025-02-03,145.43
P03060,2025-02-04,152.03
P03060,2025-02-05,137.67
P03060,2025-02-06,136.04
P03060,2025-02-07,118.26
P03061,2025-02-01,91.29
P03061,2025-02-02,80.53
P03061,2025-02-03,79.7
P03061,2025-02-04,69.51
P03061,2025-02-05,66.72
P03061,2025-02-06,57.47
P03061,2025-02-07,58.91
P03062,2025-02-01,205.47
P03062,2025-02-02,192.0
P03062,2025-02-03,164.0
P03062,2025-02-04,161.97
P03062,2025-02-05,143.12
P03062,2025-02-06,121.71
P03062,2025-02-07,103.58
P03063,2025-02-01,193.51
P03063,2025-02-02,200.72
P03063,2025-02-03,200.64
P03063,2025-02-04,192.18
P03063,2025-02-05,170.79
P03063,2025-02-06,158.7
P03063,2025-02-07,162.6
P03064,2025-02-01,230.43
P03064,2025-02-02,196.04
P03064,2025-02-03,191.41
P03064,2025-02-04,175.2
P03064,2025-02-05,155.21
P03064,2025-02-06,139.51
P03064,2025-02-07,133.36
P03065,2025-02-01,151.22
P03065,2025-02-02,135.64
P03065,2025-02-03,134.55
P03065,2025-02-04,139.54
P03065,2025-02-05,134.05
P03065,2025-02-06,118.28
P03065,2025-02-07,110.42
P03066,2025-02-01,191.39
P03066,2025-02-02,193.7
P03066,2025-02-03,171.27
P03066,2025-02-04,172.24
P03066,2025-02-05,172.84
P03066,2025-02-06,149.07
P03066,2025-02-07,140.16
P03067,2025-02-01,242.86
P03067,2025-02-02,232.37
P03067,2025-02-03,217.6
P03067,2025-02-04,220.76
P03067,2025-02-05,221.04
P03067,2025-02-06,229.15
P03067,2025-02-07,234.09
P03068,2025-02-01,45.19
P03068,2025-02-02,40.01
P03068,2025-02-03,38.46
P03068,2025-02-04,39.53
P03068,2025-02-05,40.57
P03068,2025-02-06,38.55
P03068,2025-02-07,39.65
P03069,2025-02-01,64.23
P03069,2025-02-02,63.24
P03069,2025-02-03,64.92
P03069,2025-02-04,57.83
P03069,2025-02-05,58.58
P03069,2025-02-06,54.57
P03069,2025-02-07,54.54
P03070,2025-02-01,207.3
P03070,2025-02-02,197.17
P03070,2025-02-03,192.64
P03070,2025-02-04,197.77
P03070,2025-02-05,206.21
P03070,2025-02-06,212.93
P03070,2025-02-07,212.93
P03071,2025-02-01,200.29
P03071,2025-02-02,201.01
P03071,2025-02-03,177.98
P03071,2025-02-04,167.47
P03071,2025-02-05,150.65
P03071,2025-02-06,144.69
P03071,2025-02-07,150.92
P03072,2025-02-01,90.14
P03072,2025-02-02,78.58
P03072,2025-02-03,82.09
P03072,2025-02-04,72.89
P03072,2025-02-05,71.63
P03072,2025-02-06,72.22
P03072,2025-02-07,64.29
P03073,2025-02-01,72.1
P03073,2025-02-02,64.54
P03073,2025-02-03,62.72
P03073,2025-02-04,54.56
P03073,2025-02-05,52.27
P03073,2025-02-06,49.74
P03073,2025-02-07,51.94
P03074,2025-02-01,228.22
P03074,2025-02-02,209.93
P03074,2025-02-03,186.28
P03074,2025-02-04,185.8
P03074,2025-02-05,184.99
P03074,2025-02-06,159.58
P03074,2025-02-07,150.86
P03075,2025-02-01,144.52
P03075,2025-02-02,143.31
P03075,2025-02-03,143.72
P03075,2025-02-04,149.21
P03075,2025-02-05,127.42
P03075,2025-02-06,132.58
P03075,2025-02-07,125.48
P03076,2025-02-01,165.91
P03076,2025-02-02,153.82
P03076,2025-02-03,150.76
P03076,2025-02-04,140.88
P03076,2025-02-05,137.47
P03076,2025-02-06,127.03
P03076,2025-02-07,122.76
P03077,2025-02-01,225.13
P03077,2025-02-02,191.64
P03077,2025-02-03,197.35
P03077,2025-02-04,188.99
P03077,2025-02-05,164.44
P03077,2025-02-06,161.29
P03077,2025-02-07,145.69
P03078,2025-02-01,40.26
P03078,2025-02-02,40.42
P03078,2025-02-03,39.38
P03078,2025-02-04,37.15
P03078,2025-02-05,34.88
P03078,2025-02-06,32.51
P03078,2025-02-07,30.63
P03079,2025-02-01,90.14
P03079,2025-02-02,85.69
P03079,2025-02-03,74.73
P03079,2025-02-04,78.02
P03079,2025-02-05,72.86
P03079,2025-02-06,74.36
P03079,2025-02-07,72.77
P03080,2025-02-01,94.17
P03080,2025-02-02,90.23
P03080,2025-02-03,82.09
P03080,2025-02-04,80.62
P03080,2025-02-05,71.4
P03080,2025-02-06,70.34
P03080,2025-02-07,73.73
P03081,2025-02-01,124.73
P03081,2025-02-02,126.52
P03081,2025-02-03,111.35
P03081,2025-02-04,103.35
P03081,2025-02-05,95.47
P03081,2025-02-06,99.35
P03081,2025-02-07,92.38
P03082,2025-02-01,92.3
P03082,2025-02-02,85.55
P03082,2025-02-03,75.64
P03082,2025-02-04,77.45
P03082,2025-02-05,74.74
P03082,2025-02-06,64.94
P03082,2025-02-07,59.4
P03083,2025-02-01,212.03
P03083,2025-02-02,188.88
P03083,2025-02-03,183.85
P03083,2025-02-04,178.08
P03083,2025-02-05,183.11
P03083,2025-02-06,161.59
P03083,2025-02-07,147.89
P03084,2025-02-01,241.42
P03084,2025-02-02,234.29
P03084,2025-02-03,230.6
P03084,2025-02-04,224.99
P03084,2025-02-05,191.65
P03084,2025-02-06,179.93
P03084,2025-02-07,163.66
P03085,2025-02-01,40.4
P03085,2025-02-02,35.44
P03085,2025-02-03,36.23
P03085,2025-02-04,30.96
P03085,2025-02-05,27.98
P03085,2025-02-06,26.44
P03085,2025-02-07,26.52
P03086,2025-02-01,141.73
P03086,2025-02-02,132.15
P03086,2025-02-03,127.93
P03086,2025-02-04,134.25
P03086,2025-02-05,115.8
P03086,2025-02-06,108.57
P03086,2025-02-07,105.72
P03087,2025-02-01,97.16
P03087,2025-02-02,92.0
P03087,2025-02-03,88.55
P03087,2025-02-04,85.07
P03087,2025-02-05,82.44
P03087,2025-02-06,75.14
P03087,2025-02-07,74.08
P03088,2025-02-01,49.06
P03088,2025-02-02,44.2
P03088,2025-02-03,40.68
P03088,2025-02-04,39.6
P03088,2025-02-05,38.18
P03088,2025-02-06,35.55
P03088,2025-02-07,30.75
P03089,2025-02-01,154.1
P03089,2025-02-02,146.67
P03089,2025-02-03,148.22
P03089,2025-02-04,149.76
P03089,2025-02-05,152.66
P03089,2025-02-06,133.2
P03089,2025-02-07,125.53
P03090,2025-02-01,185.29
P03090,2025-02-02,168.21
P03090,2025-02-03,158.4
P03090,2025-02-04,164.54
P03090,2025-02-05,151.16
P03090,2025-02-06,140.54
P03090,2025-02-07,135.8
P03091,2025-02-01,188.18
P03091,2025-02-02,190.38
P03091,2025-02-03,165.89
P03091,2025-02-04,153.64
P03091,2025-02-05,154.45
P03091,2025-02-06,147.77
P03091,2025-02-07,133.44
P03092,2025-02-01,196.41
P03092,2025-02-02,179.36
P03092,2025-02-03,180.88
P03092,2025-02-04,159.78
P03092,2025-02-05,156.27
P03092,2025-02-06,158.03
P03092,2025-02-07,162.01
P03093,2025-02-01,80.28
P03093,2025-02-02,73.48
P03093,2025-02-03,64.97
P03093,2025-02-04,66.08
P03093,2025-02-05,69.21
P03093,2025-02-06,61.1
P03093,2025-02-07,53.64
P03094,2025-02-01,211.05
P03094,2025-02-02,198.75
P03094,2025-02-03,184.71
P03094,2025-02-04,167.71
P03094,2025-02-05,162.74
P03094,2025-02-06,140.32
P03094,2025-02-07,142.84
P03095,2025-02-01,54.46
P03095,2025-02-02,48.24
P03095,2025-02-03,46.16
P03095,2025-02-04,41.57
P03095,2025-02-05,39.66
P03095,2025-02-06,39.82
P03095,2025-02-07,33.85
P03096,2025-02-01,153.81
P03096,2025-02-02,157.72
P03096,2025-02-03,152.14
P03096,2025-02-04,135.1
P03096,2025-02-05,132.82
P03096,2025-02-06,113.99
P03096,2025-02-07,107.89
P03097,2025-02-01,243.64
P03097,2025-02-02,239.58
P03097,2025-02-03,229.56
P03097,2025-02-04,206.01
P03097,2025-02-05,199.62
P03097,2025-02-06,188.59
P03097,2025-02-07,191.74
P03098,2025-02-01,76.46
P03098,2025-02-02,76.36
P03098,2025-02-03,66.52
P03098,2025-02-04,61.17
P03098,2025-02-05,64.04
P03098,2025-02-06,57.46
P03098,2025-02-07,50.56
P03099,2025-02-01,108.27
P03099,2025-02-02,112.82
P03099,2025-02-03,113.68
P03099,2025-02-04,117.44
P03099,2025-02-05,100.93
P03099,2025-02-06,90.09
P03099,2025-02-07,88.82
P03100,2025-02-01,245.37
P03100,2025-02-02,243.91
P03100,2025-02-03,244.39
P03100,2025-02-04,227.44
P03100,2025-02-05,220.26
P03100,2025-02-06,225.52
P03100,2025-02-07,218.59
P03101,2025-02-01,244.47
P03101,2025-02-02,239.34
P03101,2025-02-03,204.27
P03101,2025-02-04,213.19
P03101,2025-02-05,196.45
P03101,2025-02-06,178.49
P03101,2025-02-07,171.63
P03102,2025-02-01,100.91
P03102,2025-02-02,101.26
P03102,2025-02-03,89.95
P03102,2025-02-04,84.34
P03102,2025-02-05,80.82
P03102,2025-02-06,82.35
P03102,2025-02-07,86.31
P03103,2025-02-01,100.41
P03103,2025-02-02,94.02
P03103,2025-02-03,90.63
P03103,2025-02-04,86.15
P03103,2025-02-05,81.5
P03103,2025-02-06,81.03
P03103,2025-02-07,69.19
P03104,2025-02-01,34.17
P03104,2025-02-02,29.85
P03104,2025-02-03,28.19
P03104,2025-02-04,26.3
P03104,2025-02-05,25.74
P03104,2025-02-06,22.06
P03104,2025-02-07,19.25
P03105,2025-02-01,136.09
P03105,2025-02-02,136.09
P03105,2025-02-03,127.32
P03105,2025-02-04,130.85
P03105,2025-02-05,114.44
P03105,2025-02-06,102.56
P03105,2025-02-07,106.03
P03106,2025-02-01,206.73
P03106,2025-02-02,188.25
P03106,2025-02-03,196.49
P03106,2025-02-04,172.19
P03106,2025-02-05,166.86
P03106,2025-02-06,143.27
P03106,2025-02-07,135.65
P03107,2025-02-01,59.55
P03107,2025-02-02,58.54
P03107,2025-02-03,60.94
P03107,2025-02-04,58.61
P03107,2025-02-05,60.71
P03107,2025-02-06,61.54
P03107,2025-02-07,56.91
P03108,2025-02-01,51.93
P03108,2025-02-02,47.27
P03108,2025-02-03,40.54
P03108,2025-02-04,35.61
P03108,2025-02-05,35.81
P03108,2025-02-06,31.28
P03108,2025-02-07,32.28
P03109,2025-02-01,130.63
P03109,2025-02-02,127.01
P03109,2025-02-03,119.04
P03109,2025-02-04,112.56
P03109,2025-02-05,102.78
P03109,2025-02-06,96.11
P03109,2025-02-07,85.12
P03110,2025-02-01,101.15
P03110,2025-02-02,104.97
P03110,2025-02-03,93.02
P03110,2025-02-04,90.4
P03110,2025-02-05,82.84
P03110,2025-02-06,73.98
P03110,2025-02-07,72.28
P03111,2025-02-01,166.49
P03111,2025-02-02,163.49
P03111,2025-02-03,153.34
P03111,2025-02-04,131.24
P03111,2025-02-05,124.65
P03111,2025-02-06,117.93
P03111,2025-02-07,109.41
P03112,2025-02-01,230.67
P03112,2025-02-02,221.04
P03112,2025-02-03,218.15
P03112,2025-02-04,199.64
P03112,2025-02-05,193.54
P03112,2025-02-06,187.76
P03112,2025-02-07,171.85
P03113,2025-02-01,256.9
P03113,2025-02-02,223.32
P03113,2025-02-03,226.63
P03113,2025-02-04,203.14
P03113,2025-02-05,181.82
P03113,2025-02-06,154.77
P03113,2025-02-07,157.26
P03114,2025-02-01,159.68
P03114,2025-02-02,166.69
P03114,2025-02-03,151.27
P03114,2025-02-04,150.62
P03114,2025-02-05,134.6
P03114,2025-02-06,118.88
P03114,2025-02-07,120.76
P03115,2025-02-01,130.06
P03115,2025-02-02,133.95
P03115,2025-02-03,115.37
P03115,2025-02-04,115.16
P03115,2025-02-05,106.97
P03115,2025-02-06,105.01
P03115,2025-02-07,109.14
P03116,2025-02-01,126.54
P03116,2025-02-02,131.11
P03116,2025-02-03,113.23
P03116,2025-02-04,112.49
P03116,2025-02-05,106.24
P03116,2025-02-06,109.92
P03116,2025-02-07,107.5
P03117,2025-02-01,68.77
P03117,2025-02-02,67.17
P03117,2025-02-03,63.32
P03117,2025-02-04,55.81
P03117,2025-02-05,56.06
P03117,2025-02-06,53.66
P03117,2025-02-07,51.47
P03118,2025-02-01,211.39
P03118,2025-02-02,190.1
P03118,2025-02-03,174.76
P03118,2025-02-04,159.77
P03118,2025-02-05,157.38
P03118,2025-02-06,151.22
P03118,2025-02-07,133.71
P03119,2025-02-01,36.16
P03119,2025-02-02,34.96
P03119,2025-02-03,31.85
P03119,2025-02-04,31.41
P03119,2025-02-05,28.87
P03119,2025-02-06,28.66
P03119,2025-02-07,26.15
P03120,2025-02-01,197.39
P03120,2025-02-02,183.81
P03120,2025-02-03,192.17
P03120,2025-02-04,175.94
P03120,2025-02-05,162.51
P03120,2025-02-06,140.86
P03120,2025-02-07,121.61
P03121,2025-02-01,168.85
P03121,2025-02-02,154.87
P03121,2025-02-03,133.26
P03121,2025-02-04,135.97
P03121,2025-02-05,116.86
P03121,2025-02-06,106.54
P03121,2025-02-07,92.54
P03122,2025-02-01,207.73
P03122,2025-02-02,195.19
P03122,2025-02-03,177.91
P03122,2025-02-04,168.0
P03122,2025-02-05,168.49
P03122,2025-02-06,164.74
P03122,2025-02-07,151.78
P03123,2025-02-01,136.11
P03123,2025-02-02,119.54
P03123,2025-02-03,112.09
P03123,2025-02-04,107.13
P03123,2025-02-05,106.99
P03123,2025-02-06,106.61
P03123,2025-02-07,93.01
P03124,2025-02-01,205.81
P03124,2025-02-02,207.43
P03124,2025-02-03,195.45
P03124,2025-02-04,180.06
P03124,2025-02-05,163.86
P03124,2025-02-06,165.69
P03124,2025-02-07,159.76
P03125,2025-02-01,49.64
P03125,2025-02-02,44.17
P03125,2025-02-03,40.1
P03125,2025-02-04,41.31
P03125,2025-02-05,36.79
P03125,2025-02-06,33.72
P03125,2025-02-07,31.96
P03126,2025-02-01,169.27
P03126,2025-02-02,161.97
P03126,2025-02-03,144.87
P03126,2025-02-04,126.76
P03126,2025-02-05,113.27
P03126,2025-02-06,98.16
P03126,2025-02-07,98.9
P03127,2025-02-01,209.13
P03127,2025-02-02,206.55
P03127,2025-02-03,185.47
P03127,2025-02-04,181.55
P03127,2025-02-05,187.67
P03127,2025-02-06,196.32
P03127,2025-02-07,183.64
P03128,2025-02-01,130.68
P03128,2025-02-02,112.06
P03128,2025-02-03,105.88
P03128,2025-02-04,101.33
P03128,2025-02-05,89.68
P03128,2025-02-06,92.61
P03128,2025-02-07,79.98
P03129,2025-02-01,50.78
P03129,2025-02-02,51.23
P03129,2025-02-03,48.46
P03129,2025-02-04,45.8
P03129,2025-02-05,39.02
P03129,2025-02-06,39.62
P03129,2025-02-07,37.12
P03130,2025-02-01,55.7
P03130,2025-02-02,50.86
P03130,2025-02-03,43.87
P03130,2025-02-04,38.88
P03130,2025-02-05,36.51
P03130,2025-02-06,33.27
P03130,2025-02-07,30.45
P03131,2025-02-01,178.8
P03131,2025-02-02,175.61
P03131,2025-02-03,181.81
P03131,2025-02-04,181.04
P03131,2025-02-05,171.36
P03131,2025-02-06,173.27
P03131,2025-02-07,165.02
P03132,2025-02-01,122.67
P03132,2025-02-02,106.76
P03132,2025-02-03,102.8
P03132,2025-02-04,89.59
P03132,2025-02-05,83.76
P03132,2025-02-06,79.21
P03132,2025-02-07,71.96
P03133,2025-02-01,180.16
P03133,2025-02-02,184.46
P03133,2025-02-03,175.11
P03133,2025-02-04,174.59
P03133,2025-02-05,163.86
P03133,2025-02-06,151.7
P03133,2025-02-07,133.88
P03134,2025-02-01,214.0
P03134,2025-02-02,216.53
P03134,2025-02-03,209.55
P03134,2025-02-04,180.85
P03134,2025-02-05,164.95
P03134,2025-02-06,147.13
P03134,2025-02-07,136.71
P03135,2025-02-01,246.46
P03135,2025-02-02,238.46
P03135,2025-02-03,230.14
P03135,2025-02-04,236.52
P03135,2025-02-05,230.8
P03135,2025-02-06,216.03
P03135,2025-02-07,225.61
P03136,2025-02-01,213.85
P03136,2025-02-02,196.38
P03136,2025-02-03,190.87
P03136,2025-02-04,184.19
P03136,2025-02-05,185.67
P03136,2025-02-06,183.42
P03136,2025-02-07,160.02
P03137,2025-02-01,200.85
P03137,2025-02-02,192.1
P03137,2025-02-03,184.57
P03137,2025-02-04,174.59
P03137,2025-02-05,168.56
P03137,2025-02-06,161.19
P03137,2025-02-07,144.55
P03138,2025-02-01,217.66
P03138,2025-02-02,225.54
P03138,2025-02-03,223.68
P03138,2025-02-04,197.45
P03138,2025-02-05,195.64
P03138,2025-02-06,187.43
P03138,2025-02-07,174.67
P03139,2025-02-01,178.13
P03139,2025-02-02,170.01
P03139,2025-02-03,175.27
P03139,2025-02-04,154.95
P03139,2025-02-05,140.84
P03139,2025-02-06,127.51
P03139,2025-02-07,132.3
P03140,2025-02-01,152.1
P03140,2025-02-02,152.91
P03140,2025-02-03,139.07
P03140,2025-02-04,139.1
P03140,2025-02-05,143.3
P03140,2025-02-06,141.01
P03140,2025-02-07,140.28
P03141,2025-02-01,174.37
P03141,2025-02-02,168.54
P03141,2025-02-03,158.02
P03141,2025-02-04,152.05
P03141,2025-02-05,155.91
P03141,2025-02-06,158.21
P03141,2025-02-07,162.63
P03142,2025-02-01,146.16
P03142,2025-02-02,133.84
P03142,2025-02-03,132.77
P03142,2025-02-04,122.11
P03142,2025-02-05,116.49
P03142,2025-02-06,121.04
P03142,2025-02-07,120.84
P03143,2025-02-01,237.56
P03143,2025-02-02,241.96
P03143,2025-02-03,208.15
P03143,2025-02-04,182.9
P03143,2025-02-05,171.6
P03143,2025-02-06,165.9
P03143,2025-02-07,165.27
P03144,2025-02-01,45.01
P03144,2025-02-02,43.74
P03144,2025-02-03,45.03
P03144,2025-02-04,45.89
P03144,2025-02-05,46.7
P03144,2025-02-06,47.35
P03144,2025-02-07,43.08
P03145,2025-02-01,108.62
P03145,2025-02-02,104.07
P03145,2025-02-03,101.77
P03145,2025-02-04,104.97
P03145,2025-02-05,98.71
P03145,2025-02-06,85.52
P03145,2025-02-07,72.94
P03146,2025-02-01,131.77
P03146,2025-02-02,120.65
P03146,2025-02-03,116.56
P03146,2025-02-04,106.05
P03146,2025-02-05,110.62
P03146,2025-02-06,114.5
P03146,2025-02-07,115.89
P03147,2025-02-01,177.52
P03147,2025-02-02,178.94
P03147,2025-02-03,180.54
P03147,2025-02-04,160.9
P03147,2025-02-05,152.74
P03147,2025-02-06,156.52
P03147,2025-02-07,149.42
P03148,2025-02-01,216.6
P03148,2025-02-02,201.06
P03148,2025-02-03,191.95
P03148,2025-02-04,166.34
P03148,2025-02-05,165.55
P03148,2025-02-06,161.85
P03148,2025-02-07,144.37
P03149,2025-02-01,231.65
P03149,2025-02-02,220.2
P03149,2025-02-03,220.29
P03149,2025-02-04,224.65
P03149,2025-02-05,196.08
P03149,2025-02-06,169.88
P03149,2025-02-07,152.75
P03150,2025-02-01,91.93
P03150,2025-02-02,96.27
P03150,2025-02-03,91.3
P03150,2025-02-04,87.44
P03150,2025-02-05,79.13
P03150,2025-02-06,81.76
P03150,2025-02-07,78.92
P03151,2025-02-01,177.94
P03151,2025-02-02,182.83
P03151,2025-02-03,156.23
P03151,2025-02-04,157.63
P03151,2025-02-05,154.69
P03151,2025-02-06,158.29
P03151,2025-02-07,161.26
P03152,2025-02-01,221.33
P03152,2025-02-02,213.49
P03152,2025-02-03,217.59
P03152,2025-02-04,221.22
P03152,2025-02-05,207.74
P03152,2025-02-06,200.56
P03152,2025-02-07,185.33
P03153,2025-02-01,143.28
P03153,2025-02-02,126.02
P03153,2025-02-03,128.83
P03153,2025-02-04,133.33
P03153,2025-02-05,128.94
P03153,2025-02-06,115.3
P03153,2025-02-07,116.21
P03154,2025-02-01,44.34
P03154,2025-02-02,38.48
P03154,2025-02-03,39.09
P03154,2025-02-04,35.67
P03154,2025-02-05,33.92
P03154,2025-02-06,33.93
P03154,2025-02-07,33.96
P03155,2025-02-01,234.59
P03155,2025-02-02,221.2
P03155,2025-02-03,221.16
P03155,2025-02-04,221.99
P03155,2025-02-05,218.39
P03155,2025-02-06,194.16
P03155,2025-02-07,191.18
P03156,2025-02-01,30.05
P03156,2025-02-02,25.66
P03156,2025-02-03,25.63
P03156,2025-02-04,22.41
P03156,2025-02-05,20.13
P03156,2025-02-06,19.46
P03156,2025-02-07,16.58
P03157,2025-02-01,79.95
P03157,2025-02-02,83.28
P03157,2025-02-03,79.66
P03157,2025-02-04,81.3
P03157,2025-02-05,85.12
P03157,2025-02-06,77.58
P03157,2025-02-07,75.97
P03158,2025-02-01,18.24
P03158,2025-02-02,16.65
P03158,2025-02-03,14.56
P03158,2025-02-04,14.48
P03158,2025-02-05,12.43
P03158,2025-02-06,10.71
P03158,2025-02-07,10.24
P03159,2025-02-01,74.96
P03159,2025-02-02,76.1
P03159,2025-02-03,76.82
P03159,2025-02-04,78.44
P03159,2025-02-05,77.93
P03159,2025-02-06,66.91
P03159,2025-02-07,61.26
P03160,2025-02-01,192.82
P03160,2025-02-02,197.81
P03160,2025-02-03,179.98
P03160,2025-02-04,178.71
P03160,2025-02-05,159.29
P03160,2025-02-06,137.62
P03160,2025-02-07,126.42
P03161,2025-02-01,156.63
P03161,2025-02-02,154.97
P03161,2025-02-03,156.12
P03161,2025-02-04,148.2
P03161,2025-02-05,137.21
P03161,2025-02-06,127.66
P03161,2025-02-07,131.87
P03162,2025-02-01,135.66
P03162,2025-02-02,117.45
P03162,2025-02-03,116.05
P03162,2025-02-04,110.47
P03162,2025-02-05,107.15
P03162,2025-02-06,103.26
P03162,2025-02-07,92.09
P03163,2025-02-01,225.98
P03163,2025-02-02,203.02
P03163,2025-02-03,197.69
P03163,2025-02-04,195.88
P03163,2025-02-05,191.05
P03163,2025-02-06,183.2
P03163,2025-02-07,191.46
P03164,2025-02-01,141.74
P03164,2025-02-02,148.16
P03164,2025-02-03,150.87
P03164,2025-02-04,141.22
P03164,2025-02-05,130.39
P03164,2025-02-06,135.75
P03164,2025-02-07,127.61
P03165,2025-02-01,156.26
P03165,2025-02-02,140.52
P03165,2025-02-03,137.73
P03165,2025-02-04,140.78
P03165,2025-02-05,142.76
P03165,2025-02-06,128.18
P03165,2025-02-07,121.45
P03166,2025-02-01,101.72
P03166,2025-02-02,90.24
P03166,2025-02-03,82.96
P03166,2025-02-04,85.07
P03166,2025-02-05,74.03
P03166,2025-02-06,67.22
P03166,2025-02-07,62.42
P03167,2025-02-01,70.09
P03167,2025-02-02,69.09
P03167,2025-02-03,59.31
P03167,2025-02-04,52.0
P03167,2025-02-05,49.48
P03167,2025-02-06,44.43
P03167,2025-02-07,42.09
P03168,2025-02-01,244.09
P03168,2025-02-02,229.78
P03168,2025-02-03,234.62
P03168,2025-02-04,224.99
P03168,2025-02-05,210.22
P03168,2025-02-06,210.88
P03168,2025-02-07,195.2
P03169,2025-02-01,26.22
P03169,2025-02-02,22.31
P03169,2025-02-03,23.04
P03169,2025-02-04,20.94
P03169,2025-02-05,19.98
P03169,2025-02-06,18.49
P03169,2025-02-07,16.66
P03170,2025-02-01,95.9
P03170,2025-02-02,82.83
P03170,2025-02-03,82.08
P03170,2025-02-04,76.53
P03170,2025-02-05,65.59
P03170,2025-02-06,57.13
P03170,2025-02-07,59.98
P03171,2025-02-01,216.51
P03171,2025-02-02,204.03
P03171,2025-02-03,212.14
P03171,2025-02-04,207.24
P03171,2025-02-05,184.64
P03171,2025-02-06,176.72
P03171,2025-02-07,179.13
P03172,2025-02-01,153.23
P03172,2025-02-02,158.41
P03172,2025-02-03,147.63
P03172,2025-02-04,133.33
P03172,2025-02-05,139.34
P03172,2025-02-06,145.29
P03172,2025-02-07,124.59
P03173,2025-02-01,198.74
P03173,2025-02-02,195.53
P03173,2025-02-03,187.59
P03173,2025-02-04,164.53
P03173,2025-02-05,172.1
P03173,2025-02-06,146.57
P03173,2025-02-07,128.77
P03174,2025-02-01,199.78
P03174,2025-02-02,186.58
P03174,2025-02-03,174.35
P03174,2025-02-04,180.75
P03174,2025-02-05,172.04
P03174,2025-02-06,149.76
P03174,2025-02-07,146.28
P03175,2025-02-01,215.65
P03175,2025-02-02,212.48
P03175,2025-02-03,199.87
P03175,2025-02-04,191.03
P03175,2025-02-05,184.5
P03175,2025-02-06,178.67
P03175,2025-02-07,180.25
P03176,2025-02-01,203.25
P03176,2025-02-02,210.43
P03176,2025-02-03,203.08
P03176,2025-02-04,195.98
P03176,2025-02-05,168.34
P03176,2025-02-06,159.76
P03176,2025-02-07,144.11
P03177,2025-02-01,175.14
P03177,2025-02-02,175.36
P03177,2025-02-03,181.23
P03177,2025-02-04,185.23
P03177,2025-02-05,180.66
P03177,2025-02-06,178.57
P03177,2025-02-07,151.91
P03178,2025-02-01,218.31
P03178,2025-02-02,193.15
P03178,2025-02-03,183.71
P03178,2025-02-04,184.21
P03178,2025-02-05,166.83
P03178,2025-02-06,162.28
P03178,2025-02-07,152.68
P03179,2025-02-01,148.56
P03179,2025-02-02,134.29
P03179,2025-02-03,122.74
P03179,2025-02-04,127.92
P03179,2025-02-05,111.59
P03179,2025-02-06,110.63
P03179,2025-02-07,112.43
P03180,2025-02-01,62.04
P03180,2025-02-02,62.25
P03180,2025-02-03,59.61
P03180,2025-02-04,61.31
P03180,2025-02-05,53.78
P03180,2025-02-06,50.99
P03180,2025-02-07,47.97
P03181,2025-02-01,114.83
P03181,2025-02-02,118.01
P03181,2025-02-03,100.81
P03181,2025-02-04,105.2
P03181,2025-02-05,106.38
P03181,2025-02-06,110.84
P03181,2025-02-07,116.05
P03182,2025-02-01,166.9
P03182,2025-02-02,168.2
P03182,2025-02-03,168.45
P03182,2025-02-04,171.45
P03182,2025-02-05,173.88
P03182,2025-02-06,174.77
P03182,2025-02-07,175.32
P03183,2025-02-01,84.53
P03183,2025-02-02,72.44
P03183,2025-02-03,65.99
P03183,2025-02-04,58.84
P03183,2025-02-05,55.94
P03183,2025-02-06,53.4
P03183,2025-02-07,46.08
P03184,2025-02-01,87.36
P03184,2025-02-02,82.88
P03184,2025-02-03,79.54
P03184,2025-02-04,74.66
P03184,2025-02-05,74.62
P03184,2025-02-06,77.78
P03184,2025-02-07,69.57
P03185,2025-02-01,48.94
P03185,2025-02-02,43.89
P03185,2025-02-03,40.86
P03185,2025-02-04,40.95
P03185,2025-02-05,38.49
P03185,2025-02-06,39.1
P03185,2025-02-07,33.97
P03186,2025-02-01,134.54
P03186,2025-02-02,133.66
P03186,2025-02-03,129.79
P03186,2025-02-04,126.49
P03186,2025-02-05,110.37
P03186,2025-02-06,114.82
P03186,2025-02-07,102.03
P03187,2025-02-01,139.92
P03187,2025-02-02,142.04
P03187,2025-02-03,145.54
P03187,2025-02-04,151.92
P03187,2025-02-05,134.79
P03187,2025-02-06,118.01
P03187,2025-02-07,103.45
P03188,2025-02-01,151.27
P03188,2025-02-02,136.58
P03188,2025-02-03,120.65
P03188,2025-02-04,103.51
P03188,2025-02-05,93.41
P03188,2025-02-06,91.64
P03188,2025-02-07,81.02
P03189,2025-02-01,185.03
P03189,2025-02-02,189.47
P03189,2025-02-03,194.94
P03189,2025-02-04,189.53
P03189,2025-02-05,188.55
P03189,2025-02-06,173.7
P03189,2025-02-07,163.69
P03190,2025-02-01,131.4
P03190,2025-02-02,111.88
P03190,2025-02-03,112.06
P03190,2025-02-04,96.74
P03190,2025-02-05,83.32
P03190,2025-02-06,82.32
P03190,2025-02-07,81.32
P03191,2025-02-01,214.45
P03191,2025-02-02,218.26
P03191,2025-02-03,197.4
P03191,2025-02-04,190.1
P03191,2025-02-05,167.65
P03191,2025-02-06,154.95
P03191,2025-02-07,155.9
P03192,2025-02-01,151.89
P03192,2025-02-02,154.63
P03192,2025-02-03,151.33
P03192,2025-02-04,130.43
P03192,2025-02-05,123.46
P03192,2025-02-06,120.15
P03192,2025-02-07,104.5
P03193,2025-02-01,11.65
P03193,2025-02-02,11.38
P03193,2025-02-03,10.0
P03193,2025-02-04,10.0
P03193,2025-02-05,9.59
P03193,2025-02-06,9.04
P03193,2025-02-07,8.75
P03194,2025-02-01,47.41
P03194,2025-02-02,47.27
P03194,2025-02-03,44.67
P03194,2025-02-04,44.62
P03194,2025-02-05,46.7
P03194,2025-02-06,47.78
P03194,2025-02-07,46.1
P03195,2025-02-01,101.58
P03195,2025-02-02,90.5
P03195,2025-02-03,80.14
P03195,2025-02-04,69.37
P03195,2025-02-05,65.85
P03195,2025-02-06,59.9
P03195,2025-02-07,52.64
P03196,2025-02-01,40.82
P03196,2025-02-02,37.06
P03196,2025-02-03,33.47
P03196,2025-02-04,34.41
P03196,2025-02-05,33.69
P03196,2025-02-06,30.08
P03196,2025-02-07,28.09
P03197,2025-02-01,101.66
P03197,2025-02-02,88.6
P03197,2025-02-03,89.99
P03197,2025-02-04,77.42
P03197,2025-02-05,68.79
P03197,2025-02-06,63.73
P03197,2025-02-07,59.67
P03198,2025-02-01,113.21
P03198,2025-02-02,111.8
P03198,2025-02-03,99.84
P03198,2025-02-04,94.35
P03198,2025-02-05,83.01
P03198,2025-02-06,77.19
P03198,2025-02-07,76.33
P03199,2025-02-01,152.07
P03199,2025-02-02,134.42
P03199,2025-02-03,139.37
P03199,2025-02-04,122.69
P03199,2025-02-05,105.15
P03199,2025-02-06,101.88
P03199,2025-02-07,102.48
P03200,2025-02-01,126.08
P03200,2025-02-02,113.13
P03200,2025-02-03,116.37
P03200,2025-02-04,108.55
P03200,2025-02-05,95.21
P03200,2025-02-06,91.81
P03200,2025-02-07,81.65
PPSTPM,2026-02-05,100.0
PPSTPM,2026-02-06,108.0
PPSTPM,2026-02-07,98.0
PPSTPM,2026-02-08,97.0
PPSTPM,2026-02-09,97.0
PPSTPM,2026-02-10,106.0
PPSTPM,2026-02-11,197.0
